country,iso2,iso3,year,indicator_code,value
Argentina,AR,ARG,2023,SE.SEC.ENRR,105.574584297051
Argentina,AR,ARG,2022,SE.SEC.ENRR,114.14811706543
Argentina,AR,ARG,2021,SE.SEC.ENRR,115.735778808594
Argentina,AR,ARG,2020,SE.SEC.ENRR,112.376731872559
Argentina,AR,ARG,2019,SE.SEC.ENRR,110.460151672363
Argentina,AR,ARG,2018,SE.SEC.ENRR,109.671241760254
Argentina,AR,ARG,2017,SE.SEC.ENRR,110.377799987793
Argentina,AR,ARG,2016,SE.SEC.ENRR,109.598327636719
Argentina,AR,ARG,2015,SE.SEC.ENRR,107.504867553711
Argentina,AR,ARG,2014,SE.SEC.ENRR,106.038902282715
Argentina,AR,ARG,2013,SE.SEC.ENRR,104.540863037109
Argentina,AR,ARG,2012,SE.SEC.ENRR,102.709991455078
Argentina,AR,ARG,2011,SE.SEC.ENRR,100.884559631348
Argentina,AR,ARG,2010,SE.SEC.ENRR,99.0709991455078
Brazil,BR,BRA,2023,SE.SEC.ENRR,
Brazil,BR,BRA,2022,SE.SEC.ENRR,105.702369689941
Brazil,BR,BRA,2021,SE.SEC.ENRR,106.298461914062
Brazil,BR,BRA,2020,SE.SEC.ENRR,103.882659912109
Brazil,BR,BRA,2019,SE.SEC.ENRR,103.667556762695
Brazil,BR,BRA,2018,SE.SEC.ENRR,104.818481445312
Brazil,BR,BRA,2017,SE.SEC.ENRR,102.989486694336
Brazil,BR,BRA,2016,SE.SEC.ENRR,102.692901611328
Brazil,BR,BRA,2015,SE.SEC.ENRR,101.086227416992
Brazil,BR,BRA,2014,SE.SEC.ENRR,102.780311584473
Brazil,BR,BRA,2013,SE.SEC.ENRR,104.086219787598
Brazil,BR,BRA,2012,SE.SEC.ENRR,94.5829467773438
Brazil,BR,BRA,2011,SE.SEC.ENRR,
Brazil,BR,BRA,2010,SE.SEC.ENRR,
Canada,CA,CAN,2023,SE.SEC.ENRR,104.320877075195
Canada,CA,CAN,2022,SE.SEC.ENRR,107.467987060547
Canada,CA,CAN,2021,SE.SEC.ENRR,108.337341308594
Canada,CA,CAN,2020,SE.SEC.ENRR,109.628059387207
Canada,CA,CAN,2019,SE.SEC.ENRR,110.980072021484
Canada,CA,CAN,2018,SE.SEC.ENRR,111.833679199219
Canada,CA,CAN,2017,SE.SEC.ENRR,111.974517822266
Canada,CA,CAN,2016,SE.SEC.ENRR,111.607330322266
Canada,CA,CAN,2015,SE.SEC.ENRR,111.737281799316
Canada,CA,CAN,2014,SE.SEC.ENRR,111.68155670166
Canada,CA,CAN,2013,SE.SEC.ENRR,111.407608032227
Canada,CA,CAN,2012,SE.SEC.ENRR,110.873832702637
Canada,CA,CAN,2011,SE.SEC.ENRR,102.823951721191
Canada,CA,CAN,2010,SE.SEC.ENRR,102.510261535645
China,CN,CHN,2023,SE.SEC.ENRR,
China,CN,CHN,2022,SE.SEC.ENRR,
China,CN,CHN,2021,SE.SEC.ENRR,
China,CN,CHN,2020,SE.SEC.ENRR,
China,CN,CHN,2019,SE.SEC.ENRR,
China,CN,CHN,2018,SE.SEC.ENRR,
China,CN,CHN,2017,SE.SEC.ENRR,
China,CN,CHN,2016,SE.SEC.ENRR,
China,CN,CHN,2015,SE.SEC.ENRR,
China,CN,CHN,2014,SE.SEC.ENRR,
China,CN,CHN,2013,SE.SEC.ENRR,
China,CN,CHN,2012,SE.SEC.ENRR,92.2603063015232
China,CN,CHN,2011,SE.SEC.ENRR,92.0329425203903
China,CN,CHN,2010,SE.SEC.ENRR,90.7829173331445
Germany,DE,DEU,2023,SE.SEC.ENRR,100.603057861328
Germany,DE,DEU,2022,SE.SEC.ENRR,100.81729888916
Germany,DE,DEU,2021,SE.SEC.ENRR,101.203536987305
Germany,DE,DEU,2020,SE.SEC.ENRR,101.307800292969
Germany,DE,DEU,2019,SE.SEC.ENRR,101.152557373047
Germany,DE,DEU,2018,SE.SEC.ENRR,100.837303161621
Germany,DE,DEU,2017,SE.SEC.ENRR,101.095642089844
Germany,DE,DEU,2016,SE.SEC.ENRR,100.852310180664
Germany,DE,DEU,2015,SE.SEC.ENRR,102.192413330078
Germany,DE,DEU,2014,SE.SEC.ENRR,103.303871154785
Germany,DE,DEU,2013,SE.SEC.ENRR,103.935333251953
Germany,DE,DEU,2012,SE.SEC.ENRR,104.442237854004
Germany,DE,DEU,2011,SE.SEC.ENRR,105.34651184082
Germany,DE,DEU,2010,SE.SEC.ENRR,104.891357421875
Spain,ES,ESP,2023,SE.SEC.ENRR,118.361709594727
Spain,ES,ESP,2022,SE.SEC.ENRR,119.646171569824
Spain,ES,ESP,2021,SE.SEC.ENRR,120.135841369629
Spain,ES,ESP,2020,SE.SEC.ENRR,118.338188171387
Spain,ES,ESP,2019,SE.SEC.ENRR,119.379127502441
Spain,ES,ESP,2018,SE.SEC.ENRR,120.109077453613
Spain,ES,ESP,2017,SE.SEC.ENRR,121.1416015625
Spain,ES,ESP,2016,SE.SEC.ENRR,123.736541748047
Spain,ES,ESP,2015,SE.SEC.ENRR,125.170799255371
Spain,ES,ESP,2014,SE.SEC.ENRR,125.537757873535
Spain,ES,ESP,2013,SE.SEC.ENRR,126.814498901367
Spain,ES,ESP,2012,SE.SEC.ENRR,127.786712646484
Spain,ES,ESP,2011,SE.SEC.ENRR,126.152786254883
Spain,ES,ESP,2010,SE.SEC.ENRR,122.622512817383
France,FR,FRA,2023,SE.SEC.ENRR,103.962417602539
France,FR,FRA,2022,SE.SEC.ENRR,104.316436767578
France,FR,FRA,2021,SE.SEC.ENRR,104.522842407227
France,FR,FRA,2020,SE.SEC.ENRR,104.566566467285
France,FR,FRA,2019,SE.SEC.ENRR,104.07689666748
France,FR,FRA,2018,SE.SEC.ENRR,103.773330688477
France,FR,FRA,2017,SE.SEC.ENRR,103.756080627441
France,FR,FRA,2016,SE.SEC.ENRR,103.308097839355
France,FR,FRA,2015,SE.SEC.ENRR,103.396041870117
France,FR,FRA,2014,SE.SEC.ENRR,103.425827026367
France,FR,FRA,2013,SE.SEC.ENRR,104.376602172852
France,FR,FRA,2012,SE.SEC.ENRR,105.813583374023
France,FR,FRA,2011,SE.SEC.ENRR,106.610641479492
France,FR,FRA,2010,SE.SEC.ENRR,106.424942016602
United Kingdom,GB,GBR,2023,SE.SEC.ENRR,112.120048522949
United Kingdom,GB,GBR,2022,SE.SEC.ENRR,113.202857971191
United Kingdom,GB,GBR,2021,SE.SEC.ENRR,113.719017028809
United Kingdom,GB,GBR,2020,SE.SEC.ENRR,114.617248535156
United Kingdom,GB,GBR,2019,SE.SEC.ENRR,117.156600952148
United Kingdom,GB,GBR,2018,SE.SEC.ENRR,120.088279724121
United Kingdom,GB,GBR,2017,SE.SEC.ENRR,125.62979888916
United Kingdom,GB,GBR,2016,SE.SEC.ENRR,
United Kingdom,GB,GBR,2015,SE.SEC.ENRR,126.110870361328
United Kingdom,GB,GBR,2014,SE.SEC.ENRR,128.822494506836
United Kingdom,GB,GBR,2013,SE.SEC.ENRR,126.064338684082
United Kingdom,GB,GBR,2012,SE.SEC.ENRR,92.5272903442383
United Kingdom,GB,GBR,2011,SE.SEC.ENRR,94.1645202636719
United Kingdom,GB,GBR,2010,SE.SEC.ENRR,103.461151123047
Italy,IT,ITA,2023,SE.SEC.ENRR,100.678756713867
Italy,IT,ITA,2022,SE.SEC.ENRR,101.353858947754
Italy,IT,ITA,2021,SE.SEC.ENRR,101.834869384766
Italy,IT,ITA,2020,SE.SEC.ENRR,101.836128234863
Italy,IT,ITA,2019,SE.SEC.ENRR,101.74178314209
Italy,IT,ITA,2018,SE.SEC.ENRR,101.526412963867
Italy,IT,ITA,2017,SE.SEC.ENRR,101.01001739502
Italy,IT,ITA,2016,SE.SEC.ENRR,100.742958068848
Italy,IT,ITA,2015,SE.SEC.ENRR,101.228088378906
Italy,IT,ITA,2014,SE.SEC.ENRR,101.121726989746
Italy,IT,ITA,2013,SE.SEC.ENRR,100.973121643066
Italy,IT,ITA,2012,SE.SEC.ENRR,100.449836730957
Italy,IT,ITA,2011,SE.SEC.ENRR,101.59642791748
Italy,IT,ITA,2010,SE.SEC.ENRR,101.401161193848
Japan,JP,JPN,2023,SE.SEC.ENRR,101.537071228027
Japan,JP,JPN,2022,SE.SEC.ENRR,101.38200378418
Japan,JP,JPN,2021,SE.SEC.ENRR,101.744400024414
Japan,JP,JPN,2020,SE.SEC.ENRR,101.34056854248
Japan,JP,JPN,2019,SE.SEC.ENRR,100.660270690918
Japan,JP,JPN,2018,SE.SEC.ENRR,100.482200622559
Japan,JP,JPN,2017,SE.SEC.ENRR,100.260749816895
Japan,JP,JPN,2016,SE.SEC.ENRR,101.296928405762
Japan,JP,JPN,2015,SE.SEC.ENRR,101.724517822266
Japan,JP,JPN,2014,SE.SEC.ENRR,101.036422729492
Japan,JP,JPN,2013,SE.SEC.ENRR,101.049438476562
Japan,JP,JPN,2012,SE.SEC.ENRR,
Japan,JP,JPN,2011,SE.SEC.ENRR,
Japan,JP,JPN,2010,SE.SEC.ENRR,
Mexico,MX,MEX,2023,SE.SEC.ENRR,102.055458068848
Mexico,MX,MEX,2022,SE.SEC.ENRR,98.3576583862305
Mexico,MX,MEX,2021,SE.SEC.ENRR,98.3202514648438
Mexico,MX,MEX,2020,SE.SEC.ENRR,102.58154296875
Mexico,MX,MEX,2019,SE.SEC.ENRR,105.515609741211
Mexico,MX,MEX,2018,SE.SEC.ENRR,105.964653015137
Mexico,MX,MEX,2017,SE.SEC.ENRR,105.11018371582
Mexico,MX,MEX,2016,SE.SEC.ENRR,102.871368408203
Mexico,MX,MEX,2015,SE.SEC.ENRR,100.982269287109
Mexico,MX,MEX,2014,SE.SEC.ENRR,97.3196868896484
Mexico,MX,MEX,2013,SE.SEC.ENRR,93.2623062133789
Mexico,MX,MEX,2012,SE.SEC.ENRR,90.6936187744141
Mexico,MX,MEX,2011,SE.SEC.ENRR,88.3800888061523
Mexico,MX,MEX,2010,SE.SEC.ENRR,87.2729263305664
Netherlands,NL,NLD,2023,SE.SEC.ENRR,137.514724731445
Netherlands,NL,NLD,2022,SE.SEC.ENRR,138.767501831055
Netherlands,NL,NLD,2021,SE.SEC.ENRR,135.962173461914
Netherlands,NL,NLD,2020,SE.SEC.ENRR,136.284164428711
Netherlands,NL,NLD,2019,SE.SEC.ENRR,114.804168701172
Netherlands,NL,NLD,2018,SE.SEC.ENRR,114.50032043457
Netherlands,NL,NLD,2017,SE.SEC.ENRR,115.225227355957
Netherlands,NL,NLD,2016,SE.SEC.ENRR,112.994277954102
Netherlands,NL,NLD,2015,SE.SEC.ENRR,114.137916564941
Netherlands,NL,NLD,2014,SE.SEC.ENRR,
Netherlands,NL,NLD,2013,SE.SEC.ENRR,
Netherlands,NL,NLD,2012,SE.SEC.ENRR,111.448249816895
Netherlands,NL,NLD,2011,SE.SEC.ENRR,129.868103027344
Netherlands,NL,NLD,2010,SE.SEC.ENRR,124.569526672363
Poland,PL,POL,2023,SE.SEC.ENRR,108.386131286621
Poland,PL,POL,2022,SE.SEC.ENRR,108.48217010498
Poland,PL,POL,2021,SE.SEC.ENRR,110.52970123291
Poland,PL,POL,2020,SE.SEC.ENRR,112.576263427734
Poland,PL,POL,2019,SE.SEC.ENRR,109.753303527832
Poland,PL,POL,2018,SE.SEC.ENRR,110.541938781738
Poland,PL,POL,2017,SE.SEC.ENRR,109.45922088623
Poland,PL,POL,2016,SE.SEC.ENRR,109.117248535156
Poland,PL,POL,2015,SE.SEC.ENRR,109.41478729248
Poland,PL,POL,2014,SE.SEC.ENRR,110.031021118164
Poland,PL,POL,2013,SE.SEC.ENRR,111.516960144043
Poland,PL,POL,2012,SE.SEC.ENRR,100.56485748291
Poland,PL,POL,2011,SE.SEC.ENRR,100.617851257324
Poland,PL,POL,2010,SE.SEC.ENRR,100.207778930664
Sweden,SE,SWE,2023,SE.SEC.ENRR,134.244293212891
Sweden,SE,SWE,2022,SE.SEC.ENRR,139.406524658203
Sweden,SE,SWE,2021,SE.SEC.ENRR,138.688186645508
Sweden,SE,SWE,2020,SE.SEC.ENRR,136.426132202148
Sweden,SE,SWE,2019,SE.SEC.ENRR,136.641006469727
Sweden,SE,SWE,2018,SE.SEC.ENRR,140.821746826172
Sweden,SE,SWE,2017,SE.SEC.ENRR,142.641586303711
Sweden,SE,SWE,2016,SE.SEC.ENRR,137.561157226562
Sweden,SE,SWE,2015,SE.SEC.ENRR,137.462966918945
Sweden,SE,SWE,2014,SE.SEC.ENRR,133.660247802734
Sweden,SE,SWE,2013,SE.SEC.ENRR,132.713500976562
Sweden,SE,SWE,2012,SE.SEC.ENRR,103.106872558594
Sweden,SE,SWE,2011,SE.SEC.ENRR,102.14037322998
Sweden,SE,SWE,2010,SE.SEC.ENRR,102.25106048584
United States,US,USA,2023,SE.SEC.ENRR,
United States,US,USA,2022,SE.SEC.ENRR,97.4734878540039
United States,US,USA,2021,SE.SEC.ENRR,101.192489624023
United States,US,USA,2020,SE.SEC.ENRR,100.509819030762
United States,US,USA,2019,SE.SEC.ENRR,100.063430786133
United States,US,USA,2018,SE.SEC.ENRR,99.2755813598633
United States,US,USA,2017,SE.SEC.ENRR,98.9523391723633
United States,US,USA,2016,SE.SEC.ENRR,98.7699279785156
United States,US,USA,2015,SE.SEC.ENRR,97.6525497436523
United States,US,USA,2014,SE.SEC.ENRR,96.9245376586914
United States,US,USA,2013,SE.SEC.ENRR,96.1864929199219
United States,US,USA,2012,SE.SEC.ENRR,
United States,US,USA,2011,SE.SEC.ENRR,
United States,US,USA,2010,SE.SEC.ENRR,
Australia,AU,AUS,2023,SE.SEC.ENRR,134.099243164062
Australia,AU,AUS,2022,SE.SEC.ENRR,133.277267456055
Australia,AU,AUS,2021,SE.SEC.ENRR,135.526565551758
Australia,AU,AUS,2020,SE.SEC.ENRR,137.490737915039
Australia,AU,AUS,2019,SE.SEC.ENRR,144.056564331055
Australia,AU,AUS,2018,SE.SEC.ENRR,136.105545043945
Australia,AU,AUS,2017,SE.SEC.ENRR,153.576126098633
Australia,AU,AUS,2016,SE.SEC.ENRR,155.594390869141
Australia,AU,AUS,2015,SE.SEC.ENRR,159.110763549805
Australia,AU,AUS,2014,SE.SEC.ENRR,
Australia,AU,AUS,2013,SE.SEC.ENRR,
Australia,AU,AUS,2012,SE.SEC.ENRR,
Australia,AU,AUS,2011,SE.SEC.ENRR,
Australia,AU,AUS,2010,SE.SEC.ENRR,
Chile,CL,CHL,2023,SE.SEC.ENRR,105.83097076416
Chile,CL,CHL,2022,SE.SEC.ENRR,106.068328857422
Chile,CL,CHL,2021,SE.SEC.ENRR,106.673522949219
Chile,CL,CHL,2020,SE.SEC.ENRR,103.691688537598
Chile,CL,CHL,2019,SE.SEC.ENRR,104.405769348145
Chile,CL,CHL,2018,SE.SEC.ENRR,103.173049926758
Chile,CL,CHL,2017,SE.SEC.ENRR,102.294822692871
Chile,CL,CHL,2016,SE.SEC.ENRR,101.488136291504
Chile,CL,CHL,2015,SE.SEC.ENRR,100.921676635742
Chile,CL,CHL,2014,SE.SEC.ENRR,99.8654403686523
Chile,CL,CHL,2013,SE.SEC.ENRR,99.1520767211914
Chile,CL,CHL,2012,SE.SEC.ENRR,89.5031433105469
Chile,CL,CHL,2011,SE.SEC.ENRR,90.9826202392578
Chile,CL,CHL,2010,SE.SEC.ENRR,90.99951171875
Colombia,CO,COL,2023,SE.SEC.ENRR,
Colombia,CO,COL,2022,SE.SEC.ENRR,101.573776245117
Colombia,CO,COL,2021,SE.SEC.ENRR,102.987998962402
Colombia,CO,COL,2020,SE.SEC.ENRR,101.499450683594
Colombia,CO,COL,2019,SE.SEC.ENRR,101.989349365234
Colombia,CO,COL,2018,SE.SEC.ENRR,100.373336791992
Colombia,CO,COL,2017,SE.SEC.ENRR,99.2193298339844
Colombia,CO,COL,2016,SE.SEC.ENRR,98.4156265258789
Colombia,CO,COL,2015,SE.SEC.ENRR,97.6741180419922
Colombia,CO,COL,2014,SE.SEC.ENRR,97.3632888793945
Colombia,CO,COL,2013,SE.SEC.ENRR,98.1015014648438
Colombia,CO,COL,2012,SE.SEC.ENRR,97.2326889038086
Colombia,CO,COL,2011,SE.SEC.ENRR,101.20581817627
Colombia,CO,COL,2010,SE.SEC.ENRR,99.9543685913086
"Egypt, Arab Rep.",EG,EGY,2023,SE.SEC.ENRR,84.474862198776
"Egypt, Arab Rep.",EG,EGY,2022,SE.SEC.ENRR,
"Egypt, Arab Rep.",EG,EGY,2021,SE.SEC.ENRR,81.8833487066739
"Egypt, Arab Rep.",EG,EGY,2020,SE.SEC.ENRR,79.6544750074231
"Egypt, Arab Rep.",EG,EGY,2019,SE.SEC.ENRR,77.9093978841525
"Egypt, Arab Rep.",EG,EGY,2018,SE.SEC.ENRR,76.9816189396849
"Egypt, Arab Rep.",EG,EGY,2017,SE.SEC.ENRR,76.4337653082262
"Egypt, Arab Rep.",EG,EGY,2016,SE.SEC.ENRR,75.7524086692863
"Egypt, Arab Rep.",EG,EGY,2015,SE.SEC.ENRR,
"Egypt, Arab Rep.",EG,EGY,2014,SE.SEC.ENRR,73.3723421134374
"Egypt, Arab Rep.",EG,EGY,2013,SE.SEC.ENRR,73.8954466194364
"Egypt, Arab Rep.",EG,EGY,2012,SE.SEC.ENRR,73.0182495117188
"Egypt, Arab Rep.",EG,EGY,2011,SE.SEC.ENRR,72.5487594604492
"Egypt, Arab Rep.",EG,EGY,2010,SE.SEC.ENRR,64.7296371459961
Indonesia,ID,IDN,2023,SE.SEC.ENRR,96.0002120295081
Indonesia,ID,IDN,2022,SE.SEC.ENRR,97.8167602714893
Indonesia,ID,IDN,2021,SE.SEC.ENRR,97.8441479813619
Indonesia,ID,IDN,2020,SE.SEC.ENRR,96.9345779132931
Indonesia,ID,IDN,2019,SE.SEC.ENRR,94.9467044891028
Indonesia,ID,IDN,2018,SE.SEC.ENRR,92.8120739600443
Indonesia,ID,IDN,2017,SE.SEC.ENRR,90.9455391241064
Indonesia,ID,IDN,2016,SE.SEC.ENRR,87.8191791728036
Indonesia,ID,IDN,2015,SE.SEC.ENRR,87.8423207929976
Indonesia,ID,IDN,2014,SE.SEC.ENRR,83.5559949258569
Indonesia,ID,IDN,2013,SE.SEC.ENRR,81.8896974781343
Indonesia,ID,IDN,2012,SE.SEC.ENRR,80.0926818847656
Indonesia,ID,IDN,2011,SE.SEC.ENRR,78.1330718994141
Indonesia,ID,IDN,2010,SE.SEC.ENRR,75.6519088745117
India,IN,IND,2023,SE.SEC.ENRR,78.8639591218839
India,IN,IND,2022,SE.SEC.ENRR,81.1778608399708
India,IN,IND,2021,SE.SEC.ENRR,80.6246396728944
India,IN,IND,2020,SE.SEC.ENRR,77.6271548412386
India,IN,IND,2019,SE.SEC.ENRR,75.8716506958008
India,IN,IND,2018,SE.SEC.ENRR,76.0025787353516
India,IN,IND,2017,SE.SEC.ENRR,74.6743774414062
India,IN,IND,2016,SE.SEC.ENRR,75.9372863769531
India,IN,IND,2015,SE.SEC.ENRR,74.6113662719727
India,IN,IND,2014,SE.SEC.ENRR,74.8887023925781
India,IN,IND,2013,SE.SEC.ENRR,69.4771270751953
India,IN,IND,2012,SE.SEC.ENRR,69.8089599609375
India,IN,IND,2011,SE.SEC.ENRR,67.1251678466797
India,IN,IND,2010,SE.SEC.ENRR,64.9475936889648
"Korea, Rep.",KR,KOR,2023,SE.SEC.ENRR,96.2983932495117
"Korea, Rep.",KR,KOR,2022,SE.SEC.ENRR,97.8181304931641
"Korea, Rep.",KR,KOR,2021,SE.SEC.ENRR,98.0692291259766
"Korea, Rep.",KR,KOR,2020,SE.SEC.ENRR,97.0888214111328
"Korea, Rep.",KR,KOR,2019,SE.SEC.ENRR,98.3813018798828
"Korea, Rep.",KR,KOR,2018,SE.SEC.ENRR,99.3186569213867
"Korea, Rep.",KR,KOR,2017,SE.SEC.ENRR,99.105583190918
"Korea, Rep.",KR,KOR,2016,SE.SEC.ENRR,98.7179565429688
"Korea, Rep.",KR,KOR,2015,SE.SEC.ENRR,98.5931930541992
"Korea, Rep.",KR,KOR,2014,SE.SEC.ENRR,98.5806732177734
"Korea, Rep.",KR,KOR,2013,SE.SEC.ENRR,97.8287506103516
"Korea, Rep.",KR,KOR,2012,SE.SEC.ENRR,97.3674163818359
"Korea, Rep.",KR,KOR,2011,SE.SEC.ENRR,97.5294189453125
"Korea, Rep.",KR,KOR,2010,SE.SEC.ENRR,97.2930603027344
Nigeria,NG,NGA,2023,SE.SEC.ENRR,46.8931503295898
Nigeria,NG,NGA,2022,SE.SEC.ENRR,
Nigeria,NG,NGA,2021,SE.SEC.ENRR,45.444938659668
Nigeria,NG,NGA,2020,SE.SEC.ENRR,44.1220893859863
Nigeria,NG,NGA,2019,SE.SEC.ENRR,
Nigeria,NG,NGA,2018,SE.SEC.ENRR,40.4885292053223
Nigeria,NG,NGA,2017,SE.SEC.ENRR,
Nigeria,NG,NGA,2016,SE.SEC.ENRR,39.3068084716797
Nigeria,NG,NGA,2015,SE.SEC.ENRR,43.8246917724609
Nigeria,NG,NGA,2014,SE.SEC.ENRR,42.7821502685547
Nigeria,NG,NGA,2013,SE.SEC.ENRR,52.7967300415039
Nigeria,NG,NGA,2012,SE.SEC.ENRR,44.4557914733887
Nigeria,NG,NGA,2011,SE.SEC.ENRR,43.0239906311035
Nigeria,NG,NGA,2010,SE.SEC.ENRR,41.7837982177734
Russian Federation,RU,RUS,2023,SE.SEC.ENRR,92.4840470838527
Russian Federation,RU,RUS,2022,SE.SEC.ENRR,92.7729443625069
Russian Federation,RU,RUS,2021,SE.SEC.ENRR,92.171155276901
Russian Federation,RU,RUS,2020,SE.SEC.ENRR,91.5812884026933
Russian Federation,RU,RUS,2019,SE.SEC.ENRR,100.471744682473
Russian Federation,RU,RUS,2018,SE.SEC.ENRR,99.1831046517789
Russian Federation,RU,RUS,2017,SE.SEC.ENRR,97.5206298303399
Russian Federation,RU,RUS,2016,SE.SEC.ENRR,95.8434944997854
Russian Federation,RU,RUS,2015,SE.SEC.ENRR,96.3292563031308
Russian Federation,RU,RUS,2014,SE.SEC.ENRR,95.6056322692131
Russian Federation,RU,RUS,2013,SE.SEC.ENRR,95.9993761959632
Russian Federation,RU,RUS,2012,SE.SEC.ENRR,95.5384826756866
Russian Federation,RU,RUS,2011,SE.SEC.ENRR,94.5758904929741
Russian Federation,RU,RUS,2010,SE.SEC.ENRR,
Saudi Arabia,SA,SAU,2023,SE.SEC.ENRR,
Saudi Arabia,SA,SAU,2022,SE.SEC.ENRR,122.158039993668
Saudi Arabia,SA,SAU,2021,SE.SEC.ENRR,104.280975297041
Saudi Arabia,SA,SAU,2020,SE.SEC.ENRR,104.411027399625
Saudi Arabia,SA,SAU,2019,SE.SEC.ENRR,104.048257824894
Saudi Arabia,SA,SAU,2018,SE.SEC.ENRR,106.376211565111
Saudi Arabia,SA,SAU,2017,SE.SEC.ENRR,106.244903966787
Saudi Arabia,SA,SAU,2016,SE.SEC.ENRR,105.491550199825
Saudi Arabia,SA,SAU,2015,SE.SEC.ENRR,102.979200639837
Saudi Arabia,SA,SAU,2014,SE.SEC.ENRR,98.8496091524944
Saudi Arabia,SA,SAU,2013,SE.SEC.ENRR,93.0168905157466
Saudi Arabia,SA,SAU,2012,SE.SEC.ENRR,
Saudi Arabia,SA,SAU,2011,SE.SEC.ENRR,
Saudi Arabia,SA,SAU,2010,SE.SEC.ENRR,
Singapore,SG,SGP,2023,SE.SEC.ENRR,103.082801906213
Singapore,SG,SGP,2022,SE.SEC.ENRR,103.009804103267
Singapore,SG,SGP,2021,SE.SEC.ENRR,102.951274385922
Singapore,SG,SGP,2020,SE.SEC.ENRR,103.115839213946
Singapore,SG,SGP,2019,SE.SEC.ENRR,104.621987875083
Singapore,SG,SGP,2018,SE.SEC.ENRR,105.745250914262
Singapore,SG,SGP,2017,SE.SEC.ENRR,107.472873863465
Singapore,SG,SGP,2016,SE.SEC.ENRR,107.745868589242
Singapore,SG,SGP,2015,SE.SEC.ENRR,
Singapore,SG,SGP,2014,SE.SEC.ENRR,
Singapore,SG,SGP,2013,SE.SEC.ENRR,
Singapore,SG,SGP,2012,SE.SEC.ENRR,
Singapore,SG,SGP,2011,SE.SEC.ENRR,
Singapore,SG,SGP,2010,SE.SEC.ENRR,
Turkiye,TR,TUR,2023,SE.SEC.ENRR,118.411979675293
Turkiye,TR,TUR,2022,SE.SEC.ENRR,116.040176391602
Turkiye,TR,TUR,2021,SE.SEC.ENRR,114.147331237793
Turkiye,TR,TUR,2020,SE.SEC.ENRR,112.527458190918
Turkiye,TR,TUR,2019,SE.SEC.ENRR,111.910400390625
Turkiye,TR,TUR,2018,SE.SEC.ENRR,112.115409851074
Turkiye,TR,TUR,2017,SE.SEC.ENRR,112.977333068848
Turkiye,TR,TUR,2016,SE.SEC.ENRR,108.547561645508
Turkiye,TR,TUR,2015,SE.SEC.ENRR,107.243186950684
Turkiye,TR,TUR,2014,SE.SEC.ENRR,105.97550201416
Turkiye,TR,TUR,2013,SE.SEC.ENRR,102.209701538086
Turkiye,TR,TUR,2012,SE.SEC.ENRR,85.0204315185547
Turkiye,TR,TUR,2011,SE.SEC.ENRR,87.80322265625
Turkiye,TR,TUR,2010,SE.SEC.ENRR,84.2024002075195
Viet Nam,VN,VNM,2023,SE.SEC.ENRR,
Viet Nam,VN,VNM,2022,SE.SEC.ENRR,93.4123434096522
Viet Nam,VN,VNM,2021,SE.SEC.ENRR,92.7690209240401
Viet Nam,VN,VNM,2020,SE.SEC.ENRR,93.1921389514105
Viet Nam,VN,VNM,2019,SE.SEC.ENRR,94.654621676317
Viet Nam,VN,VNM,2018,SE.SEC.ENRR,92.8377710790826
Viet Nam,VN,VNM,2017,SE.SEC.ENRR,91.0725198149335
Viet Nam,VN,VNM,2016,SE.SEC.ENRR,90.1583347107672
Viet Nam,VN,VNM,2015,SE.SEC.ENRR,89.4548341262217
Viet Nam,VN,VNM,2014,SE.SEC.ENRR,
Viet Nam,VN,VNM,2013,SE.SEC.ENRR,
Viet Nam,VN,VNM,2012,SE.SEC.ENRR,
Viet Nam,VN,VNM,2011,SE.SEC.ENRR,
Viet Nam,VN,VNM,2010,SE.SEC.ENRR,
South Africa,ZA,ZAF,2023,SE.SEC.ENRR,104.133480684239
South Africa,ZA,ZAF,2022,SE.SEC.ENRR,104.535066506498
South Africa,ZA,ZAF,2021,SE.SEC.ENRR,106.443303990911
South Africa,ZA,ZAF,2020,SE.SEC.ENRR,103.501178102472
South Africa,ZA,ZAF,2019,SE.SEC.ENRR,103.78912033531
South Africa,ZA,ZAF,2018,SE.SEC.ENRR,101.399612936693
South Africa,ZA,ZAF,2017,SE.SEC.ENRR,105.623168945312
South Africa,ZA,ZAF,2016,SE.SEC.ENRR,103.855987548828
South Africa,ZA,ZAF,2015,SE.SEC.ENRR,104.622812990742
South Africa,ZA,ZAF,2014,SE.SEC.ENRR,101.163200378418
South Africa,ZA,ZAF,2013,SE.SEC.ENRR,
South Africa,ZA,ZAF,2012,SE.SEC.ENRR,92.1625137329102
South Africa,ZA,ZAF,2011,SE.SEC.ENRR,88.9442291259766
South Africa,ZA,ZAF,2010,SE.SEC.ENRR,86.5922045596808
Argentina,AR,ARG,2023,SE.SEC.CMPT.LO.ZS,94.9912129208669
Argentina,AR,ARG,2022,SE.SEC.CMPT.LO.ZS,98.835082764839
Argentina,AR,ARG,2021,SE.SEC.CMPT.LO.ZS,108.654791754836
Argentina,AR,ARG,2020,SE.SEC.CMPT.LO.ZS,95.4634370496692
Argentina,AR,ARG,2019,SE.SEC.CMPT.LO.ZS,95.934230151279
Argentina,AR,ARG,2018,SE.SEC.CMPT.LO.ZS,93.526051028572
Argentina,AR,ARG,2017,SE.SEC.CMPT.LO.ZS,91.8118218441298
Argentina,AR,ARG,2016,SE.SEC.CMPT.LO.ZS,90.6739447726308
Argentina,AR,ARG,2015,SE.SEC.CMPT.LO.ZS,90.4002076926149
Argentina,AR,ARG,2014,SE.SEC.CMPT.LO.ZS,88.4209690178368
Argentina,AR,ARG,2013,SE.SEC.CMPT.LO.ZS,88.2744279757065
Argentina,AR,ARG,2012,SE.SEC.CMPT.LO.ZS,85.9030868167664
Argentina,AR,ARG,2011,SE.SEC.CMPT.LO.ZS,84.5150883046657
Argentina,AR,ARG,2010,SE.SEC.CMPT.LO.ZS,80.507441868947
Brazil,BR,BRA,2023,SE.SEC.CMPT.LO.ZS,
Brazil,BR,BRA,2022,SE.SEC.CMPT.LO.ZS,
Brazil,BR,BRA,2021,SE.SEC.CMPT.LO.ZS,
Brazil,BR,BRA,2020,SE.SEC.CMPT.LO.ZS,
Brazil,BR,BRA,2019,SE.SEC.CMPT.LO.ZS,
Brazil,BR,BRA,2018,SE.SEC.CMPT.LO.ZS,
Brazil,BR,BRA,2017,SE.SEC.CMPT.LO.ZS,
Brazil,BR,BRA,2016,SE.SEC.CMPT.LO.ZS,
Brazil,BR,BRA,2015,SE.SEC.CMPT.LO.ZS,
Brazil,BR,BRA,2014,SE.SEC.CMPT.LO.ZS,
Brazil,BR,BRA,2013,SE.SEC.CMPT.LO.ZS,
Brazil,BR,BRA,2012,SE.SEC.CMPT.LO.ZS,
Brazil,BR,BRA,2011,SE.SEC.CMPT.LO.ZS,
Brazil,BR,BRA,2010,SE.SEC.CMPT.LO.ZS,
Canada,CA,CAN,2023,SE.SEC.CMPT.LO.ZS,
Canada,CA,CAN,2022,SE.SEC.CMPT.LO.ZS,
Canada,CA,CAN,2021,SE.SEC.CMPT.LO.ZS,
Canada,CA,CAN,2020,SE.SEC.CMPT.LO.ZS,
Canada,CA,CAN,2019,SE.SEC.CMPT.LO.ZS,
Canada,CA,CAN,2018,SE.SEC.CMPT.LO.ZS,
Canada,CA,CAN,2017,SE.SEC.CMPT.LO.ZS,
Canada,CA,CAN,2016,SE.SEC.CMPT.LO.ZS,
Canada,CA,CAN,2015,SE.SEC.CMPT.LO.ZS,
Canada,CA,CAN,2014,SE.SEC.CMPT.LO.ZS,
Canada,CA,CAN,2013,SE.SEC.CMPT.LO.ZS,
Canada,CA,CAN,2012,SE.SEC.CMPT.LO.ZS,
Canada,CA,CAN,2011,SE.SEC.CMPT.LO.ZS,
Canada,CA,CAN,2010,SE.SEC.CMPT.LO.ZS,
China,CN,CHN,2023,SE.SEC.CMPT.LO.ZS,
China,CN,CHN,2022,SE.SEC.CMPT.LO.ZS,
China,CN,CHN,2021,SE.SEC.CMPT.LO.ZS,
China,CN,CHN,2020,SE.SEC.CMPT.LO.ZS,
China,CN,CHN,2019,SE.SEC.CMPT.LO.ZS,
China,CN,CHN,2018,SE.SEC.CMPT.LO.ZS,
China,CN,CHN,2017,SE.SEC.CMPT.LO.ZS,
China,CN,CHN,2016,SE.SEC.CMPT.LO.ZS,
China,CN,CHN,2015,SE.SEC.CMPT.LO.ZS,
China,CN,CHN,2014,SE.SEC.CMPT.LO.ZS,
China,CN,CHN,2013,SE.SEC.CMPT.LO.ZS,
China,CN,CHN,2012,SE.SEC.CMPT.LO.ZS,103.606581205367
China,CN,CHN,2011,SE.SEC.CMPT.LO.ZS,103.88858653411
China,CN,CHN,2010,SE.SEC.CMPT.LO.ZS,101.241209458339
Germany,DE,DEU,2023,SE.SEC.CMPT.LO.ZS,64.1170196533203
Germany,DE,DEU,2022,SE.SEC.CMPT.LO.ZS,61.6139106750488
Germany,DE,DEU,2021,SE.SEC.CMPT.LO.ZS,62.873649597168
Germany,DE,DEU,2020,SE.SEC.CMPT.LO.ZS,
Germany,DE,DEU,2019,SE.SEC.CMPT.LO.ZS,
Germany,DE,DEU,2018,SE.SEC.CMPT.LO.ZS,
Germany,DE,DEU,2017,SE.SEC.CMPT.LO.ZS,
Germany,DE,DEU,2016,SE.SEC.CMPT.LO.ZS,
Germany,DE,DEU,2015,SE.SEC.CMPT.LO.ZS,
Germany,DE,DEU,2014,SE.SEC.CMPT.LO.ZS,
Germany,DE,DEU,2013,SE.SEC.CMPT.LO.ZS,
Germany,DE,DEU,2012,SE.SEC.CMPT.LO.ZS,
Germany,DE,DEU,2011,SE.SEC.CMPT.LO.ZS,
Germany,DE,DEU,2010,SE.SEC.CMPT.LO.ZS,
Spain,ES,ESP,2023,SE.SEC.CMPT.LO.ZS,91.3980865478516
Spain,ES,ESP,2022,SE.SEC.CMPT.LO.ZS,91.679328918457
Spain,ES,ESP,2021,SE.SEC.CMPT.LO.ZS,95.5503921508789
Spain,ES,ESP,2020,SE.SEC.CMPT.LO.ZS,91.1838836669922
Spain,ES,ESP,2019,SE.SEC.CMPT.LO.ZS,90.8512496948242
Spain,ES,ESP,2018,SE.SEC.CMPT.LO.ZS,90.4036102294922
Spain,ES,ESP,2017,SE.SEC.CMPT.LO.ZS,91.1980895996094
Spain,ES,ESP,2016,SE.SEC.CMPT.LO.ZS,89.3663330078125
Spain,ES,ESP,2015,SE.SEC.CMPT.LO.ZS,89.1406478881836
Spain,ES,ESP,2014,SE.SEC.CMPT.LO.ZS,88.8591918945312
Spain,ES,ESP,2013,SE.SEC.CMPT.LO.ZS,
Spain,ES,ESP,2012,SE.SEC.CMPT.LO.ZS,
Spain,ES,ESP,2011,SE.SEC.CMPT.LO.ZS,
Spain,ES,ESP,2010,SE.SEC.CMPT.LO.ZS,81.5257720947266
France,FR,FRA,2023,SE.SEC.CMPT.LO.ZS,100.072280883789
France,FR,FRA,2022,SE.SEC.CMPT.LO.ZS,100.173652648926
France,FR,FRA,2021,SE.SEC.CMPT.LO.ZS,99.7732925415039
France,FR,FRA,2020,SE.SEC.CMPT.LO.ZS,100.115829467773
France,FR,FRA,2019,SE.SEC.CMPT.LO.ZS,99.4796905517578
France,FR,FRA,2018,SE.SEC.CMPT.LO.ZS,99.3440399169922
France,FR,FRA,2017,SE.SEC.CMPT.LO.ZS,99.6492767333984
France,FR,FRA,2016,SE.SEC.CMPT.LO.ZS,98.4528503417969
France,FR,FRA,2015,SE.SEC.CMPT.LO.ZS,96.0910568237305
France,FR,FRA,2014,SE.SEC.CMPT.LO.ZS,97.228271484375
France,FR,FRA,2013,SE.SEC.CMPT.LO.ZS,97.2954330444336
France,FR,FRA,2012,SE.SEC.CMPT.LO.ZS,98.7158813476562
France,FR,FRA,2011,SE.SEC.CMPT.LO.ZS,97.1985397338867
France,FR,FRA,2010,SE.SEC.CMPT.LO.ZS,96.5806503295898
United Kingdom,GB,GBR,2023,SE.SEC.CMPT.LO.ZS,98.032112121582
United Kingdom,GB,GBR,2022,SE.SEC.CMPT.LO.ZS,99.3761215209961
United Kingdom,GB,GBR,2021,SE.SEC.CMPT.LO.ZS,97.7703094482422
United Kingdom,GB,GBR,2020,SE.SEC.CMPT.LO.ZS,98.0244979858398
United Kingdom,GB,GBR,2019,SE.SEC.CMPT.LO.ZS,98.0891494750977
United Kingdom,GB,GBR,2018,SE.SEC.CMPT.LO.ZS,97.8554534912109
United Kingdom,GB,GBR,2017,SE.SEC.CMPT.LO.ZS,97.6790084838867
United Kingdom,GB,GBR,2016,SE.SEC.CMPT.LO.ZS,
United Kingdom,GB,GBR,2015,SE.SEC.CMPT.LO.ZS,
United Kingdom,GB,GBR,2014,SE.SEC.CMPT.LO.ZS,
United Kingdom,GB,GBR,2013,SE.SEC.CMPT.LO.ZS,
United Kingdom,GB,GBR,2012,SE.SEC.CMPT.LO.ZS,
United Kingdom,GB,GBR,2011,SE.SEC.CMPT.LO.ZS,
United Kingdom,GB,GBR,2010,SE.SEC.CMPT.LO.ZS,
Italy,IT,ITA,2023,SE.SEC.CMPT.LO.ZS,96.3290863037109
Italy,IT,ITA,2022,SE.SEC.CMPT.LO.ZS,95.9286727905273
Italy,IT,ITA,2021,SE.SEC.CMPT.LO.ZS,99.6601409912109
Italy,IT,ITA,2020,SE.SEC.CMPT.LO.ZS,99.7246398925781
Italy,IT,ITA,2019,SE.SEC.CMPT.LO.ZS,99.0692596435547
Italy,IT,ITA,2018,SE.SEC.CMPT.LO.ZS,99.1707916259766
Italy,IT,ITA,2017,SE.SEC.CMPT.LO.ZS,99.391487121582
Italy,IT,ITA,2016,SE.SEC.CMPT.LO.ZS,99.1613006591797
Italy,IT,ITA,2015,SE.SEC.CMPT.LO.ZS,98.7268371582031
Italy,IT,ITA,2014,SE.SEC.CMPT.LO.ZS,99.9828567504883
Italy,IT,ITA,2013,SE.SEC.CMPT.LO.ZS,100.688018798828
Italy,IT,ITA,2012,SE.SEC.CMPT.LO.ZS,100.158302307129
Italy,IT,ITA,2011,SE.SEC.CMPT.LO.ZS,101.978210449219
Italy,IT,ITA,2010,SE.SEC.CMPT.LO.ZS,99.8289184570312
Japan,JP,JPN,2023,SE.SEC.CMPT.LO.ZS,
Japan,JP,JPN,2022,SE.SEC.CMPT.LO.ZS,
Japan,JP,JPN,2021,SE.SEC.CMPT.LO.ZS,
Japan,JP,JPN,2020,SE.SEC.CMPT.LO.ZS,
Japan,JP,JPN,2019,SE.SEC.CMPT.LO.ZS,
Japan,JP,JPN,2018,SE.SEC.CMPT.LO.ZS,
Japan,JP,JPN,2017,SE.SEC.CMPT.LO.ZS,
Japan,JP,JPN,2016,SE.SEC.CMPT.LO.ZS,
Japan,JP,JPN,2015,SE.SEC.CMPT.LO.ZS,
Japan,JP,JPN,2014,SE.SEC.CMPT.LO.ZS,
Japan,JP,JPN,2013,SE.SEC.CMPT.LO.ZS,
Japan,JP,JPN,2012,SE.SEC.CMPT.LO.ZS,
Japan,JP,JPN,2011,SE.SEC.CMPT.LO.ZS,
Japan,JP,JPN,2010,SE.SEC.CMPT.LO.ZS,
Mexico,MX,MEX,2023,SE.SEC.CMPT.LO.ZS,88.8865966796875
Mexico,MX,MEX,2022,SE.SEC.CMPT.LO.ZS,93.2870101928711
Mexico,MX,MEX,2021,SE.SEC.CMPT.LO.ZS,92.4205322265625
Mexico,MX,MEX,2020,SE.SEC.CMPT.LO.ZS,90.8838729858398
Mexico,MX,MEX,2019,SE.SEC.CMPT.LO.ZS,91.425666809082
Mexico,MX,MEX,2018,SE.SEC.CMPT.LO.ZS,92.5740966796875
Mexico,MX,MEX,2017,SE.SEC.CMPT.LO.ZS,98.2657775878906
Mexico,MX,MEX,2016,SE.SEC.CMPT.LO.ZS,96.7191925048828
Mexico,MX,MEX,2015,SE.SEC.CMPT.LO.ZS,93.2770614624023
Mexico,MX,MEX,2014,SE.SEC.CMPT.LO.ZS,87.0949401855469
Mexico,MX,MEX,2013,SE.SEC.CMPT.LO.ZS,86.537727355957
Mexico,MX,MEX,2012,SE.SEC.CMPT.LO.ZS,85.1352386474609
Mexico,MX,MEX,2011,SE.SEC.CMPT.LO.ZS,85.3706665039062
Mexico,MX,MEX,2010,SE.SEC.CMPT.LO.ZS,85.1636428833008
Netherlands,NL,NLD,2023,SE.SEC.CMPT.LO.ZS,
Netherlands,NL,NLD,2022,SE.SEC.CMPT.LO.ZS,
Netherlands,NL,NLD,2021,SE.SEC.CMPT.LO.ZS,
Netherlands,NL,NLD,2020,SE.SEC.CMPT.LO.ZS,
Netherlands,NL,NLD,2019,SE.SEC.CMPT.LO.ZS,
Netherlands,NL,NLD,2018,SE.SEC.CMPT.LO.ZS,
Netherlands,NL,NLD,2017,SE.SEC.CMPT.LO.ZS,
Netherlands,NL,NLD,2016,SE.SEC.CMPT.LO.ZS,
Netherlands,NL,NLD,2015,SE.SEC.CMPT.LO.ZS,
Netherlands,NL,NLD,2014,SE.SEC.CMPT.LO.ZS,
Netherlands,NL,NLD,2013,SE.SEC.CMPT.LO.ZS,
Netherlands,NL,NLD,2012,SE.SEC.CMPT.LO.ZS,
Netherlands,NL,NLD,2011,SE.SEC.CMPT.LO.ZS,
Netherlands,NL,NLD,2010,SE.SEC.CMPT.LO.ZS,
Poland,PL,POL,2023,SE.SEC.CMPT.LO.ZS,127.693901062012
Poland,PL,POL,2022,SE.SEC.CMPT.LO.ZS,132.667144775391
Poland,PL,POL,2021,SE.SEC.CMPT.LO.ZS,
Poland,PL,POL,2020,SE.SEC.CMPT.LO.ZS,
Poland,PL,POL,2019,SE.SEC.CMPT.LO.ZS,100.977882385254
Poland,PL,POL,2018,SE.SEC.CMPT.LO.ZS,98.144889831543
Poland,PL,POL,2017,SE.SEC.CMPT.LO.ZS,96.036376953125
Poland,PL,POL,2016,SE.SEC.CMPT.LO.ZS,95.8774871826172
Poland,PL,POL,2015,SE.SEC.CMPT.LO.ZS,96.539176940918
Poland,PL,POL,2014,SE.SEC.CMPT.LO.ZS,96.7676086425781
Poland,PL,POL,2013,SE.SEC.CMPT.LO.ZS,96.9468688964844
Poland,PL,POL,2012,SE.SEC.CMPT.LO.ZS,
Poland,PL,POL,2011,SE.SEC.CMPT.LO.ZS,
Poland,PL,POL,2010,SE.SEC.CMPT.LO.ZS,
Sweden,SE,SWE,2023,SE.SEC.CMPT.LO.ZS,99.7020797729492
Sweden,SE,SWE,2022,SE.SEC.CMPT.LO.ZS,100.076042175293
Sweden,SE,SWE,2021,SE.SEC.CMPT.LO.ZS,100.318023681641
Sweden,SE,SWE,2020,SE.SEC.CMPT.LO.ZS,100.008346557617
Sweden,SE,SWE,2019,SE.SEC.CMPT.LO.ZS,100.314750671387
Sweden,SE,SWE,2018,SE.SEC.CMPT.LO.ZS,101.90550994873
Sweden,SE,SWE,2017,SE.SEC.CMPT.LO.ZS,104.886932373047
Sweden,SE,SWE,2016,SE.SEC.CMPT.LO.ZS,101.843437194824
Sweden,SE,SWE,2015,SE.SEC.CMPT.LO.ZS,100.064498901367
Sweden,SE,SWE,2014,SE.SEC.CMPT.LO.ZS,99.6703186035156
Sweden,SE,SWE,2013,SE.SEC.CMPT.LO.ZS,99.6949005126953
Sweden,SE,SWE,2012,SE.SEC.CMPT.LO.ZS,101.212471008301
Sweden,SE,SWE,2011,SE.SEC.CMPT.LO.ZS,98.9515991210938
Sweden,SE,SWE,2010,SE.SEC.CMPT.LO.ZS,99.4104537963867
United States,US,USA,2023,SE.SEC.CMPT.LO.ZS,
United States,US,USA,2022,SE.SEC.CMPT.LO.ZS,101.35814666748
United States,US,USA,2021,SE.SEC.CMPT.LO.ZS,103.428169250488
United States,US,USA,2020,SE.SEC.CMPT.LO.ZS,103.84593963623
United States,US,USA,2019,SE.SEC.CMPT.LO.ZS,103.408462524414
United States,US,USA,2018,SE.SEC.CMPT.LO.ZS,103.384170532227
United States,US,USA,2017,SE.SEC.CMPT.LO.ZS,104.852256774902
United States,US,USA,2016,SE.SEC.CMPT.LO.ZS,
United States,US,USA,2015,SE.SEC.CMPT.LO.ZS,
United States,US,USA,2014,SE.SEC.CMPT.LO.ZS,
United States,US,USA,2013,SE.SEC.CMPT.LO.ZS,
United States,US,USA,2012,SE.SEC.CMPT.LO.ZS,
United States,US,USA,2011,SE.SEC.CMPT.LO.ZS,
United States,US,USA,2010,SE.SEC.CMPT.LO.ZS,
Australia,AU,AUS,2023,SE.SEC.CMPT.LO.ZS,
Australia,AU,AUS,2022,SE.SEC.CMPT.LO.ZS,
Australia,AU,AUS,2021,SE.SEC.CMPT.LO.ZS,
Australia,AU,AUS,2020,SE.SEC.CMPT.LO.ZS,
Australia,AU,AUS,2019,SE.SEC.CMPT.LO.ZS,
Australia,AU,AUS,2018,SE.SEC.CMPT.LO.ZS,
Australia,AU,AUS,2017,SE.SEC.CMPT.LO.ZS,
Australia,AU,AUS,2016,SE.SEC.CMPT.LO.ZS,
Australia,AU,AUS,2015,SE.SEC.CMPT.LO.ZS,
Australia,AU,AUS,2014,SE.SEC.CMPT.LO.ZS,
Australia,AU,AUS,2013,SE.SEC.CMPT.LO.ZS,
Australia,AU,AUS,2012,SE.SEC.CMPT.LO.ZS,
Australia,AU,AUS,2011,SE.SEC.CMPT.LO.ZS,
Australia,AU,AUS,2010,SE.SEC.CMPT.LO.ZS,
Chile,CL,CHL,2023,SE.SEC.CMPT.LO.ZS,101.662948608398
Chile,CL,CHL,2022,SE.SEC.CMPT.LO.ZS,101.253898620605
Chile,CL,CHL,2021,SE.SEC.CMPT.LO.ZS,101.479530334473
Chile,CL,CHL,2020,SE.SEC.CMPT.LO.ZS,99.4466934204102
Chile,CL,CHL,2019,SE.SEC.CMPT.LO.ZS,97.0050582885742
Chile,CL,CHL,2018,SE.SEC.CMPT.LO.ZS,96.2266311645508
Chile,CL,CHL,2017,SE.SEC.CMPT.LO.ZS,94.7573394775391
Chile,CL,CHL,2016,SE.SEC.CMPT.LO.ZS,95.1674880981445
Chile,CL,CHL,2015,SE.SEC.CMPT.LO.ZS,94.276481628418
Chile,CL,CHL,2014,SE.SEC.CMPT.LO.ZS,95.3859634399414
Chile,CL,CHL,2013,SE.SEC.CMPT.LO.ZS,91.6192932128906
Chile,CL,CHL,2012,SE.SEC.CMPT.LO.ZS,94.5769271850586
Chile,CL,CHL,2011,SE.SEC.CMPT.LO.ZS,94.7069778442383
Chile,CL,CHL,2010,SE.SEC.CMPT.LO.ZS,
Colombia,CO,COL,2023,SE.SEC.CMPT.LO.ZS,
Colombia,CO,COL,2022,SE.SEC.CMPT.LO.ZS,83.0199279785156
Colombia,CO,COL,2021,SE.SEC.CMPT.LO.ZS,85.6851425170898
Colombia,CO,COL,2020,SE.SEC.CMPT.LO.ZS,79.8330993652344
Colombia,CO,COL,2019,SE.SEC.CMPT.LO.ZS,79.6780624389648
Colombia,CO,COL,2018,SE.SEC.CMPT.LO.ZS,78.6997604370117
Colombia,CO,COL,2017,SE.SEC.CMPT.LO.ZS,77.1372375488281
Colombia,CO,COL,2016,SE.SEC.CMPT.LO.ZS,77.2069091796875
Colombia,CO,COL,2015,SE.SEC.CMPT.LO.ZS,76.9629974365234
Colombia,CO,COL,2014,SE.SEC.CMPT.LO.ZS,76.5693130493164
Colombia,CO,COL,2013,SE.SEC.CMPT.LO.ZS,75.1914215087891
Colombia,CO,COL,2012,SE.SEC.CMPT.LO.ZS,89.2021331787109
Colombia,CO,COL,2011,SE.SEC.CMPT.LO.ZS,92.6861801147461
Colombia,CO,COL,2010,SE.SEC.CMPT.LO.ZS,94.7385330200195
"Egypt, Arab Rep.",EG,EGY,2023,SE.SEC.CMPT.LO.ZS,83.9289611095502
"Egypt, Arab Rep.",EG,EGY,2022,SE.SEC.CMPT.LO.ZS,
"Egypt, Arab Rep.",EG,EGY,2021,SE.SEC.CMPT.LO.ZS,82.2641772586056
"Egypt, Arab Rep.",EG,EGY,2020,SE.SEC.CMPT.LO.ZS,76.7582943806954
"Egypt, Arab Rep.",EG,EGY,2019,SE.SEC.CMPT.LO.ZS,76.9318059730238
"Egypt, Arab Rep.",EG,EGY,2018,SE.SEC.CMPT.LO.ZS,73.4974955964467
"Egypt, Arab Rep.",EG,EGY,2017,SE.SEC.CMPT.LO.ZS,71.9873878298252
"Egypt, Arab Rep.",EG,EGY,2016,SE.SEC.CMPT.LO.ZS,73.8387181491453
"Egypt, Arab Rep.",EG,EGY,2015,SE.SEC.CMPT.LO.ZS,
"Egypt, Arab Rep.",EG,EGY,2014,SE.SEC.CMPT.LO.ZS,69.4916859330113
"Egypt, Arab Rep.",EG,EGY,2013,SE.SEC.CMPT.LO.ZS,70.5529564937378
"Egypt, Arab Rep.",EG,EGY,2012,SE.SEC.CMPT.LO.ZS,
"Egypt, Arab Rep.",EG,EGY,2011,SE.SEC.CMPT.LO.ZS,
"Egypt, Arab Rep.",EG,EGY,2010,SE.SEC.CMPT.LO.ZS,
Indonesia,ID,IDN,2023,SE.SEC.CMPT.LO.ZS,97.6515105231315
Indonesia,ID,IDN,2022,SE.SEC.CMPT.LO.ZS,100.68547920315
Indonesia,ID,IDN,2021,SE.SEC.CMPT.LO.ZS,98.3300036590485
Indonesia,ID,IDN,2020,SE.SEC.CMPT.LO.ZS,99.2865225014332
Indonesia,ID,IDN,2019,SE.SEC.CMPT.LO.ZS,100.984414424274
Indonesia,ID,IDN,2018,SE.SEC.CMPT.LO.ZS,100.214514427876
Indonesia,ID,IDN,2017,SE.SEC.CMPT.LO.ZS,95.1407540800194
Indonesia,ID,IDN,2016,SE.SEC.CMPT.LO.ZS,99.2077611274975
Indonesia,ID,IDN,2015,SE.SEC.CMPT.LO.ZS,95.7864737958094
Indonesia,ID,IDN,2014,SE.SEC.CMPT.LO.ZS,89.6896079138365
Indonesia,ID,IDN,2013,SE.SEC.CMPT.LO.ZS,81.4525245688744
Indonesia,ID,IDN,2012,SE.SEC.CMPT.LO.ZS,82.0114847271123
Indonesia,ID,IDN,2011,SE.SEC.CMPT.LO.ZS,88.3502775803615
Indonesia,ID,IDN,2010,SE.SEC.CMPT.LO.ZS,84.2223030453472
India,IN,IND,2023,SE.SEC.CMPT.LO.ZS,85.477406853637
India,IN,IND,2022,SE.SEC.CMPT.LO.ZS,90.0373294435214
India,IN,IND,2021,SE.SEC.CMPT.LO.ZS,90.2341568239864
India,IN,IND,2020,SE.SEC.CMPT.LO.ZS,88.7661819458008
India,IN,IND,2019,SE.SEC.CMPT.LO.ZS,86.7525787353516
India,IN,IND,2018,SE.SEC.CMPT.LO.ZS,
India,IN,IND,2017,SE.SEC.CMPT.LO.ZS,85.9737227202048
India,IN,IND,2016,SE.SEC.CMPT.LO.ZS,86.2597112438317
India,IN,IND,2015,SE.SEC.CMPT.LO.ZS,86.1211897637251
India,IN,IND,2014,SE.SEC.CMPT.LO.ZS,86.9745843147787
India,IN,IND,2013,SE.SEC.CMPT.LO.ZS,82.4575020623288
India,IN,IND,2012,SE.SEC.CMPT.LO.ZS,
India,IN,IND,2011,SE.SEC.CMPT.LO.ZS,78.9787047633292
India,IN,IND,2010,SE.SEC.CMPT.LO.ZS,
"Korea, Rep.",KR,KOR,2023,SE.SEC.CMPT.LO.ZS,100.123466491699
"Korea, Rep.",KR,KOR,2022,SE.SEC.CMPT.LO.ZS,98.385139465332
"Korea, Rep.",KR,KOR,2021,SE.SEC.CMPT.LO.ZS,95.1621017456055
"Korea, Rep.",KR,KOR,2020,SE.SEC.CMPT.LO.ZS,96.0846405029297
"Korea, Rep.",KR,KOR,2019,SE.SEC.CMPT.LO.ZS,102.588188171387
"Korea, Rep.",KR,KOR,2018,SE.SEC.CMPT.LO.ZS,99.4951934814453
"Korea, Rep.",KR,KOR,2017,SE.SEC.CMPT.LO.ZS,97.2984313964844
"Korea, Rep.",KR,KOR,2016,SE.SEC.CMPT.LO.ZS,103.327697753906
"Korea, Rep.",KR,KOR,2015,SE.SEC.CMPT.LO.ZS,101.002006530762
"Korea, Rep.",KR,KOR,2014,SE.SEC.CMPT.LO.ZS,96.2243576049805
"Korea, Rep.",KR,KOR,2013,SE.SEC.CMPT.LO.ZS,100.403198242188
"Korea, Rep.",KR,KOR,2012,SE.SEC.CMPT.LO.ZS,100.326507568359
"Korea, Rep.",KR,KOR,2011,SE.SEC.CMPT.LO.ZS,98.9815521240234
"Korea, Rep.",KR,KOR,2010,SE.SEC.CMPT.LO.ZS,99.1701507568359
Nigeria,NG,NGA,2023,SE.SEC.CMPT.LO.ZS,
Nigeria,NG,NGA,2022,SE.SEC.CMPT.LO.ZS,
Nigeria,NG,NGA,2021,SE.SEC.CMPT.LO.ZS,
Nigeria,NG,NGA,2020,SE.SEC.CMPT.LO.ZS,
Nigeria,NG,NGA,2019,SE.SEC.CMPT.LO.ZS,
Nigeria,NG,NGA,2018,SE.SEC.CMPT.LO.ZS,
Nigeria,NG,NGA,2017,SE.SEC.CMPT.LO.ZS,
Nigeria,NG,NGA,2016,SE.SEC.CMPT.LO.ZS,
Nigeria,NG,NGA,2015,SE.SEC.CMPT.LO.ZS,
Nigeria,NG,NGA,2014,SE.SEC.CMPT.LO.ZS,
Nigeria,NG,NGA,2013,SE.SEC.CMPT.LO.ZS,
Nigeria,NG,NGA,2012,SE.SEC.CMPT.LO.ZS,
Nigeria,NG,NGA,2011,SE.SEC.CMPT.LO.ZS,
Nigeria,NG,NGA,2010,SE.SEC.CMPT.LO.ZS,44.2288589477539
Russian Federation,RU,RUS,2023,SE.SEC.CMPT.LO.ZS,
Russian Federation,RU,RUS,2022,SE.SEC.CMPT.LO.ZS,
Russian Federation,RU,RUS,2021,SE.SEC.CMPT.LO.ZS,
Russian Federation,RU,RUS,2020,SE.SEC.CMPT.LO.ZS,
Russian Federation,RU,RUS,2019,SE.SEC.CMPT.LO.ZS,97.0205005816817
Russian Federation,RU,RUS,2018,SE.SEC.CMPT.LO.ZS,95.8429189179677
Russian Federation,RU,RUS,2017,SE.SEC.CMPT.LO.ZS,
Russian Federation,RU,RUS,2016,SE.SEC.CMPT.LO.ZS,85.7487547404865
Russian Federation,RU,RUS,2015,SE.SEC.CMPT.LO.ZS,89.4867727329348
Russian Federation,RU,RUS,2014,SE.SEC.CMPT.LO.ZS,89.8225153151325
Russian Federation,RU,RUS,2013,SE.SEC.CMPT.LO.ZS,92.3948000006182
Russian Federation,RU,RUS,2012,SE.SEC.CMPT.LO.ZS,89.3901428162776
Russian Federation,RU,RUS,2011,SE.SEC.CMPT.LO.ZS,90.1212164144276
Russian Federation,RU,RUS,2010,SE.SEC.CMPT.LO.ZS,
Saudi Arabia,SA,SAU,2023,SE.SEC.CMPT.LO.ZS,
Saudi Arabia,SA,SAU,2022,SE.SEC.CMPT.LO.ZS,116.069946289062
Saudi Arabia,SA,SAU,2021,SE.SEC.CMPT.LO.ZS,99.2773597234062
Saudi Arabia,SA,SAU,2020,SE.SEC.CMPT.LO.ZS,97.1259810952631
Saudi Arabia,SA,SAU,2019,SE.SEC.CMPT.LO.ZS,99.9656041930994
Saudi Arabia,SA,SAU,2018,SE.SEC.CMPT.LO.ZS,102.661091663425
Saudi Arabia,SA,SAU,2017,SE.SEC.CMPT.LO.ZS,107.572319444347
Saudi Arabia,SA,SAU,2016,SE.SEC.CMPT.LO.ZS,101.668516094767
Saudi Arabia,SA,SAU,2015,SE.SEC.CMPT.LO.ZS,
Saudi Arabia,SA,SAU,2014,SE.SEC.CMPT.LO.ZS,
Saudi Arabia,SA,SAU,2013,SE.SEC.CMPT.LO.ZS,
Saudi Arabia,SA,SAU,2012,SE.SEC.CMPT.LO.ZS,
Saudi Arabia,SA,SAU,2011,SE.SEC.CMPT.LO.ZS,112.588659066434
Saudi Arabia,SA,SAU,2010,SE.SEC.CMPT.LO.ZS,110.146688673842
Singapore,SG,SGP,2023,SE.SEC.CMPT.LO.ZS,101.576902567228
Singapore,SG,SGP,2022,SE.SEC.CMPT.LO.ZS,101.394644762637
Singapore,SG,SGP,2021,SE.SEC.CMPT.LO.ZS,97.7593718580935
Singapore,SG,SGP,2020,SE.SEC.CMPT.LO.ZS,100.356246864024
Singapore,SG,SGP,2019,SE.SEC.CMPT.LO.ZS,100.15980924357
Singapore,SG,SGP,2018,SE.SEC.CMPT.LO.ZS,99.6465888137677
Singapore,SG,SGP,2017,SE.SEC.CMPT.LO.ZS,104.631813586999
Singapore,SG,SGP,2016,SE.SEC.CMPT.LO.ZS,107.366446134097
Singapore,SG,SGP,2015,SE.SEC.CMPT.LO.ZS,
Singapore,SG,SGP,2014,SE.SEC.CMPT.LO.ZS,
Singapore,SG,SGP,2013,SE.SEC.CMPT.LO.ZS,
Singapore,SG,SGP,2012,SE.SEC.CMPT.LO.ZS,
Singapore,SG,SGP,2011,SE.SEC.CMPT.LO.ZS,
Singapore,SG,SGP,2010,SE.SEC.CMPT.LO.ZS,
Turkiye,TR,TUR,2023,SE.SEC.CMPT.LO.ZS,91.7672271728516
Turkiye,TR,TUR,2022,SE.SEC.CMPT.LO.ZS,92.3825225830078
Turkiye,TR,TUR,2021,SE.SEC.CMPT.LO.ZS,93.3572082519531
Turkiye,TR,TUR,2020,SE.SEC.CMPT.LO.ZS,131.028015136719
Turkiye,TR,TUR,2019,SE.SEC.CMPT.LO.ZS,96.5581130981445
Turkiye,TR,TUR,2018,SE.SEC.CMPT.LO.ZS,95.6284637451172
Turkiye,TR,TUR,2017,SE.SEC.CMPT.LO.ZS,98.0840301513672
Turkiye,TR,TUR,2016,SE.SEC.CMPT.LO.ZS,94.6052322387695
Turkiye,TR,TUR,2015,SE.SEC.CMPT.LO.ZS,97.296760559082
Turkiye,TR,TUR,2014,SE.SEC.CMPT.LO.ZS,97.3385467529297
Turkiye,TR,TUR,2013,SE.SEC.CMPT.LO.ZS,93.9787979125977
Turkiye,TR,TUR,2012,SE.SEC.CMPT.LO.ZS,95.0473709106445
Turkiye,TR,TUR,2011,SE.SEC.CMPT.LO.ZS,95.5917129516602
Turkiye,TR,TUR,2010,SE.SEC.CMPT.LO.ZS,103.688583374023
Viet Nam,VN,VNM,2023,SE.SEC.CMPT.LO.ZS,92.981800847596
Viet Nam,VN,VNM,2022,SE.SEC.CMPT.LO.ZS,92.5065999182538
Viet Nam,VN,VNM,2021,SE.SEC.CMPT.LO.ZS,
Viet Nam,VN,VNM,2020,SE.SEC.CMPT.LO.ZS,
Viet Nam,VN,VNM,2019,SE.SEC.CMPT.LO.ZS,
Viet Nam,VN,VNM,2018,SE.SEC.CMPT.LO.ZS,90.6296985277737
Viet Nam,VN,VNM,2017,SE.SEC.CMPT.LO.ZS,
Viet Nam,VN,VNM,2016,SE.SEC.CMPT.LO.ZS,85.7404843413968
Viet Nam,VN,VNM,2015,SE.SEC.CMPT.LO.ZS,93.6145165709975
Viet Nam,VN,VNM,2014,SE.SEC.CMPT.LO.ZS,93.3476444798844
Viet Nam,VN,VNM,2013,SE.SEC.CMPT.LO.ZS,
Viet Nam,VN,VNM,2012,SE.SEC.CMPT.LO.ZS,78.8203277587891
Viet Nam,VN,VNM,2011,SE.SEC.CMPT.LO.ZS,79.6854476928711
Viet Nam,VN,VNM,2010,SE.SEC.CMPT.LO.ZS,
South Africa,ZA,ZAF,2023,SE.SEC.CMPT.LO.ZS,88.3110245554927
South Africa,ZA,ZAF,2022,SE.SEC.CMPT.LO.ZS,86.8990044804931
South Africa,ZA,ZAF,2021,SE.SEC.CMPT.LO.ZS,93.7344633911953
South Africa,ZA,ZAF,2020,SE.SEC.CMPT.LO.ZS,86.6681586537593
South Africa,ZA,ZAF,2019,SE.SEC.CMPT.LO.ZS,83.0667481473911
South Africa,ZA,ZAF,2018,SE.SEC.CMPT.LO.ZS,82.8130619022161
South Africa,ZA,ZAF,2017,SE.SEC.CMPT.LO.ZS,
South Africa,ZA,ZAF,2016,SE.SEC.CMPT.LO.ZS,80.5305033182397
South Africa,ZA,ZAF,2015,SE.SEC.CMPT.LO.ZS,
South Africa,ZA,ZAF,2014,SE.SEC.CMPT.LO.ZS,
South Africa,ZA,ZAF,2013,SE.SEC.CMPT.LO.ZS,
South Africa,ZA,ZAF,2012,SE.SEC.CMPT.LO.ZS,
South Africa,ZA,ZAF,2011,SE.SEC.CMPT.LO.ZS,
South Africa,ZA,ZAF,2010,SE.SEC.CMPT.LO.ZS,
Argentina,AR,ARG,2023,SE.PRM.CMPT.ZS,98.9436486948575
Argentina,AR,ARG,2022,SE.PRM.CMPT.ZS,100.310147105379
Argentina,AR,ARG,2021,SE.PRM.CMPT.ZS,102.877639887141
Argentina,AR,ARG,2020,SE.PRM.CMPT.ZS,99.8427784444202
Argentina,AR,ARG,2019,SE.PRM.CMPT.ZS,100.286471247217
Argentina,AR,ARG,2018,SE.PRM.CMPT.ZS,100.145531751709
Argentina,AR,ARG,2017,SE.PRM.CMPT.ZS,101.523895644883
Argentina,AR,ARG,2016,SE.PRM.CMPT.ZS,106.53556124907
Argentina,AR,ARG,2015,SE.PRM.CMPT.ZS,105.966493596972
Argentina,AR,ARG,2014,SE.PRM.CMPT.ZS,105.369846292036
Argentina,AR,ARG,2013,SE.PRM.CMPT.ZS,103.278045218399
Argentina,AR,ARG,2012,SE.PRM.CMPT.ZS,103.663843793221
Argentina,AR,ARG,2011,SE.PRM.CMPT.ZS,103.299525536147
Argentina,AR,ARG,2010,SE.PRM.CMPT.ZS,103.31336478821
Brazil,BR,BRA,2023,SE.PRM.CMPT.ZS,
Brazil,BR,BRA,2022,SE.PRM.CMPT.ZS,
Brazil,BR,BRA,2021,SE.PRM.CMPT.ZS,
Brazil,BR,BRA,2020,SE.PRM.CMPT.ZS,
Brazil,BR,BRA,2019,SE.PRM.CMPT.ZS,
Brazil,BR,BRA,2018,SE.PRM.CMPT.ZS,
Brazil,BR,BRA,2017,SE.PRM.CMPT.ZS,
Brazil,BR,BRA,2016,SE.PRM.CMPT.ZS,
Brazil,BR,BRA,2015,SE.PRM.CMPT.ZS,
Brazil,BR,BRA,2014,SE.PRM.CMPT.ZS,
Brazil,BR,BRA,2013,SE.PRM.CMPT.ZS,
Brazil,BR,BRA,2012,SE.PRM.CMPT.ZS,
Brazil,BR,BRA,2011,SE.PRM.CMPT.ZS,
Brazil,BR,BRA,2010,SE.PRM.CMPT.ZS,
Canada,CA,CAN,2023,SE.PRM.CMPT.ZS,
Canada,CA,CAN,2022,SE.PRM.CMPT.ZS,
Canada,CA,CAN,2021,SE.PRM.CMPT.ZS,
Canada,CA,CAN,2020,SE.PRM.CMPT.ZS,
Canada,CA,CAN,2019,SE.PRM.CMPT.ZS,
Canada,CA,CAN,2018,SE.PRM.CMPT.ZS,
Canada,CA,CAN,2017,SE.PRM.CMPT.ZS,
Canada,CA,CAN,2016,SE.PRM.CMPT.ZS,
Canada,CA,CAN,2015,SE.PRM.CMPT.ZS,
Canada,CA,CAN,2014,SE.PRM.CMPT.ZS,
Canada,CA,CAN,2013,SE.PRM.CMPT.ZS,
Canada,CA,CAN,2012,SE.PRM.CMPT.ZS,
Canada,CA,CAN,2011,SE.PRM.CMPT.ZS,
Canada,CA,CAN,2010,SE.PRM.CMPT.ZS,
China,CN,CHN,2023,SE.PRM.CMPT.ZS,
China,CN,CHN,2022,SE.PRM.CMPT.ZS,
China,CN,CHN,2021,SE.PRM.CMPT.ZS,
China,CN,CHN,2020,SE.PRM.CMPT.ZS,
China,CN,CHN,2019,SE.PRM.CMPT.ZS,
China,CN,CHN,2018,SE.PRM.CMPT.ZS,
China,CN,CHN,2017,SE.PRM.CMPT.ZS,
China,CN,CHN,2016,SE.PRM.CMPT.ZS,
China,CN,CHN,2015,SE.PRM.CMPT.ZS,
China,CN,CHN,2014,SE.PRM.CMPT.ZS,
China,CN,CHN,2013,SE.PRM.CMPT.ZS,
China,CN,CHN,2012,SE.PRM.CMPT.ZS,
China,CN,CHN,2011,SE.PRM.CMPT.ZS,
China,CN,CHN,2010,SE.PRM.CMPT.ZS,103.455256923166
Germany,DE,DEU,2023,SE.PRM.CMPT.ZS,99.2837371826172
Germany,DE,DEU,2022,SE.PRM.CMPT.ZS,97.7584228515625
Germany,DE,DEU,2021,SE.PRM.CMPT.ZS,100.973701477051
Germany,DE,DEU,2020,SE.PRM.CMPT.ZS,98.3834915161133
Germany,DE,DEU,2019,SE.PRM.CMPT.ZS,99.6325531005859
Germany,DE,DEU,2018,SE.PRM.CMPT.ZS,98.5883712768555
Germany,DE,DEU,2017,SE.PRM.CMPT.ZS,97.5730667114258
Germany,DE,DEU,2016,SE.PRM.CMPT.ZS,99.6975326538086
Germany,DE,DEU,2015,SE.PRM.CMPT.ZS,102.09285736084
Germany,DE,DEU,2014,SE.PRM.CMPT.ZS,99.4884567260742
Germany,DE,DEU,2013,SE.PRM.CMPT.ZS,101.998260498047
Germany,DE,DEU,2012,SE.PRM.CMPT.ZS,101.78581237793
Germany,DE,DEU,2011,SE.PRM.CMPT.ZS,103.57341003418
Germany,DE,DEU,2010,SE.PRM.CMPT.ZS,101.365608215332
Spain,ES,ESP,2023,SE.PRM.CMPT.ZS,99.5605087280273
Spain,ES,ESP,2022,SE.PRM.CMPT.ZS,98.1926498413086
Spain,ES,ESP,2021,SE.PRM.CMPT.ZS,99.2358779907227
Spain,ES,ESP,2020,SE.PRM.CMPT.ZS,96.6411819458008
Spain,ES,ESP,2019,SE.PRM.CMPT.ZS,97.4073715209961
Spain,ES,ESP,2018,SE.PRM.CMPT.ZS,96.2998123168945
Spain,ES,ESP,2017,SE.PRM.CMPT.ZS,97.2612533569336
Spain,ES,ESP,2016,SE.PRM.CMPT.ZS,95.1183319091797
Spain,ES,ESP,2015,SE.PRM.CMPT.ZS,96.4200820922852
Spain,ES,ESP,2014,SE.PRM.CMPT.ZS,96.7288665771484
Spain,ES,ESP,2013,SE.PRM.CMPT.ZS,96.722297668457
Spain,ES,ESP,2012,SE.PRM.CMPT.ZS,96.8130035400391
Spain,ES,ESP,2011,SE.PRM.CMPT.ZS,96.4892272949219
Spain,ES,ESP,2010,SE.PRM.CMPT.ZS,99.1982269287109
France,FR,FRA,2023,SE.PRM.CMPT.ZS,
France,FR,FRA,2022,SE.PRM.CMPT.ZS,
France,FR,FRA,2021,SE.PRM.CMPT.ZS,
France,FR,FRA,2020,SE.PRM.CMPT.ZS,
France,FR,FRA,2019,SE.PRM.CMPT.ZS,
France,FR,FRA,2018,SE.PRM.CMPT.ZS,
France,FR,FRA,2017,SE.PRM.CMPT.ZS,
France,FR,FRA,2016,SE.PRM.CMPT.ZS,
France,FR,FRA,2015,SE.PRM.CMPT.ZS,
France,FR,FRA,2014,SE.PRM.CMPT.ZS,
France,FR,FRA,2013,SE.PRM.CMPT.ZS,
France,FR,FRA,2012,SE.PRM.CMPT.ZS,
France,FR,FRA,2011,SE.PRM.CMPT.ZS,
France,FR,FRA,2010,SE.PRM.CMPT.ZS,
United Kingdom,GB,GBR,2023,SE.PRM.CMPT.ZS,101.071876525879
United Kingdom,GB,GBR,2022,SE.PRM.CMPT.ZS,100.334701538086
United Kingdom,GB,GBR,2021,SE.PRM.CMPT.ZS,99.5984420776367
United Kingdom,GB,GBR,2020,SE.PRM.CMPT.ZS,99.5863037109375
United Kingdom,GB,GBR,2019,SE.PRM.CMPT.ZS,100.283622741699
United Kingdom,GB,GBR,2018,SE.PRM.CMPT.ZS,98.5643081665039
United Kingdom,GB,GBR,2017,SE.PRM.CMPT.ZS,98.4775390625
United Kingdom,GB,GBR,2016,SE.PRM.CMPT.ZS,98.5808563232422
United Kingdom,GB,GBR,2015,SE.PRM.CMPT.ZS,98.9245910644531
United Kingdom,GB,GBR,2014,SE.PRM.CMPT.ZS,
United Kingdom,GB,GBR,2013,SE.PRM.CMPT.ZS,
United Kingdom,GB,GBR,2012,SE.PRM.CMPT.ZS,
United Kingdom,GB,GBR,2011,SE.PRM.CMPT.ZS,
United Kingdom,GB,GBR,2010,SE.PRM.CMPT.ZS,
Italy,IT,ITA,2023,SE.PRM.CMPT.ZS,97.3619613647461
Italy,IT,ITA,2022,SE.PRM.CMPT.ZS,97.1534576416016
Italy,IT,ITA,2021,SE.PRM.CMPT.ZS,97.7147903442383
Italy,IT,ITA,2020,SE.PRM.CMPT.ZS,98.7205963134766
Italy,IT,ITA,2019,SE.PRM.CMPT.ZS,98.369140625
Italy,IT,ITA,2018,SE.PRM.CMPT.ZS,98.8338165283203
Italy,IT,ITA,2017,SE.PRM.CMPT.ZS,99.5705108642578
Italy,IT,ITA,2016,SE.PRM.CMPT.ZS,98.4906234741211
Italy,IT,ITA,2015,SE.PRM.CMPT.ZS,98.9501266479492
Italy,IT,ITA,2014,SE.PRM.CMPT.ZS,99.3185272216797
Italy,IT,ITA,2013,SE.PRM.CMPT.ZS,99.5663299560547
Italy,IT,ITA,2012,SE.PRM.CMPT.ZS,99.076301574707
Italy,IT,ITA,2011,SE.PRM.CMPT.ZS,100.934341430664
Italy,IT,ITA,2010,SE.PRM.CMPT.ZS,101.48210144043
Japan,JP,JPN,2023,SE.PRM.CMPT.ZS,
Japan,JP,JPN,2022,SE.PRM.CMPT.ZS,
Japan,JP,JPN,2021,SE.PRM.CMPT.ZS,
Japan,JP,JPN,2020,SE.PRM.CMPT.ZS,
Japan,JP,JPN,2019,SE.PRM.CMPT.ZS,
Japan,JP,JPN,2018,SE.PRM.CMPT.ZS,
Japan,JP,JPN,2017,SE.PRM.CMPT.ZS,
Japan,JP,JPN,2016,SE.PRM.CMPT.ZS,
Japan,JP,JPN,2015,SE.PRM.CMPT.ZS,
Japan,JP,JPN,2014,SE.PRM.CMPT.ZS,
Japan,JP,JPN,2013,SE.PRM.CMPT.ZS,
Japan,JP,JPN,2012,SE.PRM.CMPT.ZS,
Japan,JP,JPN,2011,SE.PRM.CMPT.ZS,
Japan,JP,JPN,2010,SE.PRM.CMPT.ZS,
Mexico,MX,MEX,2023,SE.PRM.CMPT.ZS,103.764976501465
Mexico,MX,MEX,2022,SE.PRM.CMPT.ZS,102.239273071289
Mexico,MX,MEX,2021,SE.PRM.CMPT.ZS,102.820198059082
Mexico,MX,MEX,2020,SE.PRM.CMPT.ZS,102.597717285156
Mexico,MX,MEX,2019,SE.PRM.CMPT.ZS,102.47265625
Mexico,MX,MEX,2018,SE.PRM.CMPT.ZS,102.369117736816
Mexico,MX,MEX,2017,SE.PRM.CMPT.ZS,104.324859619141
Mexico,MX,MEX,2016,SE.PRM.CMPT.ZS,104.702178955078
Mexico,MX,MEX,2015,SE.PRM.CMPT.ZS,105.99284362793
Mexico,MX,MEX,2014,SE.PRM.CMPT.ZS,111.539886474609
Mexico,MX,MEX,2013,SE.PRM.CMPT.ZS,110.180541992188
Mexico,MX,MEX,2012,SE.PRM.CMPT.ZS,106.491287231445
Mexico,MX,MEX,2011,SE.PRM.CMPT.ZS,100.186973571777
Mexico,MX,MEX,2010,SE.PRM.CMPT.ZS,100.050811767578
Netherlands,NL,NLD,2023,SE.PRM.CMPT.ZS,
Netherlands,NL,NLD,2022,SE.PRM.CMPT.ZS,
Netherlands,NL,NLD,2021,SE.PRM.CMPT.ZS,
Netherlands,NL,NLD,2020,SE.PRM.CMPT.ZS,
Netherlands,NL,NLD,2019,SE.PRM.CMPT.ZS,
Netherlands,NL,NLD,2018,SE.PRM.CMPT.ZS,
Netherlands,NL,NLD,2017,SE.PRM.CMPT.ZS,
Netherlands,NL,NLD,2016,SE.PRM.CMPT.ZS,
Netherlands,NL,NLD,2015,SE.PRM.CMPT.ZS,
Netherlands,NL,NLD,2014,SE.PRM.CMPT.ZS,
Netherlands,NL,NLD,2013,SE.PRM.CMPT.ZS,
Netherlands,NL,NLD,2012,SE.PRM.CMPT.ZS,
Netherlands,NL,NLD,2011,SE.PRM.CMPT.ZS,
Netherlands,NL,NLD,2010,SE.PRM.CMPT.ZS,
Poland,PL,POL,2023,SE.PRM.CMPT.ZS,
Poland,PL,POL,2022,SE.PRM.CMPT.ZS,
Poland,PL,POL,2021,SE.PRM.CMPT.ZS,
Poland,PL,POL,2020,SE.PRM.CMPT.ZS,
Poland,PL,POL,2019,SE.PRM.CMPT.ZS,94.6803894042969
Poland,PL,POL,2018,SE.PRM.CMPT.ZS,94.1822814941406
Poland,PL,POL,2017,SE.PRM.CMPT.ZS,105.238327026367
Poland,PL,POL,2016,SE.PRM.CMPT.ZS,100.437339782715
Poland,PL,POL,2015,SE.PRM.CMPT.ZS,99.4639892578125
Poland,PL,POL,2014,SE.PRM.CMPT.ZS,96.2011032104492
Poland,PL,POL,2013,SE.PRM.CMPT.ZS,96.3275833129883
Poland,PL,POL,2012,SE.PRM.CMPT.ZS,96.8246231079102
Poland,PL,POL,2011,SE.PRM.CMPT.ZS,96.9912872314453
Poland,PL,POL,2010,SE.PRM.CMPT.ZS,97.2561798095703
Sweden,SE,SWE,2023,SE.PRM.CMPT.ZS,99.6335906982422
Sweden,SE,SWE,2022,SE.PRM.CMPT.ZS,99.8903274536133
Sweden,SE,SWE,2021,SE.PRM.CMPT.ZS,99.819221496582
Sweden,SE,SWE,2020,SE.PRM.CMPT.ZS,99.6735229492188
Sweden,SE,SWE,2019,SE.PRM.CMPT.ZS,98.9591598510742
Sweden,SE,SWE,2018,SE.PRM.CMPT.ZS,99.8755111694336
Sweden,SE,SWE,2017,SE.PRM.CMPT.ZS,100.069061279297
Sweden,SE,SWE,2016,SE.PRM.CMPT.ZS,99.6898574829102
Sweden,SE,SWE,2015,SE.PRM.CMPT.ZS,99.3150405883789
Sweden,SE,SWE,2014,SE.PRM.CMPT.ZS,99.2604522705078
Sweden,SE,SWE,2013,SE.PRM.CMPT.ZS,99.4616165161133
Sweden,SE,SWE,2012,SE.PRM.CMPT.ZS,99.2811508178711
Sweden,SE,SWE,2011,SE.PRM.CMPT.ZS,97.7918167114258
Sweden,SE,SWE,2010,SE.PRM.CMPT.ZS,99.0018692016602
United States,US,USA,2023,SE.PRM.CMPT.ZS,
United States,US,USA,2022,SE.PRM.CMPT.ZS,95.743522644043
United States,US,USA,2021,SE.PRM.CMPT.ZS,101.091278076172
United States,US,USA,2020,SE.PRM.CMPT.ZS,100.923667907715
United States,US,USA,2019,SE.PRM.CMPT.ZS,100.489051818848
United States,US,USA,2018,SE.PRM.CMPT.ZS,100.092697143555
United States,US,USA,2017,SE.PRM.CMPT.ZS,98.8321990966797
United States,US,USA,2016,SE.PRM.CMPT.ZS,
United States,US,USA,2015,SE.PRM.CMPT.ZS,
United States,US,USA,2014,SE.PRM.CMPT.ZS,
United States,US,USA,2013,SE.PRM.CMPT.ZS,
United States,US,USA,2012,SE.PRM.CMPT.ZS,
United States,US,USA,2011,SE.PRM.CMPT.ZS,
United States,US,USA,2010,SE.PRM.CMPT.ZS,
Australia,AU,AUS,2023,SE.PRM.CMPT.ZS,
Australia,AU,AUS,2022,SE.PRM.CMPT.ZS,
Australia,AU,AUS,2021,SE.PRM.CMPT.ZS,
Australia,AU,AUS,2020,SE.PRM.CMPT.ZS,
Australia,AU,AUS,2019,SE.PRM.CMPT.ZS,
Australia,AU,AUS,2018,SE.PRM.CMPT.ZS,
Australia,AU,AUS,2017,SE.PRM.CMPT.ZS,
Australia,AU,AUS,2016,SE.PRM.CMPT.ZS,
Australia,AU,AUS,2015,SE.PRM.CMPT.ZS,
Australia,AU,AUS,2014,SE.PRM.CMPT.ZS,
Australia,AU,AUS,2013,SE.PRM.CMPT.ZS,
Australia,AU,AUS,2012,SE.PRM.CMPT.ZS,
Australia,AU,AUS,2011,SE.PRM.CMPT.ZS,
Australia,AU,AUS,2010,SE.PRM.CMPT.ZS,
Chile,CL,CHL,2023,SE.PRM.CMPT.ZS,100.907341003418
Chile,CL,CHL,2022,SE.PRM.CMPT.ZS,100.269378662109
Chile,CL,CHL,2021,SE.PRM.CMPT.ZS,99.2180786132812
Chile,CL,CHL,2020,SE.PRM.CMPT.ZS,97.9685821533203
Chile,CL,CHL,2019,SE.PRM.CMPT.ZS,97.4453201293945
Chile,CL,CHL,2018,SE.PRM.CMPT.ZS,98.1518325805664
Chile,CL,CHL,2017,SE.PRM.CMPT.ZS,98.1549530029297
Chile,CL,CHL,2016,SE.PRM.CMPT.ZS,98.3978424072266
Chile,CL,CHL,2015,SE.PRM.CMPT.ZS,97.77294921875
Chile,CL,CHL,2014,SE.PRM.CMPT.ZS,98.1664199829102
Chile,CL,CHL,2013,SE.PRM.CMPT.ZS,96.9979019165039
Chile,CL,CHL,2012,SE.PRM.CMPT.ZS,97.4051208496094
Chile,CL,CHL,2011,SE.PRM.CMPT.ZS,95.0724105834961
Chile,CL,CHL,2010,SE.PRM.CMPT.ZS,
Colombia,CO,COL,2023,SE.PRM.CMPT.ZS,
Colombia,CO,COL,2022,SE.PRM.CMPT.ZS,97.1171035766602
Colombia,CO,COL,2021,SE.PRM.CMPT.ZS,99.1944732666016
Colombia,CO,COL,2020,SE.PRM.CMPT.ZS,99.6276016235352
Colombia,CO,COL,2019,SE.PRM.CMPT.ZS,103.543678283691
Colombia,CO,COL,2018,SE.PRM.CMPT.ZS,105.578002929688
Colombia,CO,COL,2017,SE.PRM.CMPT.ZS,106.373252868652
Colombia,CO,COL,2016,SE.PRM.CMPT.ZS,103.139930725098
Colombia,CO,COL,2015,SE.PRM.CMPT.ZS,102.409233093262
Colombia,CO,COL,2014,SE.PRM.CMPT.ZS,102.689872741699
Colombia,CO,COL,2013,SE.PRM.CMPT.ZS,103.585823059082
Colombia,CO,COL,2012,SE.PRM.CMPT.ZS,113.55069732666
Colombia,CO,COL,2011,SE.PRM.CMPT.ZS,118.851791381836
Colombia,CO,COL,2010,SE.PRM.CMPT.ZS,119.824157714844
"Egypt, Arab Rep.",EG,EGY,2023,SE.PRM.CMPT.ZS,93.8413993972316
"Egypt, Arab Rep.",EG,EGY,2022,SE.PRM.CMPT.ZS,
"Egypt, Arab Rep.",EG,EGY,2021,SE.PRM.CMPT.ZS,92.4316669556289
"Egypt, Arab Rep.",EG,EGY,2020,SE.PRM.CMPT.ZS,91.826074813289
"Egypt, Arab Rep.",EG,EGY,2019,SE.PRM.CMPT.ZS,88.7223371866174
"Egypt, Arab Rep.",EG,EGY,2018,SE.PRM.CMPT.ZS,86.5582045319816
"Egypt, Arab Rep.",EG,EGY,2017,SE.PRM.CMPT.ZS,83.7661313498518
"Egypt, Arab Rep.",EG,EGY,2016,SE.PRM.CMPT.ZS,84.3103280366888
"Egypt, Arab Rep.",EG,EGY,2015,SE.PRM.CMPT.ZS,
"Egypt, Arab Rep.",EG,EGY,2014,SE.PRM.CMPT.ZS,
"Egypt, Arab Rep.",EG,EGY,2013,SE.PRM.CMPT.ZS,88.7850322652534
"Egypt, Arab Rep.",EG,EGY,2012,SE.PRM.CMPT.ZS,
"Egypt, Arab Rep.",EG,EGY,2011,SE.PRM.CMPT.ZS,
"Egypt, Arab Rep.",EG,EGY,2010,SE.PRM.CMPT.ZS,87.1328700466403
Indonesia,ID,IDN,2023,SE.PRM.CMPT.ZS,99.9521715181012
Indonesia,ID,IDN,2022,SE.PRM.CMPT.ZS,102.068055782043
Indonesia,ID,IDN,2021,SE.PRM.CMPT.ZS,103.366819034154
Indonesia,ID,IDN,2020,SE.PRM.CMPT.ZS,102.119707703437
Indonesia,ID,IDN,2019,SE.PRM.CMPT.ZS,102.856162733356
Indonesia,ID,IDN,2018,SE.PRM.CMPT.ZS,102.627469259879
Indonesia,ID,IDN,2017,SE.PRM.CMPT.ZS,104.773527897237
Indonesia,ID,IDN,2016,SE.PRM.CMPT.ZS,107.213433946707
Indonesia,ID,IDN,2015,SE.PRM.CMPT.ZS,108.896737190118
Indonesia,ID,IDN,2014,SE.PRM.CMPT.ZS,109.545206228873
Indonesia,ID,IDN,2013,SE.PRM.CMPT.ZS,107.015322001135
Indonesia,ID,IDN,2012,SE.PRM.CMPT.ZS,108.012121873384
Indonesia,ID,IDN,2011,SE.PRM.CMPT.ZS,100.776148719838
Indonesia,ID,IDN,2010,SE.PRM.CMPT.ZS,101.795042304754
India,IN,IND,2023,SE.PRM.CMPT.ZS,93.4889604461665
India,IN,IND,2022,SE.PRM.CMPT.ZS,
India,IN,IND,2021,SE.PRM.CMPT.ZS,99.085491664945
India,IN,IND,2020,SE.PRM.CMPT.ZS,98.1474685668945
India,IN,IND,2019,SE.PRM.CMPT.ZS,96.2056732177734
India,IN,IND,2018,SE.PRM.CMPT.ZS,
India,IN,IND,2017,SE.PRM.CMPT.ZS,98.5887118701809
India,IN,IND,2016,SE.PRM.CMPT.ZS,99.3136774343373
India,IN,IND,2015,SE.PRM.CMPT.ZS,99.9040031261847
India,IN,IND,2014,SE.PRM.CMPT.ZS,99.0281030972801
India,IN,IND,2013,SE.PRM.CMPT.ZS,96.9724810288294
India,IN,IND,2012,SE.PRM.CMPT.ZS,
India,IN,IND,2011,SE.PRM.CMPT.ZS,95.8912340766036
India,IN,IND,2010,SE.PRM.CMPT.ZS,
"Korea, Rep.",KR,KOR,2023,SE.PRM.CMPT.ZS,98.2711029052734
"Korea, Rep.",KR,KOR,2022,SE.PRM.CMPT.ZS,96.0156021118164
"Korea, Rep.",KR,KOR,2021,SE.PRM.CMPT.ZS,98.4509506225586
"Korea, Rep.",KR,KOR,2020,SE.PRM.CMPT.ZS,101.201568603516
"Korea, Rep.",KR,KOR,2019,SE.PRM.CMPT.ZS,99.9055786132812
"Korea, Rep.",KR,KOR,2018,SE.PRM.CMPT.ZS,96.7625503540039
"Korea, Rep.",KR,KOR,2017,SE.PRM.CMPT.ZS,97.8568572998047
"Korea, Rep.",KR,KOR,2016,SE.PRM.CMPT.ZS,103.802207946777
"Korea, Rep.",KR,KOR,2015,SE.PRM.CMPT.ZS,100.521743774414
"Korea, Rep.",KR,KOR,2014,SE.PRM.CMPT.ZS,98.2270202636719
"Korea, Rep.",KR,KOR,2013,SE.PRM.CMPT.ZS,104.404968261719
"Korea, Rep.",KR,KOR,2012,SE.PRM.CMPT.ZS,102.071601867676
"Korea, Rep.",KR,KOR,2011,SE.PRM.CMPT.ZS,97.619873046875
"Korea, Rep.",KR,KOR,2010,SE.PRM.CMPT.ZS,101.454292297363
Nigeria,NG,NGA,2023,SE.PRM.CMPT.ZS,
Nigeria,NG,NGA,2022,SE.PRM.CMPT.ZS,
Nigeria,NG,NGA,2021,SE.PRM.CMPT.ZS,
Nigeria,NG,NGA,2020,SE.PRM.CMPT.ZS,
Nigeria,NG,NGA,2019,SE.PRM.CMPT.ZS,
Nigeria,NG,NGA,2018,SE.PRM.CMPT.ZS,
Nigeria,NG,NGA,2017,SE.PRM.CMPT.ZS,
Nigeria,NG,NGA,2016,SE.PRM.CMPT.ZS,
Nigeria,NG,NGA,2015,SE.PRM.CMPT.ZS,
Nigeria,NG,NGA,2014,SE.PRM.CMPT.ZS,
Nigeria,NG,NGA,2013,SE.PRM.CMPT.ZS,
Nigeria,NG,NGA,2012,SE.PRM.CMPT.ZS,
Nigeria,NG,NGA,2011,SE.PRM.CMPT.ZS,
Nigeria,NG,NGA,2010,SE.PRM.CMPT.ZS,70.164909362793
Russian Federation,RU,RUS,2023,SE.PRM.CMPT.ZS,
Russian Federation,RU,RUS,2022,SE.PRM.CMPT.ZS,
Russian Federation,RU,RUS,2021,SE.PRM.CMPT.ZS,
Russian Federation,RU,RUS,2020,SE.PRM.CMPT.ZS,
Russian Federation,RU,RUS,2019,SE.PRM.CMPT.ZS,100.024342021158
Russian Federation,RU,RUS,2018,SE.PRM.CMPT.ZS,99.5994932363399
Russian Federation,RU,RUS,2017,SE.PRM.CMPT.ZS,
Russian Federation,RU,RUS,2016,SE.PRM.CMPT.ZS,94.9354115909758
Russian Federation,RU,RUS,2015,SE.PRM.CMPT.ZS,97.3412824891549
Russian Federation,RU,RUS,2014,SE.PRM.CMPT.ZS,95.0102648891861
Russian Federation,RU,RUS,2013,SE.PRM.CMPT.ZS,94.7592351023246
Russian Federation,RU,RUS,2012,SE.PRM.CMPT.ZS,95.7465279088341
Russian Federation,RU,RUS,2011,SE.PRM.CMPT.ZS,90.6035107371303
Russian Federation,RU,RUS,2010,SE.PRM.CMPT.ZS,
Saudi Arabia,SA,SAU,2023,SE.PRM.CMPT.ZS,
Saudi Arabia,SA,SAU,2022,SE.PRM.CMPT.ZS,119.840624867605
Saudi Arabia,SA,SAU,2021,SE.PRM.CMPT.ZS,96.6447425153456
Saudi Arabia,SA,SAU,2020,SE.PRM.CMPT.ZS,96.9853243228005
Saudi Arabia,SA,SAU,2019,SE.PRM.CMPT.ZS,98.6456357179814
Saudi Arabia,SA,SAU,2018,SE.PRM.CMPT.ZS,101.822296961428
Saudi Arabia,SA,SAU,2017,SE.PRM.CMPT.ZS,101.135118731181
Saudi Arabia,SA,SAU,2016,SE.PRM.CMPT.ZS,
Saudi Arabia,SA,SAU,2015,SE.PRM.CMPT.ZS,
Saudi Arabia,SA,SAU,2014,SE.PRM.CMPT.ZS,
Saudi Arabia,SA,SAU,2013,SE.PRM.CMPT.ZS,97.6273059693596
Saudi Arabia,SA,SAU,2012,SE.PRM.CMPT.ZS,128.295324145239
Saudi Arabia,SA,SAU,2011,SE.PRM.CMPT.ZS,122.333747126654
Saudi Arabia,SA,SAU,2010,SE.PRM.CMPT.ZS,
Singapore,SG,SGP,2023,SE.PRM.CMPT.ZS,96.8465629805147
Singapore,SG,SGP,2022,SE.PRM.CMPT.ZS,99.6337388049726
Singapore,SG,SGP,2021,SE.PRM.CMPT.ZS,100.557975999389
Singapore,SG,SGP,2020,SE.PRM.CMPT.ZS,101.401398882906
Singapore,SG,SGP,2019,SE.PRM.CMPT.ZS,98.0779511104631
Singapore,SG,SGP,2018,SE.PRM.CMPT.ZS,99.9218336317103
Singapore,SG,SGP,2017,SE.PRM.CMPT.ZS,99.2582396574138
Singapore,SG,SGP,2016,SE.PRM.CMPT.ZS,99.7892735075682
Singapore,SG,SGP,2015,SE.PRM.CMPT.ZS,
Singapore,SG,SGP,2014,SE.PRM.CMPT.ZS,
Singapore,SG,SGP,2013,SE.PRM.CMPT.ZS,
Singapore,SG,SGP,2012,SE.PRM.CMPT.ZS,
Singapore,SG,SGP,2011,SE.PRM.CMPT.ZS,
Singapore,SG,SGP,2010,SE.PRM.CMPT.ZS,
Turkiye,TR,TUR,2023,SE.PRM.CMPT.ZS,90.6154174804688
Turkiye,TR,TUR,2022,SE.PRM.CMPT.ZS,101.500511169434
Turkiye,TR,TUR,2021,SE.PRM.CMPT.ZS,103.435623168945
Turkiye,TR,TUR,2020,SE.PRM.CMPT.ZS,100.577331542969
Turkiye,TR,TUR,2019,SE.PRM.CMPT.ZS,96.6259918212891
Turkiye,TR,TUR,2018,SE.PRM.CMPT.ZS,91.0360870361328
Turkiye,TR,TUR,2017,SE.PRM.CMPT.ZS,92.5956573486328
Turkiye,TR,TUR,2016,SE.PRM.CMPT.ZS,134.545608520508
Turkiye,TR,TUR,2015,SE.PRM.CMPT.ZS,98.8300704956055
Turkiye,TR,TUR,2014,SE.PRM.CMPT.ZS,99.0791091918945
Turkiye,TR,TUR,2013,SE.PRM.CMPT.ZS,103.343299865723
Turkiye,TR,TUR,2012,SE.PRM.CMPT.ZS,
Turkiye,TR,TUR,2011,SE.PRM.CMPT.ZS,
Turkiye,TR,TUR,2010,SE.PRM.CMPT.ZS,
Viet Nam,VN,VNM,2023,SE.PRM.CMPT.ZS,
Viet Nam,VN,VNM,2022,SE.PRM.CMPT.ZS,100.779516746248
Viet Nam,VN,VNM,2021,SE.PRM.CMPT.ZS,
Viet Nam,VN,VNM,2020,SE.PRM.CMPT.ZS,
Viet Nam,VN,VNM,2019,SE.PRM.CMPT.ZS,
Viet Nam,VN,VNM,2018,SE.PRM.CMPT.ZS,101.705109319402
Viet Nam,VN,VNM,2017,SE.PRM.CMPT.ZS,
Viet Nam,VN,VNM,2016,SE.PRM.CMPT.ZS,99.9538673376531
Viet Nam,VN,VNM,2015,SE.PRM.CMPT.ZS,97.3375088531888
Viet Nam,VN,VNM,2014,SE.PRM.CMPT.ZS,97.5535949505463
Viet Nam,VN,VNM,2013,SE.PRM.CMPT.ZS,98.568433005299
Viet Nam,VN,VNM,2012,SE.PRM.CMPT.ZS,99.7439270019531
Viet Nam,VN,VNM,2011,SE.PRM.CMPT.ZS,96.4903182983398
Viet Nam,VN,VNM,2010,SE.PRM.CMPT.ZS,
South Africa,ZA,ZAF,2023,SE.PRM.CMPT.ZS,95.3327484577974
South Africa,ZA,ZAF,2022,SE.PRM.CMPT.ZS,97.101965691325
South Africa,ZA,ZAF,2021,SE.PRM.CMPT.ZS,95.2203914213668
South Africa,ZA,ZAF,2020,SE.PRM.CMPT.ZS,92.6580245068739
South Africa,ZA,ZAF,2019,SE.PRM.CMPT.ZS,93.0121131588576
South Africa,ZA,ZAF,2018,SE.PRM.CMPT.ZS,92.4496153244785
South Africa,ZA,ZAF,2017,SE.PRM.CMPT.ZS,
South Africa,ZA,ZAF,2016,SE.PRM.CMPT.ZS,90.274209979999
South Africa,ZA,ZAF,2015,SE.PRM.CMPT.ZS,91.3366137480997
South Africa,ZA,ZAF,2014,SE.PRM.CMPT.ZS,
South Africa,ZA,ZAF,2013,SE.PRM.CMPT.ZS,
South Africa,ZA,ZAF,2012,SE.PRM.CMPT.ZS,
South Africa,ZA,ZAF,2011,SE.PRM.CMPT.ZS,
South Africa,ZA,ZAF,2010,SE.PRM.CMPT.ZS,
Argentina,AR,ARG,2023,SE.XPD.TOTL.GD.ZS,5.00324010848999
Argentina,AR,ARG,2022,SE.XPD.TOTL.GD.ZS,4.79263019561768
Argentina,AR,ARG,2021,SE.XPD.TOTL.GD.ZS,4.65393018722534
Argentina,AR,ARG,2020,SE.XPD.TOTL.GD.ZS,5.27689981460571
Argentina,AR,ARG,2019,SE.XPD.TOTL.GD.ZS,4.77165985107422
Argentina,AR,ARG,2018,SE.XPD.TOTL.GD.ZS,4.87773990631104
Argentina,AR,ARG,2017,SE.XPD.TOTL.GD.ZS,5.45432996749878
Argentina,AR,ARG,2016,SE.XPD.TOTL.GD.ZS,5.54548978805542
Argentina,AR,ARG,2015,SE.XPD.TOTL.GD.ZS,5.77611017227173
Argentina,AR,ARG,2014,SE.XPD.TOTL.GD.ZS,5.36144018173218
Argentina,AR,ARG,2013,SE.XPD.TOTL.GD.ZS,5.43660020828247
Argentina,AR,ARG,2012,SE.XPD.TOTL.GD.ZS,5.3458399772644
Argentina,AR,ARG,2011,SE.XPD.TOTL.GD.ZS,5.29063987731934
Argentina,AR,ARG,2010,SE.XPD.TOTL.GD.ZS,5.01972007751465
Brazil,BR,BRA,2023,SE.XPD.TOTL.GD.ZS,
Brazil,BR,BRA,2022,SE.XPD.TOTL.GD.ZS,5.61920976638794
Brazil,BR,BRA,2021,SE.XPD.TOTL.GD.ZS,5.4969801902771
Brazil,BR,BRA,2020,SE.XPD.TOTL.GD.ZS,5.7714900970459
Brazil,BR,BRA,2019,SE.XPD.TOTL.GD.ZS,5.96346998214722
Brazil,BR,BRA,2018,SE.XPD.TOTL.GD.ZS,6.08851003646851
Brazil,BR,BRA,2017,SE.XPD.TOTL.GD.ZS,6.32047986984253
Brazil,BR,BRA,2016,SE.XPD.TOTL.GD.ZS,6.31403017044067
Brazil,BR,BRA,2015,SE.XPD.TOTL.GD.ZS,6.24105978012085
Brazil,BR,BRA,2014,SE.XPD.TOTL.GD.ZS,5.94848012924194
Brazil,BR,BRA,2013,SE.XPD.TOTL.GD.ZS,5.8388500213623
Brazil,BR,BRA,2012,SE.XPD.TOTL.GD.ZS,5.85510015487671
Brazil,BR,BRA,2011,SE.XPD.TOTL.GD.ZS,5.73741006851196
Brazil,BR,BRA,2010,SE.XPD.TOTL.GD.ZS,5.64879989624023
Canada,CA,CAN,2023,SE.XPD.TOTL.GD.ZS,
Canada,CA,CAN,2022,SE.XPD.TOTL.GD.ZS,4.84426021575928
Canada,CA,CAN,2021,SE.XPD.TOTL.GD.ZS,4.74858999252319
Canada,CA,CAN,2020,SE.XPD.TOTL.GD.ZS,4.88794994354248
Canada,CA,CAN,2019,SE.XPD.TOTL.GD.ZS,4.77293014526367
Canada,CA,CAN,2018,SE.XPD.TOTL.GD.ZS,4.88898992538452
Canada,CA,CAN,2017,SE.XPD.TOTL.GD.ZS,4.95998001098633
Canada,CA,CAN,2016,SE.XPD.TOTL.GD.ZS,4.81642007827759
Canada,CA,CAN,2015,SE.XPD.TOTL.GD.ZS,4.73936986923218
Canada,CA,CAN,2014,SE.XPD.TOTL.GD.ZS,4.84358978271484
Canada,CA,CAN,2013,SE.XPD.TOTL.GD.ZS,4.58899021148682
Canada,CA,CAN,2012,SE.XPD.TOTL.GD.ZS,
Canada,CA,CAN,2011,SE.XPD.TOTL.GD.ZS,5.26204013824463
Canada,CA,CAN,2010,SE.XPD.TOTL.GD.ZS,5.35637998580933
China,CN,CHN,2023,SE.XPD.TOTL.GD.ZS,3.89714002609253
China,CN,CHN,2022,SE.XPD.TOTL.GD.ZS,
China,CN,CHN,2021,SE.XPD.TOTL.GD.ZS,
China,CN,CHN,2020,SE.XPD.TOTL.GD.ZS,
China,CN,CHN,2019,SE.XPD.TOTL.GD.ZS,
China,CN,CHN,2018,SE.XPD.TOTL.GD.ZS,
China,CN,CHN,2017,SE.XPD.TOTL.GD.ZS,
China,CN,CHN,2016,SE.XPD.TOTL.GD.ZS,
China,CN,CHN,2015,SE.XPD.TOTL.GD.ZS,
China,CN,CHN,2014,SE.XPD.TOTL.GD.ZS,
China,CN,CHN,2013,SE.XPD.TOTL.GD.ZS,
China,CN,CHN,2012,SE.XPD.TOTL.GD.ZS,
China,CN,CHN,2011,SE.XPD.TOTL.GD.ZS,
China,CN,CHN,2010,SE.XPD.TOTL.GD.ZS,
Germany,DE,DEU,2023,SE.XPD.TOTL.GD.ZS,
Germany,DE,DEU,2022,SE.XPD.TOTL.GD.ZS,5.23916006088257
Germany,DE,DEU,2021,SE.XPD.TOTL.GD.ZS,5.36734008789062
Germany,DE,DEU,2020,SE.XPD.TOTL.GD.ZS,5.51600980758667
Germany,DE,DEU,2019,SE.XPD.TOTL.GD.ZS,5.02757978439331
Germany,DE,DEU,2018,SE.XPD.TOTL.GD.ZS,4.88401985168457
Germany,DE,DEU,2017,SE.XPD.TOTL.GD.ZS,4.77830982208252
Germany,DE,DEU,2016,SE.XPD.TOTL.GD.ZS,4.76321983337402
Germany,DE,DEU,2015,SE.XPD.TOTL.GD.ZS,4.76157999038696
Germany,DE,DEU,2014,SE.XPD.TOTL.GD.ZS,4.82582998275757
Germany,DE,DEU,2013,SE.XPD.TOTL.GD.ZS,4.83911991119385
Germany,DE,DEU,2012,SE.XPD.TOTL.GD.ZS,4.83153009414673
Germany,DE,DEU,2011,SE.XPD.TOTL.GD.ZS,4.88583993911743
Germany,DE,DEU,2010,SE.XPD.TOTL.GD.ZS,4.99525022506714
Spain,ES,ESP,2023,SE.XPD.TOTL.GD.ZS,
Spain,ES,ESP,2022,SE.XPD.TOTL.GD.ZS,4.58553981781006
Spain,ES,ESP,2021,SE.XPD.TOTL.GD.ZS,4.81316995620728
Spain,ES,ESP,2020,SE.XPD.TOTL.GD.ZS,4.85118007659912
Spain,ES,ESP,2019,SE.XPD.TOTL.GD.ZS,4.20255994796753
Spain,ES,ESP,2018,SE.XPD.TOTL.GD.ZS,4.15045022964478
Spain,ES,ESP,2017,SE.XPD.TOTL.GD.ZS,4.17846012115479
Spain,ES,ESP,2016,SE.XPD.TOTL.GD.ZS,4.19327020645142
Spain,ES,ESP,2015,SE.XPD.TOTL.GD.ZS,4.24903011322021
Spain,ES,ESP,2014,SE.XPD.TOTL.GD.ZS,4.27524995803833
Spain,ES,ESP,2013,SE.XPD.TOTL.GD.ZS,4.32852983474731
Spain,ES,ESP,2012,SE.XPD.TOTL.GD.ZS,4.46012020111084
Spain,ES,ESP,2011,SE.XPD.TOTL.GD.ZS,4.71897983551025
Spain,ES,ESP,2010,SE.XPD.TOTL.GD.ZS,4.83606004714966
France,FR,FRA,2023,SE.XPD.TOTL.GD.ZS,
France,FR,FRA,2022,SE.XPD.TOTL.GD.ZS,5.32434988021851
France,FR,FRA,2021,SE.XPD.TOTL.GD.ZS,5.41743993759155
France,FR,FRA,2020,SE.XPD.TOTL.GD.ZS,5.65871000289917
France,FR,FRA,2019,SE.XPD.TOTL.GD.ZS,5.36638021469116
France,FR,FRA,2018,SE.XPD.TOTL.GD.ZS,5.42540979385376
France,FR,FRA,2017,SE.XPD.TOTL.GD.ZS,5.46482992172241
France,FR,FRA,2016,SE.XPD.TOTL.GD.ZS,
France,FR,FRA,2015,SE.XPD.TOTL.GD.ZS,
France,FR,FRA,2014,SE.XPD.TOTL.GD.ZS,
France,FR,FRA,2013,SE.XPD.TOTL.GD.ZS,
France,FR,FRA,2012,SE.XPD.TOTL.GD.ZS,
France,FR,FRA,2011,SE.XPD.TOTL.GD.ZS,
France,FR,FRA,2010,SE.XPD.TOTL.GD.ZS,
United Kingdom,GB,GBR,2023,SE.XPD.TOTL.GD.ZS,
United Kingdom,GB,GBR,2022,SE.XPD.TOTL.GD.ZS,
United Kingdom,GB,GBR,2021,SE.XPD.TOTL.GD.ZS,5.90681982040405
United Kingdom,GB,GBR,2020,SE.XPD.TOTL.GD.ZS,5.43936014175415
United Kingdom,GB,GBR,2019,SE.XPD.TOTL.GD.ZS,5.26116991043091
United Kingdom,GB,GBR,2018,SE.XPD.TOTL.GD.ZS,5.20438003540039
United Kingdom,GB,GBR,2017,SE.XPD.TOTL.GD.ZS,5.45254993438721
United Kingdom,GB,GBR,2016,SE.XPD.TOTL.GD.ZS,5.42795991897583
United Kingdom,GB,GBR,2015,SE.XPD.TOTL.GD.ZS,5.55453014373779
United Kingdom,GB,GBR,2014,SE.XPD.TOTL.GD.ZS,5.60134983062744
United Kingdom,GB,GBR,2013,SE.XPD.TOTL.GD.ZS,5.52529001235962
United Kingdom,GB,GBR,2012,SE.XPD.TOTL.GD.ZS,
United Kingdom,GB,GBR,2011,SE.XPD.TOTL.GD.ZS,5.57219982147217
United Kingdom,GB,GBR,2010,SE.XPD.TOTL.GD.ZS,5.69868993759155
Italy,IT,ITA,2023,SE.XPD.TOTL.GD.ZS,
Italy,IT,ITA,2022,SE.XPD.TOTL.GD.ZS,4.06775999069214
Italy,IT,ITA,2021,SE.XPD.TOTL.GD.ZS,4.17118978500366
Italy,IT,ITA,2020,SE.XPD.TOTL.GD.ZS,4.41803979873657
Italy,IT,ITA,2019,SE.XPD.TOTL.GD.ZS,4.07843017578125
Italy,IT,ITA,2018,SE.XPD.TOTL.GD.ZS,4.24094009399414
Italy,IT,ITA,2017,SE.XPD.TOTL.GD.ZS,4.02662992477417
Italy,IT,ITA,2016,SE.XPD.TOTL.GD.ZS,3.795490026474
Italy,IT,ITA,2015,SE.XPD.TOTL.GD.ZS,4.05422019958496
Italy,IT,ITA,2014,SE.XPD.TOTL.GD.ZS,4.04026985168457
Italy,IT,ITA,2013,SE.XPD.TOTL.GD.ZS,4.12192010879517
Italy,IT,ITA,2012,SE.XPD.TOTL.GD.ZS,4.03481006622315
Italy,IT,ITA,2011,SE.XPD.TOTL.GD.ZS,4.09431982040405
Italy,IT,ITA,2010,SE.XPD.TOTL.GD.ZS,4.31626987457275
Japan,JP,JPN,2023,SE.XPD.TOTL.GD.ZS,
Japan,JP,JPN,2022,SE.XPD.TOTL.GD.ZS,
Japan,JP,JPN,2021,SE.XPD.TOTL.GD.ZS,3.33663988113403
Japan,JP,JPN,2020,SE.XPD.TOTL.GD.ZS,3.30628991127014
Japan,JP,JPN,2019,SE.XPD.TOTL.GD.ZS,3.15533995628357
Japan,JP,JPN,2018,SE.XPD.TOTL.GD.ZS,3.07782006263733
Japan,JP,JPN,2017,SE.XPD.TOTL.GD.ZS,3.13057994842529
Japan,JP,JPN,2016,SE.XPD.TOTL.GD.ZS,3.14643001556396
Japan,JP,JPN,2015,SE.XPD.TOTL.GD.ZS,3.31221008300781
Japan,JP,JPN,2014,SE.XPD.TOTL.GD.ZS,3.41529989242554
Japan,JP,JPN,2013,SE.XPD.TOTL.GD.ZS,3.40874004364014
Japan,JP,JPN,2012,SE.XPD.TOTL.GD.ZS,3.41945004463196
Japan,JP,JPN,2011,SE.XPD.TOTL.GD.ZS,3.60526990890503
Japan,JP,JPN,2010,SE.XPD.TOTL.GD.ZS,3.59951996803284
Mexico,MX,MEX,2023,SE.XPD.TOTL.GD.ZS,
Mexico,MX,MEX,2022,SE.XPD.TOTL.GD.ZS,4.05987977981567
Mexico,MX,MEX,2021,SE.XPD.TOTL.GD.ZS,4.23823976516724
Mexico,MX,MEX,2020,SE.XPD.TOTL.GD.ZS,4.4996600151062
Mexico,MX,MEX,2019,SE.XPD.TOTL.GD.ZS,
Mexico,MX,MEX,2018,SE.XPD.TOTL.GD.ZS,4.13944005966187
Mexico,MX,MEX,2017,SE.XPD.TOTL.GD.ZS,4.39752006530762
Mexico,MX,MEX,2016,SE.XPD.TOTL.GD.ZS,4.75795984268188
Mexico,MX,MEX,2015,SE.XPD.TOTL.GD.ZS,5.05087995529175
Mexico,MX,MEX,2014,SE.XPD.TOTL.GD.ZS,5.06807994842529
Mexico,MX,MEX,2013,SE.XPD.TOTL.GD.ZS,4.50858020782471
Mexico,MX,MEX,2012,SE.XPD.TOTL.GD.ZS,4.88349008560181
Mexico,MX,MEX,2011,SE.XPD.TOTL.GD.ZS,4.9040699005127
Mexico,MX,MEX,2010,SE.XPD.TOTL.GD.ZS,4.93697023391724
Netherlands,NL,NLD,2023,SE.XPD.TOTL.GD.ZS,
Netherlands,NL,NLD,2022,SE.XPD.TOTL.GD.ZS,5.17918014526367
Netherlands,NL,NLD,2021,SE.XPD.TOTL.GD.ZS,5.37661981582642
Netherlands,NL,NLD,2020,SE.XPD.TOTL.GD.ZS,5.29139995574951
Netherlands,NL,NLD,2019,SE.XPD.TOTL.GD.ZS,5.0559401512146
Netherlands,NL,NLD,2018,SE.XPD.TOTL.GD.ZS,5.26723003387451
Netherlands,NL,NLD,2017,SE.XPD.TOTL.GD.ZS,5.08747005462646
Netherlands,NL,NLD,2016,SE.XPD.TOTL.GD.ZS,5.38952016830444
Netherlands,NL,NLD,2015,SE.XPD.TOTL.GD.ZS,5.27802991867065
Netherlands,NL,NLD,2014,SE.XPD.TOTL.GD.ZS,5.40205001831055
Netherlands,NL,NLD,2013,SE.XPD.TOTL.GD.ZS,5.48417997360229
Netherlands,NL,NLD,2012,SE.XPD.TOTL.GD.ZS,5.36694002151489
Netherlands,NL,NLD,2011,SE.XPD.TOTL.GD.ZS,5.41595983505249
Netherlands,NL,NLD,2010,SE.XPD.TOTL.GD.ZS,5.45634984970093
Poland,PL,POL,2023,SE.XPD.TOTL.GD.ZS,
Poland,PL,POL,2022,SE.XPD.TOTL.GD.ZS,4.31372976303101
Poland,PL,POL,2021,SE.XPD.TOTL.GD.ZS,4.61998987197876
Poland,PL,POL,2020,SE.XPD.TOTL.GD.ZS,4.80081987380981
Poland,PL,POL,2019,SE.XPD.TOTL.GD.ZS,4.62736988067627
Poland,PL,POL,2018,SE.XPD.TOTL.GD.ZS,4.55985021591187
Poland,PL,POL,2017,SE.XPD.TOTL.GD.ZS,4.54246997833252
Poland,PL,POL,2016,SE.XPD.TOTL.GD.ZS,4.62726020812988
Poland,PL,POL,2015,SE.XPD.TOTL.GD.ZS,4.78748989105225
Poland,PL,POL,2014,SE.XPD.TOTL.GD.ZS,4.93858003616333
Poland,PL,POL,2013,SE.XPD.TOTL.GD.ZS,4.99779987335205
Poland,PL,POL,2012,SE.XPD.TOTL.GD.ZS,4.83311986923218
Poland,PL,POL,2011,SE.XPD.TOTL.GD.ZS,4.82901000976562
Poland,PL,POL,2010,SE.XPD.TOTL.GD.ZS,5.08126020431519
Sweden,SE,SWE,2023,SE.XPD.TOTL.GD.ZS,
Sweden,SE,SWE,2022,SE.XPD.TOTL.GD.ZS,7.31909990310669
Sweden,SE,SWE,2021,SE.XPD.TOTL.GD.ZS,7.60224008560181
Sweden,SE,SWE,2020,SE.XPD.TOTL.GD.ZS,7.95333003997803
Sweden,SE,SWE,2019,SE.XPD.TOTL.GD.ZS,7.66307020187378
Sweden,SE,SWE,2018,SE.XPD.TOTL.GD.ZS,7.69825983047485
Sweden,SE,SWE,2017,SE.XPD.TOTL.GD.ZS,7.63849020004272
Sweden,SE,SWE,2016,SE.XPD.TOTL.GD.ZS,7.63991022109985
Sweden,SE,SWE,2015,SE.XPD.TOTL.GD.ZS,7.49442005157471
Sweden,SE,SWE,2014,SE.XPD.TOTL.GD.ZS,7.62924003601074
Sweden,SE,SWE,2013,SE.XPD.TOTL.GD.ZS,7.6465802192688
Sweden,SE,SWE,2012,SE.XPD.TOTL.GD.ZS,7.57456016540527
Sweden,SE,SWE,2011,SE.XPD.TOTL.GD.ZS,6.40655994415283
Sweden,SE,SWE,2010,SE.XPD.TOTL.GD.ZS,6.56318998336792
United States,US,USA,2023,SE.XPD.TOTL.GD.ZS,
United States,US,USA,2022,SE.XPD.TOTL.GD.ZS,
United States,US,USA,2021,SE.XPD.TOTL.GD.ZS,5.42038011550903
United States,US,USA,2020,SE.XPD.TOTL.GD.ZS,5.39530992507935
United States,US,USA,2019,SE.XPD.TOTL.GD.ZS,4.95746994018555
United States,US,USA,2018,SE.XPD.TOTL.GD.ZS,4.89502000808716
United States,US,USA,2017,SE.XPD.TOTL.GD.ZS,5.09296989440918
United States,US,USA,2016,SE.XPD.TOTL.GD.ZS,4.78327989578247
United States,US,USA,2015,SE.XPD.TOTL.GD.ZS,4.93064022064209
United States,US,USA,2014,SE.XPD.TOTL.GD.ZS,
United States,US,USA,2013,SE.XPD.TOTL.GD.ZS,
United States,US,USA,2012,SE.XPD.TOTL.GD.ZS,
United States,US,USA,2011,SE.XPD.TOTL.GD.ZS,
United States,US,USA,2010,SE.XPD.TOTL.GD.ZS,
Australia,AU,AUS,2023,SE.XPD.TOTL.GD.ZS,
Australia,AU,AUS,2022,SE.XPD.TOTL.GD.ZS,5.05915021896362
Australia,AU,AUS,2021,SE.XPD.TOTL.GD.ZS,5.34109020233154
Australia,AU,AUS,2020,SE.XPD.TOTL.GD.ZS,5.38625001907349
Australia,AU,AUS,2019,SE.XPD.TOTL.GD.ZS,
Australia,AU,AUS,2018,SE.XPD.TOTL.GD.ZS,
Australia,AU,AUS,2017,SE.XPD.TOTL.GD.ZS,
Australia,AU,AUS,2016,SE.XPD.TOTL.GD.ZS,
Australia,AU,AUS,2015,SE.XPD.TOTL.GD.ZS,
Australia,AU,AUS,2014,SE.XPD.TOTL.GD.ZS,
Australia,AU,AUS,2013,SE.XPD.TOTL.GD.ZS,
Australia,AU,AUS,2012,SE.XPD.TOTL.GD.ZS,
Australia,AU,AUS,2011,SE.XPD.TOTL.GD.ZS,
Australia,AU,AUS,2010,SE.XPD.TOTL.GD.ZS,
Chile,CL,CHL,2023,SE.XPD.TOTL.GD.ZS,
Chile,CL,CHL,2022,SE.XPD.TOTL.GD.ZS,4.91201019287109
Chile,CL,CHL,2021,SE.XPD.TOTL.GD.ZS,5.00225019454956
Chile,CL,CHL,2020,SE.XPD.TOTL.GD.ZS,5.62992000579834
Chile,CL,CHL,2019,SE.XPD.TOTL.GD.ZS,5.62629985809326
Chile,CL,CHL,2018,SE.XPD.TOTL.GD.ZS,5.473060131073
Chile,CL,CHL,2017,SE.XPD.TOTL.GD.ZS,5.43278980255127
Chile,CL,CHL,2016,SE.XPD.TOTL.GD.ZS,5.36645984649658
Chile,CL,CHL,2015,SE.XPD.TOTL.GD.ZS,4.90390014648438
Chile,CL,CHL,2014,SE.XPD.TOTL.GD.ZS,4.75168991088867
Chile,CL,CHL,2013,SE.XPD.TOTL.GD.ZS,4.54814004898071
Chile,CL,CHL,2012,SE.XPD.TOTL.GD.ZS,
Chile,CL,CHL,2011,SE.XPD.TOTL.GD.ZS,4.06173992156982
Chile,CL,CHL,2010,SE.XPD.TOTL.GD.ZS,4.18953990936279
Colombia,CO,COL,2023,SE.XPD.TOTL.GD.ZS,
Colombia,CO,COL,2022,SE.XPD.TOTL.GD.ZS,
Colombia,CO,COL,2021,SE.XPD.TOTL.GD.ZS,
Colombia,CO,COL,2020,SE.XPD.TOTL.GD.ZS,5.26166009902954
Colombia,CO,COL,2019,SE.XPD.TOTL.GD.ZS,4.51068019866943
Colombia,CO,COL,2018,SE.XPD.TOTL.GD.ZS,4.44910001754761
Colombia,CO,COL,2017,SE.XPD.TOTL.GD.ZS,4.53551006317139
Colombia,CO,COL,2016,SE.XPD.TOTL.GD.ZS,4.47721004486084
Colombia,CO,COL,2015,SE.XPD.TOTL.GD.ZS,4.47038984298706
Colombia,CO,COL,2014,SE.XPD.TOTL.GD.ZS,4.62945985794067
Colombia,CO,COL,2013,SE.XPD.TOTL.GD.ZS,4.87855005264282
Colombia,CO,COL,2012,SE.XPD.TOTL.GD.ZS,4.37038993835449
Colombia,CO,COL,2011,SE.XPD.TOTL.GD.ZS,4.46608018875122
Colombia,CO,COL,2010,SE.XPD.TOTL.GD.ZS,4.83382987976074
"Egypt, Arab Rep.",EG,EGY,2023,SE.XPD.TOTL.GD.ZS,
"Egypt, Arab Rep.",EG,EGY,2022,SE.XPD.TOTL.GD.ZS,
"Egypt, Arab Rep.",EG,EGY,2021,SE.XPD.TOTL.GD.ZS,
"Egypt, Arab Rep.",EG,EGY,2020,SE.XPD.TOTL.GD.ZS,
"Egypt, Arab Rep.",EG,EGY,2019,SE.XPD.TOTL.GD.ZS,
"Egypt, Arab Rep.",EG,EGY,2018,SE.XPD.TOTL.GD.ZS,
"Egypt, Arab Rep.",EG,EGY,2017,SE.XPD.TOTL.GD.ZS,
"Egypt, Arab Rep.",EG,EGY,2016,SE.XPD.TOTL.GD.ZS,
"Egypt, Arab Rep.",EG,EGY,2015,SE.XPD.TOTL.GD.ZS,
"Egypt, Arab Rep.",EG,EGY,2014,SE.XPD.TOTL.GD.ZS,
"Egypt, Arab Rep.",EG,EGY,2013,SE.XPD.TOTL.GD.ZS,
"Egypt, Arab Rep.",EG,EGY,2012,SE.XPD.TOTL.GD.ZS,
"Egypt, Arab Rep.",EG,EGY,2011,SE.XPD.TOTL.GD.ZS,
"Egypt, Arab Rep.",EG,EGY,2010,SE.XPD.TOTL.GD.ZS,
Indonesia,ID,IDN,2023,SE.XPD.TOTL.GD.ZS,1.27517088245674
Indonesia,ID,IDN,2022,SE.XPD.TOTL.GD.ZS,0.863943349575907
Indonesia,ID,IDN,2021,SE.XPD.TOTL.GD.ZS,1.03221750658374
Indonesia,ID,IDN,2020,SE.XPD.TOTL.GD.ZS,1.01593221347809
Indonesia,ID,IDN,2019,SE.XPD.TOTL.GD.ZS,0.964399077622927
Indonesia,ID,IDN,2018,SE.XPD.TOTL.GD.ZS,0.994436460846179
Indonesia,ID,IDN,2017,SE.XPD.TOTL.GD.ZS,1.05324382490056
Indonesia,ID,IDN,2016,SE.XPD.TOTL.GD.ZS,1.21023452496964
Indonesia,ID,IDN,2015,SE.XPD.TOTL.GD.ZS,3.58361005783081
Indonesia,ID,IDN,2014,SE.XPD.TOTL.GD.ZS,3.28800988197327
Indonesia,ID,IDN,2013,SE.XPD.TOTL.GD.ZS,3.35904002189636
Indonesia,ID,IDN,2012,SE.XPD.TOTL.GD.ZS,3.40748000144958
Indonesia,ID,IDN,2011,SE.XPD.TOTL.GD.ZS,3.18944001197815
Indonesia,ID,IDN,2010,SE.XPD.TOTL.GD.ZS,2.81227993965149
India,IN,IND,2023,SE.XPD.TOTL.GD.ZS,
India,IN,IND,2022,SE.XPD.TOTL.GD.ZS,4.09865814174589
India,IN,IND,2021,SE.XPD.TOTL.GD.ZS,4.62949991226196
India,IN,IND,2020,SE.XPD.TOTL.GD.ZS,4.29335021972656
India,IN,IND,2019,SE.XPD.TOTL.GD.ZS,3.89732003211975
India,IN,IND,2018,SE.XPD.TOTL.GD.ZS,4.36374998092651
India,IN,IND,2017,SE.XPD.TOTL.GD.ZS,4.30543994903565
India,IN,IND,2016,SE.XPD.TOTL.GD.ZS,4.25406980514526
India,IN,IND,2015,SE.XPD.TOTL.GD.ZS,4.1145601272583
India,IN,IND,2014,SE.XPD.TOTL.GD.ZS,3.89878023242693
India,IN,IND,2013,SE.XPD.TOTL.GD.ZS,3.84467005729675
India,IN,IND,2012,SE.XPD.TOTL.GD.ZS,3.8675000667572
India,IN,IND,2011,SE.XPD.TOTL.GD.ZS,3.79618000984192
India,IN,IND,2010,SE.XPD.TOTL.GD.ZS,3.377690076828
"Korea, Rep.",KR,KOR,2023,SE.XPD.TOTL.GD.ZS,
"Korea, Rep.",KR,KOR,2022,SE.XPD.TOTL.GD.ZS,5.40910005569458
"Korea, Rep.",KR,KOR,2021,SE.XPD.TOTL.GD.ZS,4.55590009689331
"Korea, Rep.",KR,KOR,2020,SE.XPD.TOTL.GD.ZS,4.52706003189087
"Korea, Rep.",KR,KOR,2019,SE.XPD.TOTL.GD.ZS,4.41813993453979
"Korea, Rep.",KR,KOR,2018,SE.XPD.TOTL.GD.ZS,4.21645021438599
"Korea, Rep.",KR,KOR,2017,SE.XPD.TOTL.GD.ZS,4.10775995254517
"Korea, Rep.",KR,KOR,2016,SE.XPD.TOTL.GD.ZS,4.11502981185913
"Korea, Rep.",KR,KOR,2015,SE.XPD.TOTL.GD.ZS,4.24247980117798
"Korea, Rep.",KR,KOR,2014,SE.XPD.TOTL.GD.ZS,
"Korea, Rep.",KR,KOR,2013,SE.XPD.TOTL.GD.ZS,
"Korea, Rep.",KR,KOR,2012,SE.XPD.TOTL.GD.ZS,
"Korea, Rep.",KR,KOR,2011,SE.XPD.TOTL.GD.ZS,
"Korea, Rep.",KR,KOR,2010,SE.XPD.TOTL.GD.ZS,
Nigeria,NG,NGA,2023,SE.XPD.TOTL.GD.ZS,0.319069049792343
Nigeria,NG,NGA,2022,SE.XPD.TOTL.GD.ZS,0.348516707890877
Nigeria,NG,NGA,2021,SE.XPD.TOTL.GD.ZS,0.381919104397325
Nigeria,NG,NGA,2020,SE.XPD.TOTL.GD.ZS,0.35963763718498
Nigeria,NG,NGA,2019,SE.XPD.TOTL.GD.ZS,0.358479005206684
Nigeria,NG,NGA,2018,SE.XPD.TOTL.GD.ZS,0.419998493796127
Nigeria,NG,NGA,2017,SE.XPD.TOTL.GD.ZS,0.396354013591345
Nigeria,NG,NGA,2016,SE.XPD.TOTL.GD.ZS,0.393045646249364
Nigeria,NG,NGA,2015,SE.XPD.TOTL.GD.ZS,0.436954905120644
Nigeria,NG,NGA,2014,SE.XPD.TOTL.GD.ZS,0.470742539133469
Nigeria,NG,NGA,2013,SE.XPD.TOTL.GD.ZS,0.534206768008091
Nigeria,NG,NGA,2012,SE.XPD.TOTL.GD.ZS,0.549233086121929
Nigeria,NG,NGA,2011,SE.XPD.TOTL.GD.ZS,
Nigeria,NG,NGA,2010,SE.XPD.TOTL.GD.ZS,
Russian Federation,RU,RUS,2023,SE.XPD.TOTL.GD.ZS,4.16454853394225
Russian Federation,RU,RUS,2022,SE.XPD.TOTL.GD.ZS,4.05402755323777
Russian Federation,RU,RUS,2021,SE.XPD.TOTL.GD.ZS,3.99480697864774
Russian Federation,RU,RUS,2020,SE.XPD.TOTL.GD.ZS,4.01641864383637
Russian Federation,RU,RUS,2019,SE.XPD.TOTL.GD.ZS,3.69561429198336
Russian Federation,RU,RUS,2018,SE.XPD.TOTL.GD.ZS,4.67819023132324
Russian Federation,RU,RUS,2017,SE.XPD.TOTL.GD.ZS,4.68990993499756
Russian Federation,RU,RUS,2016,SE.XPD.TOTL.GD.ZS,3.76044011116028
Russian Federation,RU,RUS,2015,SE.XPD.TOTL.GD.ZS,3.83402991294861
Russian Federation,RU,RUS,2014,SE.XPD.TOTL.GD.ZS,4.01387977600098
Russian Federation,RU,RUS,2013,SE.XPD.TOTL.GD.ZS,3.76382994651794
Russian Federation,RU,RUS,2012,SE.XPD.TOTL.GD.ZS,3.79310011863708
Russian Federation,RU,RUS,2011,SE.XPD.TOTL.GD.ZS,3.71261270253186
Russian Federation,RU,RUS,2010,SE.XPD.TOTL.GD.ZS,4.08974230526824
Saudi Arabia,SA,SAU,2023,SE.XPD.TOTL.GD.ZS,4.48087978363037
Saudi Arabia,SA,SAU,2022,SE.XPD.TOTL.GD.ZS,
Saudi Arabia,SA,SAU,2021,SE.XPD.TOTL.GD.ZS,
Saudi Arabia,SA,SAU,2020,SE.XPD.TOTL.GD.ZS,
Saudi Arabia,SA,SAU,2019,SE.XPD.TOTL.GD.ZS,
Saudi Arabia,SA,SAU,2018,SE.XPD.TOTL.GD.ZS,
Saudi Arabia,SA,SAU,2017,SE.XPD.TOTL.GD.ZS,
Saudi Arabia,SA,SAU,2016,SE.XPD.TOTL.GD.ZS,
Saudi Arabia,SA,SAU,2015,SE.XPD.TOTL.GD.ZS,
Saudi Arabia,SA,SAU,2014,SE.XPD.TOTL.GD.ZS,
Saudi Arabia,SA,SAU,2013,SE.XPD.TOTL.GD.ZS,
Saudi Arabia,SA,SAU,2012,SE.XPD.TOTL.GD.ZS,
Saudi Arabia,SA,SAU,2011,SE.XPD.TOTL.GD.ZS,
Saudi Arabia,SA,SAU,2010,SE.XPD.TOTL.GD.ZS,
Singapore,SG,SGP,2023,SE.XPD.TOTL.GD.ZS,2.1037700176239
Singapore,SG,SGP,2022,SE.XPD.TOTL.GD.ZS,2.47478008270264
Singapore,SG,SGP,2021,SE.XPD.TOTL.GD.ZS,2.82732009887695
Singapore,SG,SGP,2020,SE.XPD.TOTL.GD.ZS,2.69227004051208
Singapore,SG,SGP,2019,SE.XPD.TOTL.GD.ZS,2.72783994674683
Singapore,SG,SGP,2018,SE.XPD.TOTL.GD.ZS,2.85314011573792
Singapore,SG,SGP,2017,SE.XPD.TOTL.GD.ZS,2.87916382421742
Singapore,SG,SGP,2016,SE.XPD.TOTL.GD.ZS,2.94466258946576
Singapore,SG,SGP,2015,SE.XPD.TOTL.GD.ZS,2.99161870509909
Singapore,SG,SGP,2014,SE.XPD.TOTL.GD.ZS,3.01358665503678
Singapore,SG,SGP,2013,SE.XPD.TOTL.GD.ZS,2.85435009002686
Singapore,SG,SGP,2012,SE.XPD.TOTL.GD.ZS,3.07084989547729
Singapore,SG,SGP,2011,SE.XPD.TOTL.GD.ZS,3.03077006340027
Singapore,SG,SGP,2010,SE.XPD.TOTL.GD.ZS,3.08044004440308
Turkiye,TR,TUR,2023,SE.XPD.TOTL.GD.ZS,
Turkiye,TR,TUR,2022,SE.XPD.TOTL.GD.ZS,3.09571003913879
Turkiye,TR,TUR,2021,SE.XPD.TOTL.GD.ZS,3.53787994384766
Turkiye,TR,TUR,2020,SE.XPD.TOTL.GD.ZS,4.03382015228271
Turkiye,TR,TUR,2019,SE.XPD.TOTL.GD.ZS,4.44776010513306
Turkiye,TR,TUR,2018,SE.XPD.TOTL.GD.ZS,4.29729986190796
Turkiye,TR,TUR,2017,SE.XPD.TOTL.GD.ZS,4.32369995117188
Turkiye,TR,TUR,2016,SE.XPD.TOTL.GD.ZS,4.62773990631104
Turkiye,TR,TUR,2015,SE.XPD.TOTL.GD.ZS,4.30550003051758
Turkiye,TR,TUR,2014,SE.XPD.TOTL.GD.ZS,4.41256999969482
Turkiye,TR,TUR,2013,SE.XPD.TOTL.GD.ZS,4.34479999542236
Turkiye,TR,TUR,2012,SE.XPD.TOTL.GD.ZS,4.38721990585327
Turkiye,TR,TUR,2011,SE.XPD.TOTL.GD.ZS,4.22150993347168
Turkiye,TR,TUR,2010,SE.XPD.TOTL.GD.ZS,
Viet Nam,VN,VNM,2023,SE.XPD.TOTL.GD.ZS,
Viet Nam,VN,VNM,2022,SE.XPD.TOTL.GD.ZS,2.88738689372749
Viet Nam,VN,VNM,2021,SE.XPD.TOTL.GD.ZS,2.94517488804327
Viet Nam,VN,VNM,2020,SE.XPD.TOTL.GD.ZS,3.21652900152514
Viet Nam,VN,VNM,2019,SE.XPD.TOTL.GD.ZS,3.08499832693462
Viet Nam,VN,VNM,2018,SE.XPD.TOTL.GD.ZS,3.29537010192871
Viet Nam,VN,VNM,2017,SE.XPD.TOTL.GD.ZS,3.41865686539527
Viet Nam,VN,VNM,2016,SE.XPD.TOTL.GD.ZS,3.46906995773315
Viet Nam,VN,VNM,2015,SE.XPD.TOTL.GD.ZS,3.41660449674943
Viet Nam,VN,VNM,2014,SE.XPD.TOTL.GD.ZS,3.54012312110584
Viet Nam,VN,VNM,2013,SE.XPD.TOTL.GD.ZS,4.52833986282349
Viet Nam,VN,VNM,2012,SE.XPD.TOTL.GD.ZS,4.40817022323608
Viet Nam,VN,VNM,2011,SE.XPD.TOTL.GD.ZS,3.7802300453186
Viet Nam,VN,VNM,2010,SE.XPD.TOTL.GD.ZS,4.04594993591309
South Africa,ZA,ZAF,2023,SE.XPD.TOTL.GD.ZS,6.12347984313965
South Africa,ZA,ZAF,2022,SE.XPD.TOTL.GD.ZS,6.15599012374878
South Africa,ZA,ZAF,2021,SE.XPD.TOTL.GD.ZS,6.5551700592041
South Africa,ZA,ZAF,2020,SE.XPD.TOTL.GD.ZS,6.17067003250122
South Africa,ZA,ZAF,2019,SE.XPD.TOTL.GD.ZS,5.91159009933472
South Africa,ZA,ZAF,2018,SE.XPD.TOTL.GD.ZS,5.64401006698608
South Africa,ZA,ZAF,2017,SE.XPD.TOTL.GD.ZS,5.59868001937866
South Africa,ZA,ZAF,2016,SE.XPD.TOTL.GD.ZS,5.4442400932312
South Africa,ZA,ZAF,2015,SE.XPD.TOTL.GD.ZS,5.48285007476807
South Africa,ZA,ZAF,2014,SE.XPD.TOTL.GD.ZS,5.48977994918823
South Africa,ZA,ZAF,2013,SE.XPD.TOTL.GD.ZS,5.35070991516113
South Africa,ZA,ZAF,2012,SE.XPD.TOTL.GD.ZS,5.52322006225586
South Africa,ZA,ZAF,2011,SE.XPD.TOTL.GD.ZS,5.28899002075195
South Africa,ZA,ZAF,2010,SE.XPD.TOTL.GD.ZS,5.13496017456055
Argentina,AR,ARG,2023,SE.XPD.TOTL.GB.ZS,13.2239599227905
Argentina,AR,ARG,2022,SE.XPD.TOTL.GB.ZS,12.7075796127319
Argentina,AR,ARG,2021,SE.XPD.TOTL.GB.ZS,12.2848997116089
Argentina,AR,ARG,2020,SE.XPD.TOTL.GB.ZS,12.4222898483276
Argentina,AR,ARG,2019,SE.XPD.TOTL.GB.ZS,12.5144596099853
Argentina,AR,ARG,2018,SE.XPD.TOTL.GB.ZS,12.5233402252197
Argentina,AR,ARG,2017,SE.XPD.TOTL.GB.ZS,13.2639198303223
Argentina,AR,ARG,2016,SE.XPD.TOTL.GB.ZS,13.3555402755737
Argentina,AR,ARG,2015,SE.XPD.TOTL.GB.ZS,13.9633102416992
Argentina,AR,ARG,2014,SE.XPD.TOTL.GB.ZS,13.7993297576904
Argentina,AR,ARG,2013,SE.XPD.TOTL.GB.ZS,14.457929611206
Argentina,AR,ARG,2012,SE.XPD.TOTL.GB.ZS,14.5182600021362
Argentina,AR,ARG,2011,SE.XPD.TOTL.GB.ZS,15.1585597991943
Argentina,AR,ARG,2010,SE.XPD.TOTL.GB.ZS,15.0479698181152
Brazil,BR,BRA,2023,SE.XPD.TOTL.GB.ZS,
Brazil,BR,BRA,2022,SE.XPD.TOTL.GB.ZS,12.9340095520019
Brazil,BR,BRA,2021,SE.XPD.TOTL.GB.ZS,13.6161603927612
Brazil,BR,BRA,2020,SE.XPD.TOTL.GB.ZS,12.4982500076294
Brazil,BR,BRA,2019,SE.XPD.TOTL.GB.ZS,13.8547201156616
Brazil,BR,BRA,2018,SE.XPD.TOTL.GB.ZS,13.7809400558472
Brazil,BR,BRA,2017,SE.XPD.TOTL.GB.ZS,14.2683095932007
Brazil,BR,BRA,2016,SE.XPD.TOTL.GB.ZS,13.8761100769043
Brazil,BR,BRA,2015,SE.XPD.TOTL.GB.ZS,13.5114603042603
Brazil,BR,BRA,2014,SE.XPD.TOTL.GB.ZS,14.3591403961182
Brazil,BR,BRA,2013,SE.XPD.TOTL.GB.ZS,14.6777896881103
Brazil,BR,BRA,2012,SE.XPD.TOTL.GB.ZS,14.8948698043823
Brazil,BR,BRA,2011,SE.XPD.TOTL.GB.ZS,14.5740699768066
Brazil,BR,BRA,2010,SE.XPD.TOTL.GB.ZS,14.2950096130371
Canada,CA,CAN,2023,SE.XPD.TOTL.GB.ZS,
Canada,CA,CAN,2022,SE.XPD.TOTL.GB.ZS,10.6535596847534
Canada,CA,CAN,2021,SE.XPD.TOTL.GB.ZS,9.0687198638916
Canada,CA,CAN,2020,SE.XPD.TOTL.GB.ZS,12.0423498153687
Canada,CA,CAN,2019,SE.XPD.TOTL.GB.ZS,11.7379398345947
Canada,CA,CAN,2018,SE.XPD.TOTL.GB.ZS,12.0848703384399
Canada,CA,CAN,2017,SE.XPD.TOTL.GB.ZS,12.1707401275635
Canada,CA,CAN,2016,SE.XPD.TOTL.GB.ZS,12.0354995727539
Canada,CA,CAN,2015,SE.XPD.TOTL.GB.ZS,12.351619720459
Canada,CA,CAN,2014,SE.XPD.TOTL.GB.ZS,12.1208801269531
Canada,CA,CAN,2013,SE.XPD.TOTL.GB.ZS,11.2129096984863
Canada,CA,CAN,2012,SE.XPD.TOTL.GB.ZS,
Canada,CA,CAN,2011,SE.XPD.TOTL.GB.ZS,12.2191400527954
Canada,CA,CAN,2010,SE.XPD.TOTL.GB.ZS,12.3359603881836
China,CN,CHN,2023,SE.XPD.TOTL.GB.ZS,11.9055795669556
China,CN,CHN,2022,SE.XPD.TOTL.GB.ZS,
China,CN,CHN,2021,SE.XPD.TOTL.GB.ZS,
China,CN,CHN,2020,SE.XPD.TOTL.GB.ZS,
China,CN,CHN,2019,SE.XPD.TOTL.GB.ZS,
China,CN,CHN,2018,SE.XPD.TOTL.GB.ZS,
China,CN,CHN,2017,SE.XPD.TOTL.GB.ZS,
China,CN,CHN,2016,SE.XPD.TOTL.GB.ZS,
China,CN,CHN,2015,SE.XPD.TOTL.GB.ZS,
China,CN,CHN,2014,SE.XPD.TOTL.GB.ZS,
China,CN,CHN,2013,SE.XPD.TOTL.GB.ZS,
China,CN,CHN,2012,SE.XPD.TOTL.GB.ZS,
China,CN,CHN,2011,SE.XPD.TOTL.GB.ZS,
China,CN,CHN,2010,SE.XPD.TOTL.GB.ZS,
Germany,DE,DEU,2023,SE.XPD.TOTL.GB.ZS,
Germany,DE,DEU,2022,SE.XPD.TOTL.GB.ZS,10.6821203231812
Germany,DE,DEU,2021,SE.XPD.TOTL.GB.ZS,10.5759496688843
Germany,DE,DEU,2020,SE.XPD.TOTL.GB.ZS,10.7882499694824
Germany,DE,DEU,2019,SE.XPD.TOTL.GB.ZS,11.0342197418213
Germany,DE,DEU,2018,SE.XPD.TOTL.GB.ZS,10.9289703369141
Germany,DE,DEU,2017,SE.XPD.TOTL.GB.ZS,10.7217998504639
Germany,DE,DEU,2016,SE.XPD.TOTL.GB.ZS,10.6515398025513
Germany,DE,DEU,2015,SE.XPD.TOTL.GB.ZS,10.6987800598144
Germany,DE,DEU,2014,SE.XPD.TOTL.GB.ZS,10.8451299667358
Germany,DE,DEU,2013,SE.XPD.TOTL.GB.ZS,10.717679977417
Germany,DE,DEU,2012,SE.XPD.TOTL.GB.ZS,10.7168598175049
Germany,DE,DEU,2011,SE.XPD.TOTL.GB.ZS,10.7915496826172
Germany,DE,DEU,2010,SE.XPD.TOTL.GB.ZS,10.3819904327393
Spain,ES,ESP,2023,SE.XPD.TOTL.GB.ZS,
Spain,ES,ESP,2022,SE.XPD.TOTL.GB.ZS,9.87539005279541
Spain,ES,ESP,2021,SE.XPD.TOTL.GB.ZS,9.72498035430908
Spain,ES,ESP,2020,SE.XPD.TOTL.GB.ZS,9.43229007720947
Spain,ES,ESP,2019,SE.XPD.TOTL.GB.ZS,10.0043096542358
Spain,ES,ESP,2018,SE.XPD.TOTL.GB.ZS,9.99577045440674
Spain,ES,ESP,2017,SE.XPD.TOTL.GB.ZS,10.1795501708984
Spain,ES,ESP,2016,SE.XPD.TOTL.GB.ZS,9.95104026794434
Spain,ES,ESP,2015,SE.XPD.TOTL.GB.ZS,9.72698974609375
Spain,ES,ESP,2014,SE.XPD.TOTL.GB.ZS,9.48867034912109
Spain,ES,ESP,2013,SE.XPD.TOTL.GB.ZS,9.37672996520996
Spain,ES,ESP,2012,SE.XPD.TOTL.GB.ZS,9.05819034576416
Spain,ES,ESP,2011,SE.XPD.TOTL.GB.ZS,10.2716302871704
Spain,ES,ESP,2010,SE.XPD.TOTL.GB.ZS,10.548810005188
France,FR,FRA,2023,SE.XPD.TOTL.GB.ZS,
France,FR,FRA,2022,SE.XPD.TOTL.GB.ZS,9.11748027801514
France,FR,FRA,2021,SE.XPD.TOTL.GB.ZS,9.11054992675781
France,FR,FRA,2020,SE.XPD.TOTL.GB.ZS,9.17183971405029
France,FR,FRA,2019,SE.XPD.TOTL.GB.ZS,9.69626998901367
France,FR,FRA,2018,SE.XPD.TOTL.GB.ZS,9.62475967407227
France,FR,FRA,2017,SE.XPD.TOTL.GB.ZS,9.47682952880859
France,FR,FRA,2016,SE.XPD.TOTL.GB.ZS,
France,FR,FRA,2015,SE.XPD.TOTL.GB.ZS,
France,FR,FRA,2014,SE.XPD.TOTL.GB.ZS,
France,FR,FRA,2013,SE.XPD.TOTL.GB.ZS,
France,FR,FRA,2012,SE.XPD.TOTL.GB.ZS,
France,FR,FRA,2011,SE.XPD.TOTL.GB.ZS,
France,FR,FRA,2010,SE.XPD.TOTL.GB.ZS,
United Kingdom,GB,GBR,2023,SE.XPD.TOTL.GB.ZS,
United Kingdom,GB,GBR,2022,SE.XPD.TOTL.GB.ZS,
United Kingdom,GB,GBR,2021,SE.XPD.TOTL.GB.ZS,11.8168001174927
United Kingdom,GB,GBR,2020,SE.XPD.TOTL.GB.ZS,14.0322599411011
United Kingdom,GB,GBR,2019,SE.XPD.TOTL.GB.ZS,13.5348701477051
United Kingdom,GB,GBR,2018,SE.XPD.TOTL.GB.ZS,13.2917604446411
United Kingdom,GB,GBR,2017,SE.XPD.TOTL.GB.ZS,13.7579402923584
United Kingdom,GB,GBR,2016,SE.XPD.TOTL.GB.ZS,13.427209854126
United Kingdom,GB,GBR,2015,SE.XPD.TOTL.GB.ZS,13.4870100021362
United Kingdom,GB,GBR,2014,SE.XPD.TOTL.GB.ZS,13.3875503540039
United Kingdom,GB,GBR,2013,SE.XPD.TOTL.GB.ZS,12.6864099502563
United Kingdom,GB,GBR,2012,SE.XPD.TOTL.GB.ZS,
United Kingdom,GB,GBR,2011,SE.XPD.TOTL.GB.ZS,12.4644603729248
United Kingdom,GB,GBR,2010,SE.XPD.TOTL.GB.ZS,12.7691202163696
Italy,IT,ITA,2023,SE.XPD.TOTL.GB.ZS,
Italy,IT,ITA,2022,SE.XPD.TOTL.GB.ZS,7.40515995025635
Italy,IT,ITA,2021,SE.XPD.TOTL.GB.ZS,7.44333982467651
Italy,IT,ITA,2020,SE.XPD.TOTL.GB.ZS,7.78043985366821
Italy,IT,ITA,2019,SE.XPD.TOTL.GB.ZS,8.42236995697021
Italy,IT,ITA,2018,SE.XPD.TOTL.GB.ZS,8.77663993835449
Italy,IT,ITA,2017,SE.XPD.TOTL.GB.ZS,8.25417041778564
Italy,IT,ITA,2016,SE.XPD.TOTL.GB.ZS,7.74909019470215
Italy,IT,ITA,2015,SE.XPD.TOTL.GB.ZS,8.06910037994385
Italy,IT,ITA,2014,SE.XPD.TOTL.GB.ZS,7.96660995483398
Italy,IT,ITA,2013,SE.XPD.TOTL.GB.ZS,8.0979700088501
Italy,IT,ITA,2012,SE.XPD.TOTL.GB.ZS,7.99275016784668
Italy,IT,ITA,2011,SE.XPD.TOTL.GB.ZS,8.35120010375977
Italy,IT,ITA,2010,SE.XPD.TOTL.GB.ZS,8.66740036010742
Japan,JP,JPN,2023,SE.XPD.TOTL.GB.ZS,
Japan,JP,JPN,2022,SE.XPD.TOTL.GB.ZS,
Japan,JP,JPN,2021,SE.XPD.TOTL.GB.ZS,
Japan,JP,JPN,2020,SE.XPD.TOTL.GB.ZS,
Japan,JP,JPN,2019,SE.XPD.TOTL.GB.ZS,
Japan,JP,JPN,2018,SE.XPD.TOTL.GB.ZS,
Japan,JP,JPN,2017,SE.XPD.TOTL.GB.ZS,
Japan,JP,JPN,2016,SE.XPD.TOTL.GB.ZS,
Japan,JP,JPN,2015,SE.XPD.TOTL.GB.ZS,
Japan,JP,JPN,2014,SE.XPD.TOTL.GB.ZS,
Japan,JP,JPN,2013,SE.XPD.TOTL.GB.ZS,
Japan,JP,JPN,2012,SE.XPD.TOTL.GB.ZS,
Japan,JP,JPN,2011,SE.XPD.TOTL.GB.ZS,
Japan,JP,JPN,2010,SE.XPD.TOTL.GB.ZS,
Mexico,MX,MEX,2023,SE.XPD.TOTL.GB.ZS,
Mexico,MX,MEX,2022,SE.XPD.TOTL.GB.ZS,14.2361097335815
Mexico,MX,MEX,2021,SE.XPD.TOTL.GB.ZS,15.8831300735474
Mexico,MX,MEX,2020,SE.XPD.TOTL.GB.ZS,16.1958599090576
Mexico,MX,MEX,2019,SE.XPD.TOTL.GB.ZS,
Mexico,MX,MEX,2018,SE.XPD.TOTL.GB.ZS,16.5778503417969
Mexico,MX,MEX,2017,SE.XPD.TOTL.GB.ZS,17.577299118042
Mexico,MX,MEX,2016,SE.XPD.TOTL.GB.ZS,17.9393291473389
Mexico,MX,MEX,2015,SE.XPD.TOTL.GB.ZS,19.0187492370606
Mexico,MX,MEX,2014,SE.XPD.TOTL.GB.ZS,18.8059406280518
Mexico,MX,MEX,2013,SE.XPD.TOTL.GB.ZS,16.9059906005859
Mexico,MX,MEX,2012,SE.XPD.TOTL.GB.ZS,18.0871906280518
Mexico,MX,MEX,2011,SE.XPD.TOTL.GB.ZS,18.4210205078125
Mexico,MX,MEX,2010,SE.XPD.TOTL.GB.ZS,18.6425895690918
Netherlands,NL,NLD,2023,SE.XPD.TOTL.GB.ZS,
Netherlands,NL,NLD,2022,SE.XPD.TOTL.GB.ZS,11.9706201553345
Netherlands,NL,NLD,2021,SE.XPD.TOTL.GB.ZS,11.715220451355
Netherlands,NL,NLD,2020,SE.XPD.TOTL.GB.ZS,11.0668096542358
Netherlands,NL,NLD,2019,SE.XPD.TOTL.GB.ZS,12.0098304748535
Netherlands,NL,NLD,2018,SE.XPD.TOTL.GB.ZS,12.4101104736328
Netherlands,NL,NLD,2017,SE.XPD.TOTL.GB.ZS,11.8980598449707
Netherlands,NL,NLD,2016,SE.XPD.TOTL.GB.ZS,12.2720804214478
Netherlands,NL,NLD,2015,SE.XPD.TOTL.GB.ZS,11.6637096405029
Netherlands,NL,NLD,2014,SE.XPD.TOTL.GB.ZS,11.5578203201294
Netherlands,NL,NLD,2013,SE.XPD.TOTL.GB.ZS,11.535400390625
Netherlands,NL,NLD,2012,SE.XPD.TOTL.GB.ZS,11.2650299072266
Netherlands,NL,NLD,2011,SE.XPD.TOTL.GB.ZS,11.3361701965332
Netherlands,NL,NLD,2010,SE.XPD.TOTL.GB.ZS,11.1658096313477
Poland,PL,POL,2023,SE.XPD.TOTL.GB.ZS,
Poland,PL,POL,2022,SE.XPD.TOTL.GB.ZS,9.97441005706787
Poland,PL,POL,2021,SE.XPD.TOTL.GB.ZS,10.6040897369385
Poland,PL,POL,2020,SE.XPD.TOTL.GB.ZS,10.0572299957275
Poland,PL,POL,2019,SE.XPD.TOTL.GB.ZS,11.1711702346802
Poland,PL,POL,2018,SE.XPD.TOTL.GB.ZS,11.1106195449829
Poland,PL,POL,2017,SE.XPD.TOTL.GB.ZS,11.0439596176147
Poland,PL,POL,2016,SE.XPD.TOTL.GB.ZS,11.2715997695923
Poland,PL,POL,2015,SE.XPD.TOTL.GB.ZS,11.5371503829956
Poland,PL,POL,2014,SE.XPD.TOTL.GB.ZS,11.5705003738403
Poland,PL,POL,2013,SE.XPD.TOTL.GB.ZS,11.5664396286011
Poland,PL,POL,2012,SE.XPD.TOTL.GB.ZS,11.1955099105835
Poland,PL,POL,2011,SE.XPD.TOTL.GB.ZS,10.9456796646118
Poland,PL,POL,2010,SE.XPD.TOTL.GB.ZS,11.0465202331543
Sweden,SE,SWE,2023,SE.XPD.TOTL.GB.ZS,
Sweden,SE,SWE,2022,SE.XPD.TOTL.GB.ZS,15.2760496139526
Sweden,SE,SWE,2021,SE.XPD.TOTL.GB.ZS,15.549150466919
Sweden,SE,SWE,2020,SE.XPD.TOTL.GB.ZS,15.3117399215698
Sweden,SE,SWE,2019,SE.XPD.TOTL.GB.ZS,15.7452297210693
Sweden,SE,SWE,2018,SE.XPD.TOTL.GB.ZS,15.5150499343872
Sweden,SE,SWE,2017,SE.XPD.TOTL.GB.ZS,15.5369501113892
Sweden,SE,SWE,2016,SE.XPD.TOTL.GB.ZS,15.4641704559326
Sweden,SE,SWE,2015,SE.XPD.TOTL.GB.ZS,15.186710357666
Sweden,SE,SWE,2014,SE.XPD.TOTL.GB.ZS,15.0450096130371
Sweden,SE,SWE,2013,SE.XPD.TOTL.GB.ZS,14.8873195648193
Sweden,SE,SWE,2012,SE.XPD.TOTL.GB.ZS,15.0750799179077
Sweden,SE,SWE,2011,SE.XPD.TOTL.GB.ZS,13.0481300354004
Sweden,SE,SWE,2010,SE.XPD.TOTL.GB.ZS,13.193790435791
United States,US,USA,2023,SE.XPD.TOTL.GB.ZS,
United States,US,USA,2022,SE.XPD.TOTL.GB.ZS,
United States,US,USA,2021,SE.XPD.TOTL.GB.ZS,11.2926597595215
United States,US,USA,2020,SE.XPD.TOTL.GB.ZS,12.1569995880127
United States,US,USA,2019,SE.XPD.TOTL.GB.ZS,13.2726898193359
United States,US,USA,2018,SE.XPD.TOTL.GB.ZS,13.1474103927612
United States,US,USA,2017,SE.XPD.TOTL.GB.ZS,13.8754997253418
United States,US,USA,2016,SE.XPD.TOTL.GB.ZS,13.1706104278565
United States,US,USA,2015,SE.XPD.TOTL.GB.ZS,13.5466499328613
United States,US,USA,2014,SE.XPD.TOTL.GB.ZS,
United States,US,USA,2013,SE.XPD.TOTL.GB.ZS,
United States,US,USA,2012,SE.XPD.TOTL.GB.ZS,
United States,US,USA,2011,SE.XPD.TOTL.GB.ZS,
United States,US,USA,2010,SE.XPD.TOTL.GB.ZS,
Australia,AU,AUS,2023,SE.XPD.TOTL.GB.ZS,
Australia,AU,AUS,2022,SE.XPD.TOTL.GB.ZS,12.6419696807861
Australia,AU,AUS,2021,SE.XPD.TOTL.GB.ZS,12.1088399887085
Australia,AU,AUS,2020,SE.XPD.TOTL.GB.ZS,12.1691398620606
Australia,AU,AUS,2019,SE.XPD.TOTL.GB.ZS,
Australia,AU,AUS,2018,SE.XPD.TOTL.GB.ZS,
Australia,AU,AUS,2017,SE.XPD.TOTL.GB.ZS,
Australia,AU,AUS,2016,SE.XPD.TOTL.GB.ZS,
Australia,AU,AUS,2015,SE.XPD.TOTL.GB.ZS,
Australia,AU,AUS,2014,SE.XPD.TOTL.GB.ZS,
Australia,AU,AUS,2013,SE.XPD.TOTL.GB.ZS,
Australia,AU,AUS,2012,SE.XPD.TOTL.GB.ZS,
Australia,AU,AUS,2011,SE.XPD.TOTL.GB.ZS,
Australia,AU,AUS,2010,SE.XPD.TOTL.GB.ZS,
Chile,CL,CHL,2023,SE.XPD.TOTL.GB.ZS,
Chile,CL,CHL,2022,SE.XPD.TOTL.GB.ZS,18.3798809051514
Chile,CL,CHL,2021,SE.XPD.TOTL.GB.ZS,14.8808498382568
Chile,CL,CHL,2020,SE.XPD.TOTL.GB.ZS,19.3545894622803
Chile,CL,CHL,2019,SE.XPD.TOTL.GB.ZS,21.2336292266846
Chile,CL,CHL,2018,SE.XPD.TOTL.GB.ZS,21.3660697937012
Chile,CL,CHL,2017,SE.XPD.TOTL.GB.ZS,21.3112392425537
Chile,CL,CHL,2016,SE.XPD.TOTL.GB.ZS,21.1555995941162
Chile,CL,CHL,2015,SE.XPD.TOTL.GB.ZS,19.5937099456787
Chile,CL,CHL,2014,SE.XPD.TOTL.GB.ZS,19.9210090637207
Chile,CL,CHL,2013,SE.XPD.TOTL.GB.ZS,19.6776504516602
Chile,CL,CHL,2012,SE.XPD.TOTL.GB.ZS,
Chile,CL,CHL,2011,SE.XPD.TOTL.GB.ZS,17.7475700378418
Chile,CL,CHL,2010,SE.XPD.TOTL.GB.ZS,17.8533096313477
Colombia,CO,COL,2023,SE.XPD.TOTL.GB.ZS,
Colombia,CO,COL,2022,SE.XPD.TOTL.GB.ZS,
Colombia,CO,COL,2021,SE.XPD.TOTL.GB.ZS,
Colombia,CO,COL,2020,SE.XPD.TOTL.GB.ZS,
Colombia,CO,COL,2019,SE.XPD.TOTL.GB.ZS,
Colombia,CO,COL,2018,SE.XPD.TOTL.GB.ZS,
Colombia,CO,COL,2017,SE.XPD.TOTL.GB.ZS,
Colombia,CO,COL,2016,SE.XPD.TOTL.GB.ZS,
Colombia,CO,COL,2015,SE.XPD.TOTL.GB.ZS,
Colombia,CO,COL,2014,SE.XPD.TOTL.GB.ZS,
Colombia,CO,COL,2013,SE.XPD.TOTL.GB.ZS,
Colombia,CO,COL,2012,SE.XPD.TOTL.GB.ZS,
Colombia,CO,COL,2011,SE.XPD.TOTL.GB.ZS,
Colombia,CO,COL,2010,SE.XPD.TOTL.GB.ZS,
"Egypt, Arab Rep.",EG,EGY,2023,SE.XPD.TOTL.GB.ZS,
"Egypt, Arab Rep.",EG,EGY,2022,SE.XPD.TOTL.GB.ZS,
"Egypt, Arab Rep.",EG,EGY,2021,SE.XPD.TOTL.GB.ZS,
"Egypt, Arab Rep.",EG,EGY,2020,SE.XPD.TOTL.GB.ZS,
"Egypt, Arab Rep.",EG,EGY,2019,SE.XPD.TOTL.GB.ZS,
"Egypt, Arab Rep.",EG,EGY,2018,SE.XPD.TOTL.GB.ZS,
"Egypt, Arab Rep.",EG,EGY,2017,SE.XPD.TOTL.GB.ZS,
"Egypt, Arab Rep.",EG,EGY,2016,SE.XPD.TOTL.GB.ZS,
"Egypt, Arab Rep.",EG,EGY,2015,SE.XPD.TOTL.GB.ZS,
"Egypt, Arab Rep.",EG,EGY,2014,SE.XPD.TOTL.GB.ZS,
"Egypt, Arab Rep.",EG,EGY,2013,SE.XPD.TOTL.GB.ZS,
"Egypt, Arab Rep.",EG,EGY,2012,SE.XPD.TOTL.GB.ZS,
"Egypt, Arab Rep.",EG,EGY,2011,SE.XPD.TOTL.GB.ZS,
"Egypt, Arab Rep.",EG,EGY,2010,SE.XPD.TOTL.GB.ZS,
Indonesia,ID,IDN,2023,SE.XPD.TOTL.GB.ZS,
Indonesia,ID,IDN,2022,SE.XPD.TOTL.GB.ZS,8.70282050991956
Indonesia,ID,IDN,2021,SE.XPD.TOTL.GB.ZS,8.96559769031117
Indonesia,ID,IDN,2020,SE.XPD.TOTL.GB.ZS,9.31964024456527
Indonesia,ID,IDN,2019,SE.XPD.TOTL.GB.ZS,9.34260924899348
Indonesia,ID,IDN,2018,SE.XPD.TOTL.GB.ZS,10.145246388091
Indonesia,ID,IDN,2017,SE.XPD.TOTL.GB.ZS,10.8803626838238
Indonesia,ID,IDN,2016,SE.XPD.TOTL.GB.ZS,11.3228385780706
Indonesia,ID,IDN,2015,SE.XPD.TOTL.GB.ZS,20.3588600158691
Indonesia,ID,IDN,2014,SE.XPD.TOTL.GB.ZS,17.9038906097412
Indonesia,ID,IDN,2013,SE.XPD.TOTL.GB.ZS,17.8482608795166
Indonesia,ID,IDN,2012,SE.XPD.TOTL.GB.ZS,18.0904197692871
Indonesia,ID,IDN,2011,SE.XPD.TOTL.GB.ZS,18.0055103302002
Indonesia,ID,IDN,2010,SE.XPD.TOTL.GB.ZS,16.6539402008057
India,IN,IND,2023,SE.XPD.TOTL.GB.ZS,
India,IN,IND,2022,SE.XPD.TOTL.GB.ZS,14.1554744728238
India,IN,IND,2021,SE.XPD.TOTL.GB.ZS,14.924599647522
India,IN,IND,2020,SE.XPD.TOTL.GB.ZS,15.9926099777222
India,IN,IND,2019,SE.XPD.TOTL.GB.ZS,14.8238201141357
India,IN,IND,2018,SE.XPD.TOTL.GB.ZS,16.6353797912598
India,IN,IND,2017,SE.XPD.TOTL.GB.ZS,15.8097696304321
India,IN,IND,2016,SE.XPD.TOTL.GB.ZS,15.7215003967285
India,IN,IND,2015,SE.XPD.TOTL.GB.ZS,15.6922197341919
India,IN,IND,2014,SE.XPD.TOTL.GB.ZS,15.7181539700745
India,IN,IND,2013,SE.XPD.TOTL.GB.ZS,14.0501804351807
India,IN,IND,2012,SE.XPD.TOTL.GB.ZS,13.9921197891235
India,IN,IND,2011,SE.XPD.TOTL.GB.ZS,13.5649099349976
India,IN,IND,2010,SE.XPD.TOTL.GB.ZS,11.8336801528931
"Korea, Rep.",KR,KOR,2023,SE.XPD.TOTL.GB.ZS,
"Korea, Rep.",KR,KOR,2022,SE.XPD.TOTL.GB.ZS,
"Korea, Rep.",KR,KOR,2021,SE.XPD.TOTL.GB.ZS,
"Korea, Rep.",KR,KOR,2020,SE.XPD.TOTL.GB.ZS,
"Korea, Rep.",KR,KOR,2019,SE.XPD.TOTL.GB.ZS,
"Korea, Rep.",KR,KOR,2018,SE.XPD.TOTL.GB.ZS,
"Korea, Rep.",KR,KOR,2017,SE.XPD.TOTL.GB.ZS,
"Korea, Rep.",KR,KOR,2016,SE.XPD.TOTL.GB.ZS,
"Korea, Rep.",KR,KOR,2015,SE.XPD.TOTL.GB.ZS,
"Korea, Rep.",KR,KOR,2014,SE.XPD.TOTL.GB.ZS,
"Korea, Rep.",KR,KOR,2013,SE.XPD.TOTL.GB.ZS,
"Korea, Rep.",KR,KOR,2012,SE.XPD.TOTL.GB.ZS,
"Korea, Rep.",KR,KOR,2011,SE.XPD.TOTL.GB.ZS,
"Korea, Rep.",KR,KOR,2010,SE.XPD.TOTL.GB.ZS,
Nigeria,NG,NGA,2023,SE.XPD.TOTL.GB.ZS,3.64727250236162
Nigeria,NG,NGA,2022,SE.XPD.TOTL.GB.ZS,4.30281801083668
Nigeria,NG,NGA,2021,SE.XPD.TOTL.GB.ZS,5.14022597192675
Nigeria,NG,NGA,2020,SE.XPD.TOTL.GB.ZS,5.13143662120452
Nigeria,NG,NGA,2019,SE.XPD.TOTL.GB.ZS,5.85497185166093
Nigeria,NG,NGA,2018,SE.XPD.TOTL.GB.ZS,5.94455212092506
Nigeria,NG,NGA,2017,SE.XPD.TOTL.GB.ZS,6.12010547762816
Nigeria,NG,NGA,2016,SE.XPD.TOTL.GB.ZS,6.65219728520483
Nigeria,NG,NGA,2015,SE.XPD.TOTL.GB.ZS,9.25551076252104
Nigeria,NG,NGA,2014,SE.XPD.TOTL.GB.ZS,9.03718763815735
Nigeria,NG,NGA,2013,SE.XPD.TOTL.GB.ZS,8.67739295298641
Nigeria,NG,NGA,2012,SE.XPD.TOTL.GB.ZS,8.54788143094428
Nigeria,NG,NGA,2011,SE.XPD.TOTL.GB.ZS,
Nigeria,NG,NGA,2010,SE.XPD.TOTL.GB.ZS,
Russian Federation,RU,RUS,2023,SE.XPD.TOTL.GB.ZS,
Russian Federation,RU,RUS,2022,SE.XPD.TOTL.GB.ZS,
Russian Federation,RU,RUS,2021,SE.XPD.TOTL.GB.ZS,
Russian Federation,RU,RUS,2020,SE.XPD.TOTL.GB.ZS,
Russian Federation,RU,RUS,2019,SE.XPD.TOTL.GB.ZS,
Russian Federation,RU,RUS,2018,SE.XPD.TOTL.GB.ZS,14.3410797119141
Russian Federation,RU,RUS,2017,SE.XPD.TOTL.GB.ZS,13.4650802612305
Russian Federation,RU,RUS,2016,SE.XPD.TOTL.GB.ZS,10.9852800369263
Russian Federation,RU,RUS,2015,SE.XPD.TOTL.GB.ZS,10.8694696426392
Russian Federation,RU,RUS,2014,SE.XPD.TOTL.GB.ZS,11.4885196685791
Russian Federation,RU,RUS,2013,SE.XPD.TOTL.GB.ZS,10.8618402481079
Russian Federation,RU,RUS,2012,SE.XPD.TOTL.GB.ZS,11.1467599868774
Russian Federation,RU,RUS,2011,SE.XPD.TOTL.GB.ZS,
Russian Federation,RU,RUS,2010,SE.XPD.TOTL.GB.ZS,
Saudi Arabia,SA,SAU,2023,SE.XPD.TOTL.GB.ZS,15.8434577249928
Saudi Arabia,SA,SAU,2022,SE.XPD.TOTL.GB.ZS,
Saudi Arabia,SA,SAU,2021,SE.XPD.TOTL.GB.ZS,
Saudi Arabia,SA,SAU,2020,SE.XPD.TOTL.GB.ZS,
Saudi Arabia,SA,SAU,2019,SE.XPD.TOTL.GB.ZS,
Saudi Arabia,SA,SAU,2018,SE.XPD.TOTL.GB.ZS,
Saudi Arabia,SA,SAU,2017,SE.XPD.TOTL.GB.ZS,
Saudi Arabia,SA,SAU,2016,SE.XPD.TOTL.GB.ZS,
Saudi Arabia,SA,SAU,2015,SE.XPD.TOTL.GB.ZS,
Saudi Arabia,SA,SAU,2014,SE.XPD.TOTL.GB.ZS,
Saudi Arabia,SA,SAU,2013,SE.XPD.TOTL.GB.ZS,
Saudi Arabia,SA,SAU,2012,SE.XPD.TOTL.GB.ZS,
Saudi Arabia,SA,SAU,2011,SE.XPD.TOTL.GB.ZS,
Saudi Arabia,SA,SAU,2010,SE.XPD.TOTL.GB.ZS,
Singapore,SG,SGP,2023,SE.XPD.TOTL.GB.ZS,14.0704202651978
Singapore,SG,SGP,2022,SE.XPD.TOTL.GB.ZS,15.1349296569824
Singapore,SG,SGP,2021,SE.XPD.TOTL.GB.ZS,11.4717397689819
Singapore,SG,SGP,2020,SE.XPD.TOTL.GB.ZS,19.1947708129883
Singapore,SG,SGP,2019,SE.XPD.TOTL.GB.ZS,19.4742603302002
Singapore,SG,SGP,2018,SE.XPD.TOTL.GB.ZS,20.7195301055908
Singapore,SG,SGP,2017,SE.XPD.TOTL.GB.ZS,17.2535211267606
Singapore,SG,SGP,2016,SE.XPD.TOTL.GB.ZS,17.5508480540502
Singapore,SG,SGP,2015,SE.XPD.TOTL.GB.ZS,17.6953756282711
Singapore,SG,SGP,2014,SE.XPD.TOTL.GB.ZS,20.4744008205012
Singapore,SG,SGP,2013,SE.XPD.TOTL.GB.ZS,28.8391494750977
Singapore,SG,SGP,2012,SE.XPD.TOTL.GB.ZS,31.3717498779297
Singapore,SG,SGP,2011,SE.XPD.TOTL.GB.ZS,28.8618392944336
Singapore,SG,SGP,2010,SE.XPD.TOTL.GB.ZS,18.5717296600342
Turkiye,TR,TUR,2023,SE.XPD.TOTL.GB.ZS,
Turkiye,TR,TUR,2022,SE.XPD.TOTL.GB.ZS,11.3262901306152
Turkiye,TR,TUR,2021,SE.XPD.TOTL.GB.ZS,11.3091802597046
Turkiye,TR,TUR,2020,SE.XPD.TOTL.GB.ZS,11.6336297988892
Turkiye,TR,TUR,2019,SE.XPD.TOTL.GB.ZS,12.523699760437
Turkiye,TR,TUR,2018,SE.XPD.TOTL.GB.ZS,12.5308599472046
Turkiye,TR,TUR,2017,SE.XPD.TOTL.GB.ZS,13.2585802078247
Turkiye,TR,TUR,2016,SE.XPD.TOTL.GB.ZS,13.6914596557617
Turkiye,TR,TUR,2015,SE.XPD.TOTL.GB.ZS,13.2618503570557
Turkiye,TR,TUR,2014,SE.XPD.TOTL.GB.ZS,13.5273504257202
Turkiye,TR,TUR,2013,SE.XPD.TOTL.GB.ZS,12.8919696807861
Turkiye,TR,TUR,2012,SE.XPD.TOTL.GB.ZS,12.8528900146484
Turkiye,TR,TUR,2011,SE.XPD.TOTL.GB.ZS,12.8658599853516
Turkiye,TR,TUR,2010,SE.XPD.TOTL.GB.ZS,
Viet Nam,VN,VNM,2023,SE.XPD.TOTL.GB.ZS,
Viet Nam,VN,VNM,2022,SE.XPD.TOTL.GB.ZS,15.4493443908999
Viet Nam,VN,VNM,2021,SE.XPD.TOTL.GB.ZS,14.8174866627149
Viet Nam,VN,VNM,2020,SE.XPD.TOTL.GB.ZS,14.4718812047317
Viet Nam,VN,VNM,2019,SE.XPD.TOTL.GB.ZS,15.571949049475
Viet Nam,VN,VNM,2018,SE.XPD.TOTL.GB.ZS,16.0908699035644
Viet Nam,VN,VNM,2017,SE.XPD.TOTL.GB.ZS,15.4742966457626
Viet Nam,VN,VNM,2016,SE.XPD.TOTL.GB.ZS,15.6049003601074
Viet Nam,VN,VNM,2015,SE.XPD.TOTL.GB.ZS,15.0167530601057
Viet Nam,VN,VNM,2014,SE.XPD.TOTL.GB.ZS,16.8122897465781
Viet Nam,VN,VNM,2013,SE.XPD.TOTL.GB.ZS,18.515510559082
Viet Nam,VN,VNM,2012,SE.XPD.TOTL.GB.ZS,18.7849903106689
Viet Nam,VN,VNM,2011,SE.XPD.TOTL.GB.ZS,17.8112697601318
Viet Nam,VN,VNM,2010,SE.XPD.TOTL.GB.ZS,17.0566692352295
South Africa,ZA,ZAF,2023,SE.XPD.TOTL.GB.ZS,19.1706295013428
South Africa,ZA,ZAF,2022,SE.XPD.TOTL.GB.ZS,18.8926601409912
South Africa,ZA,ZAF,2021,SE.XPD.TOTL.GB.ZS,18.9369506835938
South Africa,ZA,ZAF,2020,SE.XPD.TOTL.GB.ZS,19.6557006835938
South Africa,ZA,ZAF,2019,SE.XPD.TOTL.GB.ZS,19.605770111084
South Africa,ZA,ZAF,2018,SE.XPD.TOTL.GB.ZS,18.90159034729
South Africa,ZA,ZAF,2017,SE.XPD.TOTL.GB.ZS,18.7192897796631
South Africa,ZA,ZAF,2016,SE.XPD.TOTL.GB.ZS,18.0487403869629
South Africa,ZA,ZAF,2015,SE.XPD.TOTL.GB.ZS,18.6993503570557
South Africa,ZA,ZAF,2014,SE.XPD.TOTL.GB.ZS,18.9891605377197
South Africa,ZA,ZAF,2013,SE.XPD.TOTL.GB.ZS,18.6965999603271
South Africa,ZA,ZAF,2012,SE.XPD.TOTL.GB.ZS,19.6699504852295
South Africa,ZA,ZAF,2011,SE.XPD.TOTL.GB.ZS,18.6622905731201
South Africa,ZA,ZAF,2010,SE.XPD.TOTL.GB.ZS,18.0443706512451
Argentina,AR,ARG,2023,NY.GDP.PCAP.CD,14261.8465667948
Argentina,AR,ARG,2022,NY.GDP.PCAP.CD,13962.1894087223
Argentina,AR,ARG,2021,NY.GDP.PCAP.CD,10738.0179223384
Argentina,AR,ARG,2020,NY.GDP.PCAP.CD,8535.59938004389
Argentina,AR,ARG,2019,NY.GDP.PCAP.CD,9955.97478680428
Argentina,AR,ARG,2018,NY.GDP.PCAP.CD,11752.7998922979
Argentina,AR,ARG,2017,NY.GDP.PCAP.CD,14532.5009308511
Argentina,AR,ARG,2016,NY.GDP.PCAP.CD,12699.9623137756
Argentina,AR,ARG,2015,NY.GDP.PCAP.CD,13679.6264980954
Argentina,AR,ARG,2014,NY.GDP.PCAP.CD,12233.1444119186
Argentina,AR,ARG,2013,NY.GDP.PCAP.CD,12963.675773326
Argentina,AR,ARG,2012,NY.GDP.PCAP.CD,12949.717486654
Argentina,AR,ARG,2011,NY.GDP.PCAP.CD,12704.2831819684
Argentina,AR,ARG,2010,NY.GDP.PCAP.CD,10260.1313108254
Brazil,BR,BRA,2023,NY.GDP.PCAP.CD,10377.5892792557
Brazil,BR,BRA,2022,NY.GDP.PCAP.CD,9281.33334441234
Brazil,BR,BRA,2021,NY.GDP.PCAP.CD,7972.5366498646
Brazil,BR,BRA,2020,NY.GDP.PCAP.CD,7074.19378337644
Brazil,BR,BRA,2019,NY.GDP.PCAP.CD,9029.83326681073
Brazil,BR,BRA,2018,NY.GDP.PCAP.CD,9300.66164923219
Brazil,BR,BRA,2017,NY.GDP.PCAP.CD,10080.5092819305
Brazil,BR,BRA,2016,NY.GDP.PCAP.CD,8836.28652735657
Brazil,BR,BRA,2015,NY.GDP.PCAP.CD,8936.19661712113
Brazil,BR,BRA,2014,NY.GDP.PCAP.CD,12274.9939689363
Brazil,BR,BRA,2013,NY.GDP.PCAP.CD,12458.8912138813
Brazil,BR,BRA,2012,NY.GDP.PCAP.CD,12521.7213519966
Brazil,BR,BRA,2011,NY.GDP.PCAP.CD,13396.6243562986
Brazil,BR,BRA,2010,NY.GDP.PCAP.CD,11403.2821278747
Canada,CA,CAN,2023,NY.GDP.PCAP.CD,54847.5370112652
Canada,CA,CAN,2022,NY.GDP.PCAP.CD,56496.9275340663
Canada,CA,CAN,2021,NY.GDP.PCAP.CD,52886.6407813788
Canada,CA,CAN,2020,NY.GDP.PCAP.CD,43537.8981198851
Canada,CA,CAN,2019,NY.GDP.PCAP.CD,46352.9695208927
Canada,CA,CAN,2018,NY.GDP.PCAP.CD,46539.2177903178
Canada,CA,CAN,2017,NY.GDP.PCAP.CD,45129.7335281051
Canada,CA,CAN,2016,NY.GDP.PCAP.CD,42314.1033623905
Canada,CA,CAN,2015,NY.GDP.PCAP.CD,43594.2379080706
Canada,CA,CAN,2014,NY.GDP.PCAP.CD,50960.8942086685
Canada,CA,CAN,2013,NY.GDP.PCAP.CD,52637.7313222622
Canada,CA,CAN,2012,NY.GDP.PCAP.CD,52670.1429540952
Canada,CA,CAN,2011,NY.GDP.PCAP.CD,52224.1237767406
Canada,CA,CAN,2010,NY.GDP.PCAP.CD,47560.8378831258
China,CN,CHN,2023,NY.GDP.PCAP.CD,12951.1782397043
China,CN,CHN,2022,NY.GDP.PCAP.CD,12970.6056414327
China,CN,CHN,2021,NY.GDP.PCAP.CD,12887.4357242941
China,CN,CHN,2020,NY.GDP.PCAP.CD,10627.4637989619
China,CN,CHN,2019,NY.GDP.PCAP.CD,10342.9009524335
China,CN,CHN,2018,NY.GDP.PCAP.CD,10085.6638148819
China,CN,CHN,2017,NY.GDP.PCAP.CD,8979.67652709856
China,CN,CHN,2016,NY.GDP.PCAP.CD,8254.86859320357
China,CN,CHN,2015,NY.GDP.PCAP.CD,8175.33285077393
China,CN,CHN,2014,NY.GDP.PCAP.CD,7781.06597484974
China,CN,CHN,2013,NY.GDP.PCAP.CD,7147.03518622344
China,CN,CHN,2012,NY.GDP.PCAP.CD,6405.0574241349
China,CN,CHN,2011,NY.GDP.PCAP.CD,5703.76027973346
China,CN,CHN,2010,NY.GDP.PCAP.CD,4629.24551710077
Germany,DE,DEU,2023,NY.GDP.PCAP.CD,54776.7668235491
Germany,DE,DEU,2022,NY.GDP.PCAP.CD,50506.5179638543
Germany,DE,DEU,2021,NY.GDP.PCAP.CD,52349.2459994422
Germany,DE,DEU,2020,NY.GDP.PCAP.CD,47394.8734504469
Germany,DE,DEU,2019,NY.GDP.PCAP.CD,47656.199739747
Germany,DE,DEU,2018,NY.GDP.PCAP.CD,48916.1686612154
Germany,DE,DEU,2017,NY.GDP.PCAP.CD,45553.9341495339
Germany,DE,DEU,2016,NY.GDP.PCAP.CD,42948.9381932694
Germany,DE,DEU,2015,NY.GDP.PCAP.CD,41929.7549110722
Germany,DE,DEU,2014,NY.GDP.PCAP.CD,48959.5991203133
Germany,DE,DEU,2013,NY.GDP.PCAP.CD,47206.8353514242
Germany,DE,DEU,2012,NY.GDP.PCAP.CD,44718.0159214069
Germany,DE,DEU,2011,NY.GDP.PCAP.CD,47630.9761883572
Germany,DE,DEU,2010,NY.GDP.PCAP.CD,42396.9665976293
Spain,ES,ESP,2023,NY.GDP.PCAP.CD,33493.2225409111
Spain,ES,ESP,2022,NY.GDP.PCAP.CD,30319.4987196616
Spain,ES,ESP,2021,NY.GDP.PCAP.CD,30799.4775937775
Spain,ES,ESP,2020,NY.GDP.PCAP.CD,27233.9426461608
Spain,ES,ESP,2019,NY.GDP.PCAP.CD,29786.5245689007
Spain,ES,ESP,2018,NY.GDP.PCAP.CD,30602.4212881113
Spain,ES,ESP,2017,NY.GDP.PCAP.CD,28381.3425596906
Spain,ES,ESP,2016,NY.GDP.PCAP.CD,26755.6061149398
Spain,ES,ESP,2015,NY.GDP.PCAP.CD,25982.4416197775
Spain,ES,ESP,2014,NY.GDP.PCAP.CD,29707.765509467
Spain,ES,ESP,2013,NY.GDP.PCAP.CD,29228.846559842
Spain,ES,ESP,2012,NY.GDP.PCAP.CD,28456.4438151477
Spain,ES,ESP,2011,NY.GDP.PCAP.CD,31824.6219134777
Spain,ES,ESP,2010,NY.GDP.PCAP.CD,30658.7422282912
France,FR,FRA,2023,NY.GDP.PCAP.CD,44700.1384177544
France,FR,FRA,2022,NY.GDP.PCAP.CD,40988.6396406579
France,FR,FRA,2021,NY.GDP.PCAP.CD,43725.0999521245
France,FR,FRA,2020,NY.GDP.PCAP.CD,39169.8606000707
France,FR,FRA,2019,NY.GDP.PCAP.CD,40408.2848574751
France,FR,FRA,2018,NY.GDP.PCAP.CD,41418.1766484844
France,FR,FRA,2017,NY.GDP.PCAP.CD,38687.1626407164
France,FR,FRA,2016,NY.GDP.PCAP.CD,37024.2157133669
France,FR,FRA,2015,NY.GDP.PCAP.CD,36702.4323733379
France,FR,FRA,2014,NY.GDP.PCAP.CD,43148.0459288416
France,FR,FRA,2013,NY.GDP.PCAP.CD,42669.1795111893
France,FR,FRA,2012,NY.GDP.PCAP.CD,40863.5814412333
France,FR,FRA,2011,NY.GDP.PCAP.CD,43929.7840873812
France,FR,FRA,2010,NY.GDP.PCAP.CD,40694.8211697025
United Kingdom,GB,GBR,2023,NY.GDP.PCAP.CD,49919.6896621586
United Kingdom,GB,GBR,2022,NY.GDP.PCAP.CD,47034.7795621476
United Kingdom,GB,GBR,2021,NY.GDP.PCAP.CD,47695.6491523474
United Kingdom,GB,GBR,2020,NY.GDP.PCAP.CD,40815.1255364787
United Kingdom,GB,GBR,2019,NY.GDP.PCAP.CD,43160.6843971799
United Kingdom,GB,GBR,2018,NY.GDP.PCAP.CD,43704.3162296687
United Kingdom,GB,GBR,2017,NY.GDP.PCAP.CD,40918.0520870944
United Kingdom,GB,GBR,2016,NY.GDP.PCAP.CD,41258.5374285695
United Kingdom,GB,GBR,2015,NY.GDP.PCAP.CD,45256.040227057
United Kingdom,GB,GBR,2014,NY.GDP.PCAP.CD,47746.9810645521
United Kingdom,GB,GBR,2013,NY.GDP.PCAP.CD,43607.6636827371
United Kingdom,GB,GBR,2012,NY.GDP.PCAP.CD,42688.3263728372
United Kingdom,GB,GBR,2011,NY.GDP.PCAP.CD,42295.9273835322
United Kingdom,GB,GBR,2010,NY.GDP.PCAP.CD,39778.3220528565
Italy,IT,ITA,2023,NY.GDP.PCAP.CD,39279.699782164
Italy,IT,ITA,2022,NY.GDP.PCAP.CD,35653.9042103495
Italy,IT,ITA,2021,NY.GDP.PCAP.CD,36852.5425414951
Italy,IT,ITA,2020,NY.GDP.PCAP.CD,32091.4866621366
Italy,IT,ITA,2019,NY.GDP.PCAP.CD,33812.788724868
Italy,IT,ITA,2018,NY.GDP.PCAP.CD,35062.3364176949
Italy,IT,ITA,2017,NY.GDP.PCAP.CD,32844.115660604
Italy,IT,ITA,2016,NY.GDP.PCAP.CD,31391.5692898108
Italy,IT,ITA,2015,NY.GDP.PCAP.CD,30639.8829751432
Italy,IT,ITA,2014,NY.GDP.PCAP.CD,36028.3494022349
Italy,IT,ITA,2013,NY.GDP.PCAP.CD,35701.6746002376
Italy,IT,ITA,2012,NY.GDP.PCAP.CD,34854.3949441965
Italy,IT,ITA,2011,NY.GDP.PCAP.CD,38432.3742820019
Italy,IT,ITA,2010,NY.GDP.PCAP.CD,35856.8625485539
Japan,JP,JPN,2023,NY.GDP.PCAP.CD,35215.003535366
Japan,JP,JPN,2022,NY.GDP.PCAP.CD,35548.2645222433
Japan,JP,JPN,2021,NY.GDP.PCAP.CD,41580.739040705
Japan,JP,JPN,2020,NY.GDP.PCAP.CD,41098.9739004553
Japan,JP,JPN,2019,NY.GDP.PCAP.CD,41424.8655601543
Japan,JP,JPN,2018,NY.GDP.PCAP.CD,40645.478086519
Japan,JP,JPN,2017,NY.GDP.PCAP.CD,39679.8635262948
Japan,JP,JPN,2016,NY.GDP.PCAP.CD,40214.9688631562
Japan,JP,JPN,2015,NY.GDP.PCAP.CD,35664.6446110613
Japan,JP,JPN,2014,NY.GDP.PCAP.CD,39172.8471161948
Japan,JP,JPN,2013,NY.GDP.PCAP.CD,41369.1948479498
Japan,JP,JPN,2012,NY.GDP.PCAP.CD,49626.6830327571
Japan,JP,JPN,2011,NY.GDP.PCAP.CD,49122.077634247
Japan,JP,JPN,2010,NY.GDP.PCAP.CD,45378.1378109399
Mexico,MX,MEX,2023,NY.GDP.PCAP.CD,13830.843848864
Mexico,MX,MEX,2022,NY.GDP.PCAP.CD,11405.7940469896
Mexico,MX,MEX,2021,NY.GDP.PCAP.CD,10314.0506733708
Mexico,MX,MEX,2020,NY.GDP.PCAP.CD,8841.27074929751
Mexico,MX,MEX,2019,NY.GDP.PCAP.CD,10369.5553593527
Mexico,MX,MEX,2018,NY.GDP.PCAP.CD,10084.7937570364
Mexico,MX,MEX,2017,NY.GDP.PCAP.CD,9649.27816729586
Mexico,MX,MEX,2016,NY.GDP.PCAP.CD,9097.92397674769
Mexico,MX,MEX,2015,NY.GDP.PCAP.CD,10021.2386113616
Mexico,MX,MEX,2014,NY.GDP.PCAP.CD,11391.3773503964
Mexico,MX,MEX,2013,NY.GDP.PCAP.CD,11216.800851866
Mexico,MX,MEX,2012,NY.GDP.PCAP.CD,10744.1335236186
Mexico,MX,MEX,2011,NY.GDP.PCAP.CD,10664.4944032313
Mexico,MX,MEX,2010,NY.GDP.PCAP.CD,9728.80078307432
Netherlands,NL,NLD,2023,NY.GDP.PCAP.CD,63515.6030780019
Netherlands,NL,NLD,2022,NY.GDP.PCAP.CD,59123.318556487
Netherlands,NL,NLD,2021,NY.GDP.PCAP.CD,60141.9880911492
Netherlands,NL,NLD,2020,NY.GDP.PCAP.CD,53467.9277413737
Netherlands,NL,NLD,2019,NY.GDP.PCAP.CD,53554.9007491475
Netherlands,NL,NLD,2018,NY.GDP.PCAP.CD,53955.0770024266
Netherlands,NL,NLD,2017,NY.GDP.PCAP.CD,49513.6817346384
Netherlands,NL,NLD,2016,NY.GDP.PCAP.CD,46808.5291492503
Netherlands,NL,NLD,2015,NY.GDP.PCAP.CD,45793.8135434697
Netherlands,NL,NLD,2014,NY.GDP.PCAP.CD,53457.2234864322
Netherlands,NL,NLD,2013,NY.GDP.PCAP.CD,52602.2860520766
Netherlands,NL,NLD,2012,NY.GDP.PCAP.CD,50473.9442002689
Netherlands,NL,NLD,2011,NY.GDP.PCAP.CD,54701.7728030611
Netherlands,NL,NLD,2010,NY.GDP.PCAP.CD,51305.7338533973
Poland,PL,POL,2023,NY.GDP.PCAP.CD,22145.2660647429
Poland,PL,POL,2022,NY.GDP.PCAP.CD,18891.2121169279
Poland,PL,POL,2021,NY.GDP.PCAP.CD,18635.5104895754
Poland,PL,POL,2020,NY.GDP.PCAP.CD,16150.9304813473
Poland,PL,POL,2019,NY.GDP.PCAP.CD,15874.5220531254
Poland,PL,POL,2018,NY.GDP.PCAP.CD,15658.210586693
Poland,PL,POL,2017,NY.GDP.PCAP.CD,13913.3415190124
Poland,PL,POL,2016,NY.GDP.PCAP.CD,12464.0121044827
Poland,PL,POL,2015,NY.GDP.PCAP.CD,12637.5220324406
Poland,PL,POL,2014,NY.GDP.PCAP.CD,14262.2841914116
Poland,PL,POL,2013,NY.GDP.PCAP.CD,13621.9023794031
Poland,PL,POL,2012,NY.GDP.PCAP.CD,13087.420943321
Poland,PL,POL,2011,NY.GDP.PCAP.CD,13867.6669408192
Poland,PL,POL,2010,NY.GDP.PCAP.CD,12567.7317676382
Sweden,SE,SWE,2023,NY.GDP.PCAP.CD,54950.2834725622
Sweden,SE,SWE,2022,NY.GDP.PCAP.CD,54836.8907235124
Sweden,SE,SWE,2021,NY.GDP.PCAP.CD,60647.5416365347
Sweden,SE,SWE,2020,NY.GDP.PCAP.CD,52568.5726980146
Sweden,SE,SWE,2019,NY.GDP.PCAP.CD,51648.9892820514
Sweden,SE,SWE,2018,NY.GDP.PCAP.CD,54018.4554391861
Sweden,SE,SWE,2017,NY.GDP.PCAP.CD,53210.2233318965
Sweden,SE,SWE,2016,NY.GDP.PCAP.CD,51703.5088332851
Sweden,SE,SWE,2015,NY.GDP.PCAP.CD,51188.1652120493
Sweden,SE,SWE,2014,NY.GDP.PCAP.CD,59583.4584491714
Sweden,SE,SWE,2013,NY.GDP.PCAP.CD,60843.9888799369
Sweden,SE,SWE,2012,NY.GDP.PCAP.CD,57749.5615420853
Sweden,SE,SWE,2011,NY.GDP.PCAP.CD,60379.4814599322
Sweden,SE,SWE,2010,NY.GDP.PCAP.CD,52542.5759090299
United States,US,USA,2023,NY.GDP.PCAP.CD,82586.7847707894
United States,US,USA,2022,NY.GDP.PCAP.CD,78008.6895811877
United States,US,USA,2021,NY.GDP.PCAP.CD,71441.2319805947
United States,US,USA,2020,NY.GDP.PCAP.CD,64465.2971415748
United States,US,USA,2019,NY.GDP.PCAP.CD,65227.9565911038
United States,US,USA,2018,NY.GDP.PCAP.CD,62875.6661382728
United States,US,USA,2017,NY.GDP.PCAP.CD,60047.7190728307
United States,US,USA,2016,NY.GDP.PCAP.CD,57976.628204291
United States,US,USA,2015,NY.GDP.PCAP.CD,56849.4697923159
United States,US,USA,2014,NY.GDP.PCAP.CD,55153.3940182967
United States,US,USA,2013,NY.GDP.PCAP.CD,53297.3862901595
United States,US,USA,2012,NY.GDP.PCAP.CD,51708.3940614082
United States,US,USA,2011,NY.GDP.PCAP.CD,50024.8812320773
United States,US,USA,2010,NY.GDP.PCAP.CD,48642.6312088213
Australia,AU,AUS,2023,NY.GDP.PCAP.CD,65058.3773146674
Australia,AU,AUS,2022,NY.GDP.PCAP.CD,65169.5191118657
Australia,AU,AUS,2021,NY.GDP.PCAP.CD,60758.9044397144
Australia,AU,AUS,2020,NY.GDP.PCAP.CD,51983.4523666382
Australia,AU,AUS,2019,NY.GDP.PCAP.CD,55194.7585097428
Australia,AU,AUS,2018,NY.GDP.PCAP.CD,57410.1737346009
Australia,AU,AUS,2017,NY.GDP.PCAP.CD,54117.547718609
Australia,AU,AUS,2016,NY.GDP.PCAP.CD,50084.4440606385
Australia,AU,AUS,2015,NY.GDP.PCAP.CD,56970.3613028094
Australia,AU,AUS,2014,NY.GDP.PCAP.CD,62817.2061751737
Australia,AU,AUS,2013,NY.GDP.PCAP.CD,68476.6788496118
Australia,AU,AUS,2012,NY.GDP.PCAP.CD,68301.4402512587
Australia,AU,AUS,2011,NY.GDP.PCAP.CD,62799.3895017032
Australia,AU,AUS,2010,NY.GDP.PCAP.CD,52313.8939041213
Chile,CL,CHL,2023,NY.GDP.PCAP.CD,17081.5180740049
Chile,CL,CHL,2022,NY.GDP.PCAP.CD,15399.1044717559
Chile,CL,CHL,2021,NY.GDP.PCAP.CD,16216.1840860289
Chile,CL,CHL,2020,NY.GDP.PCAP.CD,13117.9930230086
Chile,CL,CHL,2019,NY.GDP.PCAP.CD,14496.9345640362
Chile,CL,CHL,2018,NY.GDP.PCAP.CD,15659.4808675628
Chile,CL,CHL,2017,NY.GDP.PCAP.CD,14879.9086227187
Chile,CL,CHL,2016,NY.GDP.PCAP.CD,13649.8520452803
Chile,CL,CHL,2015,NY.GDP.PCAP.CD,13433.9202987032
Chile,CL,CHL,2014,NY.GDP.PCAP.CD,14529.6767206336
Chile,CL,CHL,2013,NY.GDP.PCAP.CD,15683.5486369155
Chile,CL,CHL,2012,NY.GDP.PCAP.CD,15241.9069981119
Chile,CL,CHL,2011,NY.GDP.PCAP.CD,14487.3927832032
Chile,CL,CHL,2010,NY.GDP.PCAP.CD,12632.8704724192
Colombia,CO,COL,2023,NY.GDP.PCAP.CD,7012.49169137756
Colombia,CO,COL,2022,NY.GDP.PCAP.CD,6680.44506854481
Colombia,CO,COL,2021,NY.GDP.PCAP.CD,6222.62164397614
Colombia,CO,COL,2020,NY.GDP.PCAP.CD,5339.68711357943
Colombia,CO,COL,2019,NY.GDP.PCAP.CD,6472.54544924705
Colombia,CO,COL,2018,NY.GDP.PCAP.CD,6816.96818309544
Colombia,CO,COL,2017,NY.GDP.PCAP.CD,6479.53231292429
Colombia,CO,COL,2016,NY.GDP.PCAP.CD,5959.84250367574
Colombia,CO,COL,2015,NY.GDP.PCAP.CD,6248.51490534512
Colombia,CO,COL,2014,NY.GDP.PCAP.CD,8187.20824890084
Colombia,CO,COL,2013,NY.GDP.PCAP.CD,8279.10255642981
Colombia,CO,COL,2012,NY.GDP.PCAP.CD,8108.59838244229
Colombia,CO,COL,2011,NY.GDP.PCAP.CD,7400.9940695669
Colombia,CO,COL,2010,NY.GDP.PCAP.CD,6398.2958447102
"Egypt, Arab Rep.",EG,EGY,2023,NY.GDP.PCAP.CD,3456.78965212363
"Egypt, Arab Rep.",EG,EGY,2022,NY.GDP.PCAP.CD,4233.30783744856
"Egypt, Arab Rep.",EG,EGY,2021,NY.GDP.PCAP.CD,3827.35415374308
"Egypt, Arab Rep.",EG,EGY,2020,NY.GDP.PCAP.CD,3511.11381026379
"Egypt, Arab Rep.",EG,EGY,2019,NY.GDP.PCAP.CD,2962.98892023003
"Egypt, Arab Rep.",EG,EGY,2018,NY.GDP.PCAP.CD,2484.70315630508
"Egypt, Arab Rep.",EG,EGY,2017,NY.GDP.PCAP.CD,2395.10333299491
"Egypt, Arab Rep.",EG,EGY,2016,NY.GDP.PCAP.CD,3270.6287768197
"Egypt, Arab Rep.",EG,EGY,2015,NY.GDP.PCAP.CD,3306.98159414141
"Egypt, Arab Rep.",EG,EGY,2014,NY.GDP.PCAP.CD,3133.39102265541
"Egypt, Arab Rep.",EG,EGY,2013,NY.GDP.PCAP.CD,3025.52563552448
"Egypt, Arab Rep.",EG,EGY,2012,NY.GDP.PCAP.CD,2996.0677072015
"Egypt, Arab Rep.",EG,EGY,2011,NY.GDP.PCAP.CD,2590.64384891965
"Egypt, Arab Rep.",EG,EGY,2010,NY.GDP.PCAP.CD,2455.08194645282
Indonesia,ID,IDN,2023,NY.GDP.PCAP.CD,4876.2992959843
Indonesia,ID,IDN,2022,NY.GDP.PCAP.CD,4730.83484836107
Indonesia,ID,IDN,2021,NY.GDP.PCAP.CD,4287.17313995098
Indonesia,ID,IDN,2020,NY.GDP.PCAP.CD,3853.70288774146
Indonesia,ID,IDN,2019,NY.GDP.PCAP.CD,4106.94856160358
Indonesia,ID,IDN,2018,NY.GDP.PCAP.CD,3860.95353090726
Indonesia,ID,IDN,2017,NY.GDP.PCAP.CD,3798.88326174526
Indonesia,ID,IDN,2016,NY.GDP.PCAP.CD,3521.46943457574
Indonesia,ID,IDN,2015,NY.GDP.PCAP.CD,3288.22269725538
Indonesia,ID,IDN,2014,NY.GDP.PCAP.CD,3441.06808464008
Indonesia,ID,IDN,2013,NY.GDP.PCAP.CD,3566.60284506078
Indonesia,ID,IDN,2012,NY.GDP.PCAP.CD,3632.27254030331
Indonesia,ID,IDN,2011,NY.GDP.PCAP.CD,3579.46442466152
Indonesia,ID,IDN,2010,NY.GDP.PCAP.CD,3065.68348377765
India,IN,IND,2023,NY.GDP.PCAP.CD,2434.44826340989
India,IN,IND,2022,NY.GDP.PCAP.CD,2279.98145719369
India,IN,IND,2021,NY.GDP.PCAP.CD,2239.61384367482
India,IN,IND,2020,NY.GDP.PCAP.CD,1907.04251637669
India,IN,IND,2019,NY.GDP.PCAP.CD,2041.42863698585
India,IN,IND,2018,NY.GDP.PCAP.CD,1966.25455171679
India,IN,IND,2017,NY.GDP.PCAP.CD,1950.10468280866
India,IN,IND,2016,NY.GDP.PCAP.CD,1707.50892912243
India,IN,IND,2015,NY.GDP.PCAP.CD,1583.99815907985
India,IN,IND,2014,NY.GDP.PCAP.CD,1553.88396075118
India,IN,IND,2013,NY.GDP.PCAP.CD,1432.84397512195
India,IN,IND,2012,NY.GDP.PCAP.CD,1429.32199520032
India,IN,IND,2011,NY.GDP.PCAP.CD,1445.46127486037
India,IN,IND,2010,NY.GDP.PCAP.CD,1347.51939071367
"Korea, Rep.",KR,KOR,2023,NY.GDP.PCAP.CD,35674.095995632
"Korea, Rep.",KR,KOR,2022,NY.GDP.PCAP.CD,34822.4048404971
"Korea, Rep.",KR,KOR,2021,NY.GDP.PCAP.CD,37518.4635305697
"Korea, Rep.",KR,KOR,2020,NY.GDP.PCAP.CD,33645.7719545073
"Korea, Rep.",KR,KOR,2019,NY.GDP.PCAP.CD,33826.9443301597
"Korea, Rep.",KR,KOR,2018,NY.GDP.PCAP.CD,35363.9508228687
"Korea, Rep.",KR,KOR,2017,NY.GDP.PCAP.CD,33296.9845439195
"Korea, Rep.",KR,KOR,2016,NY.GDP.PCAP.CD,30832.0628072516
"Korea, Rep.",KR,KOR,2015,NY.GDP.PCAP.CD,30171.7906545222
"Korea, Rep.",KR,KOR,2014,NY.GDP.PCAP.CD,30667.0912467447
"Korea, Rep.",KR,KOR,2013,NY.GDP.PCAP.CD,28449.3591104972
"Korea, Rep.",KR,KOR,2012,NY.GDP.PCAP.CD,26600.5477433903
"Korea, Rep.",KR,KOR,2011,NY.GDP.PCAP.CD,26175.2398553363
"Korea, Rep.",KR,KOR,2010,NY.GDP.PCAP.CD,24071.2620526362
Nigeria,NG,NGA,2023,NY.GDP.PCAP.CD,2138.76383718757
Nigeria,NG,NGA,2022,NY.GDP.PCAP.CD,2899.16047469267
Nigeria,NG,NGA,2021,NY.GDP.PCAP.CD,2787.48779220991
Nigeria,NG,NGA,2020,NY.GDP.PCAP.CD,2797.184580679
Nigeria,NG,NGA,2019,NY.GDP.PCAP.CD,3189.81286496183
Nigeria,NG,NGA,2018,NY.GDP.PCAP.CD,2057.87944554011
Nigeria,NG,NGA,2017,NY.GDP.PCAP.CD,1876.34027111773
Nigeria,NG,NGA,2016,NY.GDP.PCAP.CD,2070.4127339595
Nigeria,NG,NGA,2015,NY.GDP.PCAP.CD,2585.73360671797
Nigeria,NG,NGA,2014,NY.GDP.PCAP.CD,3088.72131316169
Nigeria,NG,NGA,2013,NY.GDP.PCAP.CD,2872.79083379398
Nigeria,NG,NGA,2012,NY.GDP.PCAP.CD,2633.19734671361
Nigeria,NG,NGA,2011,NY.GDP.PCAP.CD,2418.41316975875
Nigeria,NG,NGA,2010,NY.GDP.PCAP.CD,2202.25672957344
Russian Federation,RU,RUS,2023,NY.GDP.PCAP.CD,13986.9951171875
Russian Federation,RU,RUS,2022,NY.GDP.PCAP.CD,15625.6328125
Russian Federation,RU,RUS,2021,NY.GDP.PCAP.CD,12425.029296875
Russian Federation,RU,RUS,2020,NY.GDP.PCAP.CD,10108.3271484375
Russian Federation,RU,RUS,2019,NY.GDP.PCAP.CD,11447.701171875
Russian Federation,RU,RUS,2018,NY.GDP.PCAP.CD,11211.8876953125
Russian Federation,RU,RUS,2017,NY.GDP.PCAP.CD,10658.9130859375
Russian Federation,RU,RUS,2016,NY.GDP.PCAP.CD,8663.158203125
Russian Federation,RU,RUS,2015,NY.GDP.PCAP.CD,9277.7138671875
Russian Federation,RU,RUS,2014,NY.GDP.PCAP.CD,14055.47265625
Russian Federation,RU,RUS,2013,NY.GDP.PCAP.CD,15941.4482421875
Russian Federation,RU,RUS,2012,NY.GDP.PCAP.CD,15401.8515625
Russian Federation,RU,RUS,2011,NY.GDP.PCAP.CD,14305.33203125
Russian Federation,RU,RUS,2010,NY.GDP.PCAP.CD,10674.990234375
Saudi Arabia,SA,SAU,2023,NY.GDP.PCAP.CD,36156.8562500172
Saudi Arabia,SA,SAU,2022,NY.GDP.PCAP.CD,38510.2276211037
Saudi Arabia,SA,SAU,2021,NY.GDP.PCAP.CD,31920.7653655643
Saudi Arabia,SA,SAU,2020,NY.GDP.PCAP.CD,24338.8307301067
Saudi Arabia,SA,SAU,2019,NY.GDP.PCAP.CD,29566.7933827436
Saudi Arabia,SA,SAU,2018,NY.GDP.PCAP.CD,29360.0658968566
Saudi Arabia,SA,SAU,2017,NY.GDP.PCAP.CD,23929.2907135982
Saudi Arabia,SA,SAU,2016,NY.GDP.PCAP.CD,22267.7217050387
Saudi Arabia,SA,SAU,2015,NY.GDP.PCAP.CD,23256.1549553531
Saudi Arabia,SA,SAU,2014,NY.GDP.PCAP.CD,27805.4850319422
Saudi Arabia,SA,SAU,2013,NY.GDP.PCAP.CD,27865.465604962
Saudi Arabia,SA,SAU,2012,NY.GDP.PCAP.CD,28733.4375513452
Saudi Arabia,SA,SAU,2011,NY.GDP.PCAP.CD,27126.7498747702
Saudi Arabia,SA,SAU,2010,NY.GDP.PCAP.CD,22028.3901426586
Singapore,SG,SGP,2023,NY.GDP.PCAP.CD,86382.5900499252
Singapore,SG,SGP,2022,NY.GDP.PCAP.CD,91227.6970426492
Singapore,SG,SGP,2021,NY.GDP.PCAP.CD,80884.8565369236
Singapore,SG,SGP,2020,NY.GDP.PCAP.CD,61772.5036492256
Singapore,SG,SGP,2019,NY.GDP.PCAP.CD,66068.7003106378
Singapore,SG,SGP,2018,NY.GDP.PCAP.CD,67032.8225769734
Singapore,SG,SGP,2017,NY.GDP.PCAP.CD,61436.1325502558
Singapore,SG,SGP,2016,NY.GDP.PCAP.CD,57204.0340105222
Singapore,SG,SGP,2015,NY.GDP.PCAP.CD,55645.6068614606
Singapore,SG,SGP,2014,NY.GDP.PCAP.CD,57564.8023114977
Singapore,SG,SGP,2013,NY.GDP.PCAP.CD,56967.4257940383
Singapore,SG,SGP,2012,NY.GDP.PCAP.CD,55547.5553077786
Singapore,SG,SGP,2011,NY.GDP.PCAP.CD,53891.4570264372
Singapore,SG,SGP,2010,NY.GDP.PCAP.CD,47236.683084953
Turkiye,TR,TUR,2023,NY.GDP.PCAP.CD,13375.0947282864
Turkiye,TR,TUR,2022,NY.GDP.PCAP.CD,10897.8397861365
Turkiye,TR,TUR,2021,NY.GDP.PCAP.CD,9981.76398411336
Turkiye,TR,TUR,2020,NY.GDP.PCAP.CD,8798.11791709313
Turkiye,TR,TUR,2019,NY.GDP.PCAP.CD,9395.23378001368
Turkiye,TR,TUR,2018,NY.GDP.PCAP.CD,9684.11819884721
Turkiye,TR,TUR,2017,NY.GDP.PCAP.CD,10756.3877677883
Turkiye,TR,TUR,2016,NY.GDP.PCAP.CD,10984.3643169061
Turkiye,TR,TUR,2015,NY.GDP.PCAP.CD,11064.6494504662
Turkiye,TR,TUR,2014,NY.GDP.PCAP.CD,12209.3862327674
Turkiye,TR,TUR,2013,NY.GDP.PCAP.CD,12635.5570016068
Turkiye,TR,TUR,2012,NY.GDP.PCAP.CD,11776.7593362033
Turkiye,TR,TUR,2011,NY.GDP.PCAP.CD,11373.6355760885
Turkiye,TR,TUR,2010,NY.GDP.PCAP.CD,10698.9699409757
Viet Nam,VN,VNM,2023,NY.GDP.PCAP.CD,4322.82572261566
Viet Nam,VN,VNM,2022,NY.GDP.PCAP.CD,4147.69777213621
Viet Nam,VN,VNM,2021,NY.GDP.PCAP.CD,3704.1935590038
Viet Nam,VN,VNM,2020,NY.GDP.PCAP.CD,3534.03953482647
Viet Nam,VN,VNM,2019,NY.GDP.PCAP.CD,3440.90025375434
Viet Nam,VN,VNM,2018,NY.GDP.PCAP.CD,3222.31003125366
Viet Nam,VN,VNM,2017,NY.GDP.PCAP.CD,2956.10992127753
Viet Nam,VN,VNM,2016,NY.GDP.PCAP.CD,2735.0604380416
Viet Nam,VN,VNM,2015,NY.GDP.PCAP.CD,2577.56885340113
Viet Nam,VN,VNM,2014,NY.GDP.PCAP.CD,2546.38464459903
Viet Nam,VN,VNM,2013,NY.GDP.PCAP.CD,2359.51736472828
Viet Nam,VN,VNM,2012,NY.GDP.PCAP.CD,2185.11767654291
Viet Nam,VN,VNM,2011,NY.GDP.PCAP.CD,1950.92504174913
Viet Nam,VN,VNM,2010,NY.GDP.PCAP.CD,1683.16182443979
South Africa,ZA,ZAF,2023,NY.GDP.PCAP.CD,6034.27208964673
South Africa,ZA,ZAF,2022,NY.GDP.PCAP.CD,6534.24867783397
South Africa,ZA,ZAF,2021,NY.GDP.PCAP.CD,6828.75624590017
South Africa,ZA,ZAF,2020,NY.GDP.PCAP.CD,5580.60383075189
South Africa,ZA,ZAF,2019,NY.GDP.PCAP.CD,6533.71121032856
South Africa,ZA,ZAF,2018,NY.GDP.PCAP.CD,6914.1780318076
South Africa,ZA,ZAF,2017,NY.GDP.PCAP.CD,6618.33508255701
South Africa,ZA,ZAF,2016,NY.GDP.PCAP.CD,5651.20585165749
South Africa,ZA,ZAF,2015,NY.GDP.PCAP.CD,6112.27382485974
South Africa,ZA,ZAF,2014,NY.GDP.PCAP.CD,6856.73137092522
South Africa,ZA,ZAF,2013,NY.GDP.PCAP.CD,7331.65467384919
South Africa,ZA,ZAF,2012,NY.GDP.PCAP.CD,8076.97678479741
South Africa,ZA,ZAF,2011,NY.GDP.PCAP.CD,8646.05571071635
South Africa,ZA,ZAF,2010,NY.GDP.PCAP.CD,7973.47195771517
Argentina,AR,ARG,2023,NE.TRD.GNFS.ZS,26.6769512482215
Argentina,AR,ARG,2022,NE.TRD.GNFS.ZS,31.5801792606256
Argentina,AR,ARG,2021,NE.TRD.GNFS.ZS,33.078689567466
Argentina,AR,ARG,2020,NE.TRD.GNFS.ZS,30.203698807416
Argentina,AR,ARG,2019,NE.TRD.GNFS.ZS,32.6306150458499
Argentina,AR,ARG,2018,NE.TRD.GNFS.ZS,30.7625359549926
Argentina,AR,ARG,2017,NE.TRD.GNFS.ZS,25.2896011376779
Argentina,AR,ARG,2016,NE.TRD.GNFS.ZS,26.0938878488799
Argentina,AR,ARG,2015,NE.TRD.GNFS.ZS,22.4862260889792
Argentina,AR,ARG,2014,NE.TRD.GNFS.ZS,28.4067936452275
Argentina,AR,ARG,2013,NE.TRD.GNFS.ZS,29.3339290021037
Argentina,AR,ARG,2012,NE.TRD.GNFS.ZS,30.5265423717108
Argentina,AR,ARG,2011,NE.TRD.GNFS.ZS,35.2061549999644
Argentina,AR,ARG,2010,NE.TRD.GNFS.ZS,34.9710132635696
Brazil,BR,BRA,2023,NE.TRD.GNFS.ZS,33.6662298301438
Brazil,BR,BRA,2022,NE.TRD.GNFS.ZS,38.8160659763397
Brazil,BR,BRA,2021,NE.TRD.GNFS.ZS,37.6563307598082
Brazil,BR,BRA,2020,NE.TRD.GNFS.ZS,32.3020785437939
Brazil,BR,BRA,2019,NE.TRD.GNFS.ZS,28.8902578698964
Brazil,BR,BRA,2018,NE.TRD.GNFS.ZS,28.8762033763866
Brazil,BR,BRA,2017,NE.TRD.GNFS.ZS,24.3197343743057
Brazil,BR,BRA,2016,NE.TRD.GNFS.ZS,24.5336820777006
Brazil,BR,BRA,2015,NE.TRD.GNFS.ZS,26.95362593736
Brazil,BR,BRA,2014,NE.TRD.GNFS.ZS,24.6854058131291
Brazil,BR,BRA,2013,NE.TRD.GNFS.ZS,25.7859573274674
Brazil,BR,BRA,2012,NE.TRD.GNFS.ZS,25.1142736107398
Brazil,BR,BRA,2011,NE.TRD.GNFS.ZS,23.9344051758721
Brazil,BR,BRA,2010,NE.TRD.GNFS.ZS,22.772178113177
Canada,CA,CAN,2023,NE.TRD.GNFS.ZS,66.5745425015033
Canada,CA,CAN,2022,NE.TRD.GNFS.ZS,66.9531620692051
Canada,CA,CAN,2021,NE.TRD.GNFS.ZS,62.2468612630348
Canada,CA,CAN,2020,NE.TRD.GNFS.ZS,61.1566883386797
Canada,CA,CAN,2019,NE.TRD.GNFS.ZS,66.1713422730605
Canada,CA,CAN,2018,NE.TRD.GNFS.ZS,66.59982627163
Canada,CA,CAN,2017,NE.TRD.GNFS.ZS,65.1009087910845
Canada,CA,CAN,2016,NE.TRD.GNFS.ZS,65.3636199818813
Canada,CA,CAN,2015,NE.TRD.GNFS.ZS,66.1648355844224
Canada,CA,CAN,2014,NE.TRD.GNFS.ZS,64.3785976132125
Canada,CA,CAN,2013,NE.TRD.GNFS.ZS,62.2315329073432
Canada,CA,CAN,2012,NE.TRD.GNFS.ZS,62.5957887432013
Canada,CA,CAN,2011,NE.TRD.GNFS.ZS,62.4984217100546
Canada,CA,CAN,2010,NE.TRD.GNFS.ZS,60.2079046752442
China,CN,CHN,2023,NE.TRD.GNFS.ZS,36.7391496938394
China,CN,CHN,2022,NE.TRD.GNFS.ZS,37.512555678171
China,CN,CHN,2021,NE.TRD.GNFS.ZS,36.6428789643754
China,CN,CHN,2020,NE.TRD.GNFS.ZS,34.337778473884
China,CN,CHN,2019,NE.TRD.GNFS.ZS,35.4544350281407
China,CN,CHN,2018,NE.TRD.GNFS.ZS,36.8943843914718
China,CN,CHN,2017,NE.TRD.GNFS.ZS,36.95085261586
China,CN,CHN,2016,NE.TRD.GNFS.ZS,36.177170692978
China,CN,CHN,2015,NE.TRD.GNFS.ZS,38.6971848362625
China,CN,CHN,2014,NE.TRD.GNFS.ZS,44.0684564812532
China,CN,CHN,2013,NE.TRD.GNFS.ZS,45.9160413795571
China,CN,CHN,2012,NE.TRD.GNFS.ZS,47.4802130784317
China,CN,CHN,2011,NE.TRD.GNFS.ZS,49.9458272253643
China,CN,CHN,2010,NE.TRD.GNFS.ZS,49.8540722338977
Germany,DE,DEU,2023,NE.TRD.GNFS.ZS,81.9625483787634
Germany,DE,DEU,2022,NE.TRD.GNFS.ZS,88.7857542130501
Germany,DE,DEU,2021,NE.TRD.GNFS.ZS,79.9195348609851
Germany,DE,DEU,2020,NE.TRD.GNFS.ZS,72.9335327120137
Germany,DE,DEU,2019,NE.TRD.GNFS.ZS,79.0732427175683
Germany,DE,DEU,2018,NE.TRD.GNFS.ZS,79.1252260463654
Germany,DE,DEU,2017,NE.TRD.GNFS.ZS,77.4548394742448
Germany,DE,DEU,2016,NE.TRD.GNFS.ZS,76.0059902166055
Germany,DE,DEU,2015,NE.TRD.GNFS.ZS,77.7565815686922
Germany,DE,DEU,2014,NE.TRD.GNFS.ZS,76.8483516336234
Germany,DE,DEU,2013,NE.TRD.GNFS.ZS,77.5860288576931
Germany,DE,DEU,2012,NE.TRD.GNFS.ZS,79.3316495670315
Germany,DE,DEU,2011,NE.TRD.GNFS.ZS,78.433002901442
Germany,DE,DEU,2010,NE.TRD.GNFS.ZS,73.8852351200263
Spain,ES,ESP,2023,NE.TRD.GNFS.ZS,71.7976366055733
Spain,ES,ESP,2022,NE.TRD.GNFS.ZS,78.4657338703054
Spain,ES,ESP,2021,NE.TRD.GNFS.ZS,66.524588943191
Spain,ES,ESP,2020,NE.TRD.GNFS.ZS,59.4461280147076
Spain,ES,ESP,2019,NE.TRD.GNFS.ZS,66.3662250440692
Spain,ES,ESP,2018,NE.TRD.GNFS.ZS,67.0094103982921
Spain,ES,ESP,2017,NE.TRD.GNFS.ZS,66.167446137857
Spain,ES,ESP,2016,NE.TRD.GNFS.ZS,63.1886778507294
Spain,ES,ESP,2015,NE.TRD.GNFS.ZS,63.5820412248232
Spain,ES,ESP,2014,NE.TRD.GNFS.ZS,63.39926213895
Spain,ES,ESP,2013,NE.TRD.GNFS.ZS,61.6687726441327
Spain,ES,ESP,2012,NE.TRD.GNFS.ZS,60.5540346961864
Spain,ES,ESP,2011,NE.TRD.GNFS.ZS,58.5118228859632
Spain,ES,ESP,2010,NE.TRD.GNFS.ZS,52.6933699734019
France,FR,FRA,2023,NE.TRD.GNFS.ZS,70.6261450610225
France,FR,FRA,2022,NE.TRD.GNFS.ZS,75.9630077981996
France,FR,FRA,2021,NE.TRD.GNFS.ZS,63.788482630872
France,FR,FRA,2020,NE.TRD.GNFS.ZS,58.8388907240647
France,FR,FRA,2019,NE.TRD.GNFS.ZS,66.4289607281749
France,FR,FRA,2018,NE.TRD.GNFS.ZS,66.8022607812266
France,FR,FRA,2017,NE.TRD.GNFS.ZS,65.3958481559711
France,FR,FRA,2016,NE.TRD.GNFS.ZS,63.3427564383351
France,FR,FRA,2015,NE.TRD.GNFS.ZS,63.5046871956484
France,FR,FRA,2014,NE.TRD.GNFS.ZS,62.1992669379507
France,FR,FRA,2013,NE.TRD.GNFS.ZS,61.8192338733962
France,FR,FRA,2012,NE.TRD.GNFS.ZS,61.6589570771102
France,FR,FRA,2011,NE.TRD.GNFS.ZS,60.6056354816406
France,FR,FRA,2010,NE.TRD.GNFS.ZS,56.587555247796
United Kingdom,GB,GBR,2023,NE.TRD.GNFS.ZS,64.9923841747803
United Kingdom,GB,GBR,2022,NE.TRD.GNFS.ZS,69.1989264413981
United Kingdom,GB,GBR,2021,NE.TRD.GNFS.ZS,58.53838629291
United Kingdom,GB,GBR,2020,NE.TRD.GNFS.ZS,59.1598893030611
United Kingdom,GB,GBR,2019,NE.TRD.GNFS.ZS,65.0035664177054
United Kingdom,GB,GBR,2018,NE.TRD.GNFS.ZS,64.9097721959201
United Kingdom,GB,GBR,2017,NE.TRD.GNFS.ZS,63.1899245764158
United Kingdom,GB,GBR,2016,NE.TRD.GNFS.ZS,59.8395315138259
United Kingdom,GB,GBR,2015,NE.TRD.GNFS.ZS,57.125044605439
United Kingdom,GB,GBR,2014,NE.TRD.GNFS.ZS,58.8210228333296
United Kingdom,GB,GBR,2013,NE.TRD.GNFS.ZS,61.7195395154583
United Kingdom,GB,GBR,2012,NE.TRD.GNFS.ZS,61.9688704472535
United Kingdom,GB,GBR,2011,NE.TRD.GNFS.ZS,63.3240615708901
United Kingdom,GB,GBR,2010,NE.TRD.GNFS.ZS,59.0511802227821
Italy,IT,ITA,2023,NE.TRD.GNFS.ZS,65.1028419441908
Italy,IT,ITA,2022,NE.TRD.GNFS.ZS,72.0165023032697
Italy,IT,ITA,2021,NE.TRD.GNFS.ZS,60.3019776202798
Italy,IT,ITA,2020,NE.TRD.GNFS.ZS,53.9394839042764
Italy,IT,ITA,2019,NE.TRD.GNFS.ZS,58.6941902594738
Italy,IT,ITA,2018,NE.TRD.GNFS.ZS,59.2749835128154
Italy,IT,ITA,2017,NE.TRD.GNFS.ZS,57.5829940274911
Italy,IT,ITA,2016,NE.TRD.GNFS.ZS,54.4321467018313
Italy,IT,ITA,2015,NE.TRD.GNFS.ZS,55.4356858148221
Italy,IT,ITA,2014,NE.TRD.GNFS.ZS,54.4545299332032
Italy,IT,ITA,2013,NE.TRD.GNFS.ZS,54.0341846317499
Italy,IT,ITA,2012,NE.TRD.GNFS.ZS,54.8844952702204
Italy,IT,ITA,2011,NE.TRD.GNFS.ZS,54.4722149449288
Italy,IT,ITA,2010,NE.TRD.GNFS.ZS,51.6621118138339
Japan,JP,JPN,2023,NE.TRD.GNFS.ZS,43.5950833802735
Japan,JP,JPN,2022,NE.TRD.GNFS.ZS,44.86063102004
Japan,JP,JPN,2021,NE.TRD.GNFS.ZS,35.4253927340539
Japan,JP,JPN,2020,NE.TRD.GNFS.ZS,30.5192226892273
Japan,JP,JPN,2019,NE.TRD.GNFS.ZS,34.3582972799989
Japan,JP,JPN,2018,NE.TRD.GNFS.ZS,35.8035749582494
Japan,JP,JPN,2017,NE.TRD.GNFS.ZS,33.6888336792782
Japan,JP,JPN,2016,NE.TRD.GNFS.ZS,30.6562793068554
Japan,JP,JPN,2015,NE.TRD.GNFS.ZS,34.7276305886293
Japan,JP,JPN,2014,NE.TRD.GNFS.ZS,36.7643250218282
Japan,JP,JPN,2013,NE.TRD.GNFS.ZS,33.5913694460807
Japan,JP,JPN,2012,NE.TRD.GNFS.ZS,30.174299547803
Japan,JP,JPN,2011,NE.TRD.GNFS.ZS,29.9713853558472
Japan,JP,JPN,2010,NE.TRD.GNFS.ZS,28.2400150860666
Mexico,MX,MEX,2023,NE.TRD.GNFS.ZS,73.7390758255664
Mexico,MX,MEX,2022,NE.TRD.GNFS.ZS,88.7984855897261
Mexico,MX,MEX,2021,NE.TRD.GNFS.ZS,83.0692976264524
Mexico,MX,MEX,2020,NE.TRD.GNFS.ZS,76.8545557151738
Mexico,MX,MEX,2019,NE.TRD.GNFS.ZS,77.4619722509459
Mexico,MX,MEX,2018,NE.TRD.GNFS.ZS,80.212661650262
Mexico,MX,MEX,2017,NE.TRD.GNFS.ZS,76.95212604414
Mexico,MX,MEX,2016,NE.TRD.GNFS.ZS,75.6903034088551
Mexico,MX,MEX,2015,NE.TRD.GNFS.ZS,70.4129746799259
Mexico,MX,MEX,2014,NE.TRD.GNFS.ZS,64.0984090315875
Mexico,MX,MEX,2013,NE.TRD.GNFS.ZS,62.6916747661852
Mexico,MX,MEX,2012,NE.TRD.GNFS.ZS,64.2579318938989
Mexico,MX,MEX,2011,NE.TRD.GNFS.ZS,62.1623872764498
Mexico,MX,MEX,2010,NE.TRD.GNFS.ZS,59.2733845336286
Netherlands,NL,NLD,2023,NE.TRD.GNFS.ZS,165.030429478933
Netherlands,NL,NLD,2022,NE.TRD.GNFS.ZS,184.107484252682
Netherlands,NL,NLD,2021,NE.TRD.GNFS.ZS,163.154842689698
Netherlands,NL,NLD,2020,NE.TRD.GNFS.ZS,152.233230409706
Netherlands,NL,NLD,2019,NE.TRD.GNFS.ZS,160.676671884999
Netherlands,NL,NLD,2018,NE.TRD.GNFS.ZS,163.559146573044
Netherlands,NL,NLD,2017,NE.TRD.GNFS.ZS,159.646059656847
Netherlands,NL,NLD,2016,NE.TRD.GNFS.ZS,150.96552921165
Netherlands,NL,NLD,2015,NE.TRD.GNFS.ZS,160.325812564809
Netherlands,NL,NLD,2014,NE.TRD.GNFS.ZS,151.715891056501
Netherlands,NL,NLD,2013,NE.TRD.GNFS.ZS,150.651850226949
Netherlands,NL,NLD,2012,NE.TRD.GNFS.ZS,149.393223058131
Netherlands,NL,NLD,2011,NE.TRD.GNFS.ZS,141.757099325776
Netherlands,NL,NLD,2010,NE.TRD.GNFS.ZS,130.081707935343
Poland,PL,POL,2023,NE.TRD.GNFS.ZS,110.024935041815
Poland,PL,POL,2022,NE.TRD.GNFS.ZS,123.021332860345
Poland,PL,POL,2021,NE.TRD.GNFS.ZS,110.874283021945
Poland,PL,POL,2020,NE.TRD.GNFS.ZS,99.2590912303436
Poland,PL,POL,2019,NE.TRD.GNFS.ZS,101.581033817373
Poland,PL,POL,2018,NE.TRD.GNFS.ZS,102.442462168005
Poland,PL,POL,2017,NE.TRD.GNFS.ZS,100.56589524628
Poland,PL,POL,2016,NE.TRD.GNFS.ZS,96.8659028060623
Poland,PL,POL,2015,NE.TRD.GNFS.ZS,92.2554272741942
Poland,PL,POL,2014,NE.TRD.GNFS.ZS,92.0340197113178
Poland,PL,POL,2013,NE.TRD.GNFS.ZS,90.4175072415629
Poland,PL,POL,2012,NE.TRD.GNFS.ZS,88.8299033066583
Poland,PL,POL,2011,NE.TRD.GNFS.ZS,86.9236892837618
Poland,PL,POL,2010,NE.TRD.GNFS.ZS,82.2258523219922
Sweden,SE,SWE,2023,NE.TRD.GNFS.ZS,107.619709443974
Sweden,SE,SWE,2022,NE.TRD.GNFS.ZS,107.111751826512
Sweden,SE,SWE,2021,NE.TRD.GNFS.ZS,91.1102374413042
Sweden,SE,SWE,2020,NE.TRD.GNFS.ZS,84.4745958141618
Sweden,SE,SWE,2019,NE.TRD.GNFS.ZS,92.7511390290561
Sweden,SE,SWE,2018,NE.TRD.GNFS.ZS,90.4087142361701
Sweden,SE,SWE,2017,NE.TRD.GNFS.ZS,86.0693088740521
Sweden,SE,SWE,2016,NE.TRD.GNFS.ZS,83.4519478574149
Sweden,SE,SWE,2015,NE.TRD.GNFS.ZS,84.1730765958171
Sweden,SE,SWE,2014,NE.TRD.GNFS.ZS,83.8229810483527
Sweden,SE,SWE,2013,NE.TRD.GNFS.ZS,81.6402521329964
Sweden,SE,SWE,2012,NE.TRD.GNFS.ZS,85.2980605424359
Sweden,SE,SWE,2011,NE.TRD.GNFS.ZS,86.3907448060188
Sweden,SE,SWE,2010,NE.TRD.GNFS.ZS,85.0914849272733
United States,US,USA,2023,NE.TRD.GNFS.ZS,24.9292981752847
United States,US,USA,2022,NE.TRD.GNFS.ZS,26.9078981557739
United States,US,USA,2021,NE.TRD.GNFS.ZS,25.2327260228331
United States,US,USA,2020,NE.TRD.GNFS.ZS,23.1399437509149
United States,US,USA,2019,NE.TRD.GNFS.ZS,26.2584806245428
United States,US,USA,2018,NE.TRD.GNFS.ZS,27.4453591302618
United States,US,USA,2017,NE.TRD.GNFS.ZS,27.1253382222874
United States,US,USA,2016,NE.TRD.GNFS.ZS,26.4525977865465
United States,US,USA,2015,NE.TRD.GNFS.ZS,27.6882139340768
United States,US,USA,2014,NE.TRD.GNFS.ZS,29.906569337428
United States,US,USA,2013,NE.TRD.GNFS.ZS,29.9413062848227
United States,US,USA,2012,NE.TRD.GNFS.ZS,30.681839575193
United States,US,USA,2011,NE.TRD.GNFS.ZS,30.842478575914
United States,US,USA,2010,NE.TRD.GNFS.ZS,28.2198829408336
Australia,AU,AUS,2023,NE.TRD.GNFS.ZS,49.044339318428
Australia,AU,AUS,2022,NE.TRD.GNFS.ZS,45.6946418805752
Australia,AU,AUS,2021,NE.TRD.GNFS.ZS,40.2022359390595
Australia,AU,AUS,2020,NE.TRD.GNFS.ZS,44.499564103879
Australia,AU,AUS,2019,NE.TRD.GNFS.ZS,46.0016827052171
Australia,AU,AUS,2018,NE.TRD.GNFS.ZS,43.5732253645218
Australia,AU,AUS,2017,NE.TRD.GNFS.ZS,42.0354135251854
Australia,AU,AUS,2016,NE.TRD.GNFS.ZS,40.813402217321
Australia,AU,AUS,2015,NE.TRD.GNFS.ZS,41.4947506939901
Australia,AU,AUS,2014,NE.TRD.GNFS.ZS,42.2993095385282
Australia,AU,AUS,2013,NE.TRD.GNFS.ZS,41.100511881056
Australia,AU,AUS,2012,NE.TRD.GNFS.ZS,43.0198495527558
Australia,AU,AUS,2011,NE.TRD.GNFS.ZS,41.7219860149689
Australia,AU,AUS,2010,NE.TRD.GNFS.ZS,40.3905070860606
Chile,CL,CHL,2023,NE.TRD.GNFS.ZS,60.6766444736157
Chile,CL,CHL,2022,NE.TRD.GNFS.ZS,75.2334197533759
Chile,CL,CHL,2021,NE.TRD.GNFS.ZS,64.8399924791736
Chile,CL,CHL,2020,NE.TRD.GNFS.ZS,58.1687693933374
Chile,CL,CHL,2019,NE.TRD.GNFS.ZS,57.6069157856537
Chile,CL,CHL,2018,NE.TRD.GNFS.ZS,58.1770513035882
Chile,CL,CHL,2017,NE.TRD.GNFS.ZS,56.0261586393213
Chile,CL,CHL,2016,NE.TRD.GNFS.ZS,56.0578603070995
Chile,CL,CHL,2015,NE.TRD.GNFS.ZS,59.3491105681231
Chile,CL,CHL,2014,NE.TRD.GNFS.ZS,65.6346274347707
Chile,CL,CHL,2013,NE.TRD.GNFS.ZS,65.1432877063737
Chile,CL,CHL,2012,NE.TRD.GNFS.ZS,68.1561435339271
Chile,CL,CHL,2011,NE.TRD.GNFS.ZS,72.481642209343
Chile,CL,CHL,2010,NE.TRD.GNFS.ZS,69.7176802332624
Colombia,CO,COL,2023,NE.TRD.GNFS.ZS,40.1333165322581
Colombia,CO,COL,2022,NE.TRD.GNFS.ZS,48.2826551123359
Colombia,CO,COL,2021,NE.TRD.GNFS.ZS,40.0591463936128
Colombia,CO,COL,2020,NE.TRD.GNFS.ZS,34.0555709680101
Colombia,CO,COL,2019,NE.TRD.GNFS.ZS,37.558533980839
Colombia,CO,COL,2018,NE.TRD.GNFS.ZS,36.5347527968973
Colombia,CO,COL,2017,NE.TRD.GNFS.ZS,35.2829149424588
Colombia,CO,COL,2016,NE.TRD.GNFS.ZS,36.202652984202
Colombia,CO,COL,2015,NE.TRD.GNFS.ZS,38.3607641184453
Colombia,CO,COL,2014,NE.TRD.GNFS.ZS,37.4874656411103
Colombia,CO,COL,2013,NE.TRD.GNFS.ZS,37.9866487978457
Colombia,CO,COL,2012,NE.TRD.GNFS.ZS,38.835151018669
Colombia,CO,COL,2011,NE.TRD.GNFS.ZS,39.4704235545367
Colombia,CO,COL,2010,NE.TRD.GNFS.ZS,34.2646031687681
"Egypt, Arab Rep.",EG,EGY,2023,NE.TRD.GNFS.ZS,40.4504007720031
"Egypt, Arab Rep.",EG,EGY,2022,NE.TRD.GNFS.ZS,36.9831048772713
"Egypt, Arab Rep.",EG,EGY,2021,NE.TRD.GNFS.ZS,29.8569734808122
"Egypt, Arab Rep.",EG,EGY,2020,NE.TRD.GNFS.ZS,32.1262555667523
"Egypt, Arab Rep.",EG,EGY,2019,NE.TRD.GNFS.ZS,41.1240171551108
"Egypt, Arab Rep.",EG,EGY,2018,NE.TRD.GNFS.ZS,45.9110196733959
"Egypt, Arab Rep.",EG,EGY,2017,NE.TRD.GNFS.ZS,42.8321343581608
"Egypt, Arab Rep.",EG,EGY,2016,NE.TRD.GNFS.ZS,30.2465490514505
"Egypt, Arab Rep.",EG,EGY,2015,NE.TRD.GNFS.ZS,34.8459429600229
"Egypt, Arab Rep.",EG,EGY,2014,NE.TRD.GNFS.ZS,36.9201877934272
"Egypt, Arab Rep.",EG,EGY,2013,NE.TRD.GNFS.ZS,40.373038056332
"Egypt, Arab Rep.",EG,EGY,2012,NE.TRD.GNFS.ZS,40.7117692721084
"Egypt, Arab Rep.",EG,EGY,2011,NE.TRD.GNFS.ZS,45.2556341623514
"Egypt, Arab Rep.",EG,EGY,2010,NE.TRD.GNFS.ZS,47.9363500745898
Indonesia,ID,IDN,2023,NE.TRD.GNFS.ZS,41.4604765447233
Indonesia,ID,IDN,2022,NE.TRD.GNFS.ZS,45.4646701959453
Indonesia,ID,IDN,2021,NE.TRD.GNFS.ZS,40.2047582749671
Indonesia,ID,IDN,2020,NE.TRD.GNFS.ZS,32.9721754002427
Indonesia,ID,IDN,2019,NE.TRD.GNFS.ZS,37.6277775357108
Indonesia,ID,IDN,2018,NE.TRD.GNFS.ZS,43.0743089552002
Indonesia,ID,IDN,2017,NE.TRD.GNFS.ZS,39.3554970704606
Indonesia,ID,IDN,2016,NE.TRD.GNFS.ZS,37.4213418023318
Indonesia,ID,IDN,2015,NE.TRD.GNFS.ZS,41.9376402415294
Indonesia,ID,IDN,2014,NE.TRD.GNFS.ZS,48.0801755855227
Indonesia,ID,IDN,2013,NE.TRD.GNFS.ZS,48.6373726752893
Indonesia,ID,IDN,2012,NE.TRD.GNFS.ZS,49.5828982992627
Indonesia,ID,IDN,2011,NE.TRD.GNFS.ZS,50.1800131841104
Indonesia,ID,IDN,2010,NE.TRD.GNFS.ZS,46.7012738758737
India,IN,IND,2023,NE.TRD.GNFS.ZS,46.3229520582338
India,IN,IND,2022,NE.TRD.GNFS.ZS,50.6979382758042
India,IN,IND,2021,NE.TRD.GNFS.ZS,45.4230887840446
India,IN,IND,2020,NE.TRD.GNFS.ZS,37.7581053292768
India,IN,IND,2019,NE.TRD.GNFS.ZS,39.9054035306442
India,IN,IND,2018,NE.TRD.GNFS.ZS,43.6169693323889
India,IN,IND,2017,NE.TRD.GNFS.ZS,40.7424969545225
India,IN,IND,2016,NE.TRD.GNFS.ZS,40.082485713276
India,IN,IND,2015,NE.TRD.GNFS.ZS,41.9229138658647
India,IN,IND,2014,NE.TRD.GNFS.ZS,48.9221857470669
India,IN,IND,2013,NE.TRD.GNFS.ZS,53.8441319466777
India,IN,IND,2012,NE.TRD.GNFS.ZS,55.7937217287511
India,IN,IND,2011,NE.TRD.GNFS.ZS,55.6238800135298
India,IN,IND,2010,NE.TRD.GNFS.ZS,49.2552064974161
"Korea, Rep.",KR,KOR,2023,NE.TRD.GNFS.ZS,82.2580090716629
"Korea, Rep.",KR,KOR,2022,NE.TRD.GNFS.ZS,90.5851475278549
"Korea, Rep.",KR,KOR,2021,NE.TRD.GNFS.ZS,75.3063047610912
"Korea, Rep.",KR,KOR,2020,NE.TRD.GNFS.ZS,65.544957860621
"Korea, Rep.",KR,KOR,2019,NE.TRD.GNFS.ZS,71.4470632403511
"Korea, Rep.",KR,KOR,2018,NE.TRD.GNFS.ZS,74.7075162140824
"Korea, Rep.",KR,KOR,2017,NE.TRD.GNFS.ZS,73.1921408264016
"Korea, Rep.",KR,KOR,2016,NE.TRD.GNFS.ZS,69.8997221316919
"Korea, Rep.",KR,KOR,2015,NE.TRD.GNFS.ZS,75.3881774564907
"Korea, Rep.",KR,KOR,2014,NE.TRD.GNFS.ZS,86.9342577972039
"Korea, Rep.",KR,KOR,2013,NE.TRD.GNFS.ZS,94.1675235855873
"Korea, Rep.",KR,KOR,2012,NE.TRD.GNFS.ZS,101.51727207905
"Korea, Rep.",KR,KOR,2011,NE.TRD.GNFS.ZS,101.68061646213
"Korea, Rep.",KR,KOR,2010,NE.TRD.GNFS.ZS,88.0278677123124
Nigeria,NG,NGA,2023,NE.TRD.GNFS.ZS,
Nigeria,NG,NGA,2022,NE.TRD.GNFS.ZS,
Nigeria,NG,NGA,2021,NE.TRD.GNFS.ZS,
Nigeria,NG,NGA,2020,NE.TRD.GNFS.ZS,
Nigeria,NG,NGA,2019,NE.TRD.GNFS.ZS,
Nigeria,NG,NGA,2018,NE.TRD.GNFS.ZS,
Nigeria,NG,NGA,2017,NE.TRD.GNFS.ZS,
Nigeria,NG,NGA,2016,NE.TRD.GNFS.ZS,
Nigeria,NG,NGA,2015,NE.TRD.GNFS.ZS,
Nigeria,NG,NGA,2014,NE.TRD.GNFS.ZS,
Nigeria,NG,NGA,2013,NE.TRD.GNFS.ZS,
Nigeria,NG,NGA,2012,NE.TRD.GNFS.ZS,
Nigeria,NG,NGA,2011,NE.TRD.GNFS.ZS,
Nigeria,NG,NGA,2010,NE.TRD.GNFS.ZS,
Russian Federation,RU,RUS,2023,NE.TRD.GNFS.ZS,41.3395116492933
Russian Federation,RU,RUS,2022,NE.TRD.GNFS.ZS,42.7663082313349
Russian Federation,RU,RUS,2021,NE.TRD.GNFS.ZS,50.5861954621752
Russian Federation,RU,RUS,2020,NE.TRD.GNFS.ZS,45.9669082029127
Russian Federation,RU,RUS,2019,NE.TRD.GNFS.ZS,49.2287536619033
Russian Federation,RU,RUS,2018,NE.TRD.GNFS.ZS,51.5809003703964
Russian Federation,RU,RUS,2017,NE.TRD.GNFS.ZS,46.8765243371311
Russian Federation,RU,RUS,2016,NE.TRD.GNFS.ZS,46.5181198396096
Russian Federation,RU,RUS,2015,NE.TRD.GNFS.ZS,49.3593493116887
Russian Federation,RU,RUS,2014,NE.TRD.GNFS.ZS,47.8013412628116
Russian Federation,RU,RUS,2013,NE.TRD.GNFS.ZS,46.287149400499
Russian Federation,RU,RUS,2012,NE.TRD.GNFS.ZS,47.1513903857957
Russian Federation,RU,RUS,2011,NE.TRD.GNFS.ZS,48.0353994077919
Russian Federation,RU,RUS,2010,NE.TRD.GNFS.ZS,50.3555054872589
Saudi Arabia,SA,SAU,2023,NE.TRD.GNFS.ZS,55.7974682325487
Saudi Arabia,SA,SAU,2022,NE.TRD.GNFS.ZS,56.8241647749332
Saudi Arabia,SA,SAU,2021,NE.TRD.GNFS.ZS,50.8839263398787
Saudi Arabia,SA,SAU,2020,NE.TRD.GNFS.ZS,47.533159225048
Saudi Arabia,SA,SAU,2019,NE.TRD.GNFS.ZS,56.7938204886513
Saudi Arabia,SA,SAU,2018,NE.TRD.GNFS.ZS,59.1029104697141
Saudi Arabia,SA,SAU,2017,NE.TRD.GNFS.ZS,59.5319791578229
Saudi Arabia,SA,SAU,2016,NE.TRD.GNFS.ZS,57.9216635110364
Saudi Arabia,SA,SAU,2015,NE.TRD.GNFS.ZS,67.1052692300592
Saudi Arabia,SA,SAU,2014,NE.TRD.GNFS.ZS,78.000111117736
Saudi Arabia,SA,SAU,2013,NE.TRD.GNFS.ZS,80.2515014286783
Saudi Arabia,SA,SAU,2012,NE.TRD.GNFS.ZS,81.74067854616
Saudi Arabia,SA,SAU,2011,NE.TRD.GNFS.ZS,84.3594342438995
Saudi Arabia,SA,SAU,2010,NE.TRD.GNFS.ZS,82.5496850227537
Singapore,SG,SGP,2023,NE.TRD.GNFS.ZS,323.7012199919
Singapore,SG,SGP,2022,NE.TRD.GNFS.ZS,330.246917062891
Singapore,SG,SGP,2021,NE.TRD.GNFS.ZS,326.53325458764
Singapore,SG,SGP,2020,NE.TRD.GNFS.ZS,331.080556828077
Singapore,SG,SGP,2019,NE.TRD.GNFS.ZS,324.270088576625
Singapore,SG,SGP,2018,NE.TRD.GNFS.ZS,325.725809994853
Singapore,SG,SGP,2017,NE.TRD.GNFS.ZS,315.401433455385
Singapore,SG,SGP,2016,NE.TRD.GNFS.ZS,301.338866227561
Singapore,SG,SGP,2015,NE.TRD.GNFS.ZS,329.471398940262
Singapore,SG,SGP,2014,NE.TRD.GNFS.ZS,360.467319166237
Singapore,SG,SGP,2013,NE.TRD.GNFS.ZS,367.041780049019
Singapore,SG,SGP,2012,NE.TRD.GNFS.ZS,369.212965787665
Singapore,SG,SGP,2011,NE.TRD.GNFS.ZS,379.098631377539
Singapore,SG,SGP,2010,NE.TRD.GNFS.ZS,369.685555787646
Turkiye,TR,TUR,2023,NE.TRD.GNFS.ZS,65.6832084738667
Turkiye,TR,TUR,2022,NE.TRD.GNFS.ZS,79.8982722314341
Turkiye,TR,TUR,2021,NE.TRD.GNFS.ZS,69.6088976086437
Turkiye,TR,TUR,2020,NE.TRD.GNFS.ZS,60.389853117297
Turkiye,TR,TUR,2019,NE.TRD.GNFS.ZS,62.5784589326239
Turkiye,TR,TUR,2018,NE.TRD.GNFS.ZS,62.8251323851165
Turkiye,TR,TUR,2017,NE.TRD.GNFS.ZS,56.1356585158689
Turkiye,TR,TUR,2016,NE.TRD.GNFS.ZS,48.870183807987
Turkiye,TR,TUR,2015,NE.TRD.GNFS.ZS,51.8749252596832
Turkiye,TR,TUR,2014,NE.TRD.GNFS.ZS,54.30677404128
Turkiye,TR,TUR,2013,NE.TRD.GNFS.ZS,53.0683530043043
Turkiye,TR,TUR,2012,NE.TRD.GNFS.ZS,53.3277612968607
Turkiye,TR,TUR,2011,NE.TRD.GNFS.ZS,53.651583897618
Turkiye,TR,TUR,2010,NE.TRD.GNFS.ZS,46.9433366709891
Viet Nam,VN,VNM,2023,NE.TRD.GNFS.ZS,164.995585455876
Viet Nam,VN,VNM,2022,NE.TRD.GNFS.ZS,183.153619147836
Viet Nam,VN,VNM,2021,NE.TRD.GNFS.ZS,186.675832836814
Viet Nam,VN,VNM,2020,NE.TRD.GNFS.ZS,163.245862814935
Viet Nam,VN,VNM,2019,NE.TRD.GNFS.ZS,164.704215031408
Viet Nam,VN,VNM,2018,NE.TRD.GNFS.ZS,164.663936775893
Viet Nam,VN,VNM,2017,NE.TRD.GNFS.ZS,160.98008365887
Viet Nam,VN,VNM,2016,NE.TRD.GNFS.ZS,145.409507973118
Viet Nam,VN,VNM,2015,NE.TRD.GNFS.ZS,144.914228195237
Viet Nam,VN,VNM,2014,NE.TRD.GNFS.ZS,135.410521454361
Viet Nam,VN,VNM,2013,NE.TRD.GNFS.ZS,130.846354866743
Viet Nam,VN,VNM,2012,NE.TRD.GNFS.ZS,123.224116745985
Viet Nam,VN,VNM,2011,NE.TRD.GNFS.ZS,125.260577940829
Viet Nam,VN,VNM,2010,NE.TRD.GNFS.ZS,113.977687539714
South Africa,ZA,ZAF,2023,NE.TRD.GNFS.ZS,65.6798759740707
South Africa,ZA,ZAF,2022,NE.TRD.GNFS.ZS,64.94713440234
South Africa,ZA,ZAF,2021,NE.TRD.GNFS.ZS,56.1647136277546
South Africa,ZA,ZAF,2020,NE.TRD.GNFS.ZS,50.7596590804177
South Africa,ZA,ZAF,2019,NE.TRD.GNFS.ZS,53.8979964081406
South Africa,ZA,ZAF,2018,NE.TRD.GNFS.ZS,54.4855451276341
South Africa,ZA,ZAF,2017,NE.TRD.GNFS.ZS,53.5359318293741
South Africa,ZA,ZAF,2016,NE.TRD.GNFS.ZS,55.8612575048782
South Africa,ZA,ZAF,2015,NE.TRD.GNFS.ZS,56.7266761447156
South Africa,ZA,ZAF,2014,NE.TRD.GNFS.ZS,59.4995740550593
South Africa,ZA,ZAF,2013,NE.TRD.GNFS.ZS,58.875027630051
South Africa,ZA,ZAF,2012,NE.TRD.GNFS.ZS,55.5826171933345
South Africa,ZA,ZAF,2011,NE.TRD.GNFS.ZS,54.6363504358971
South Africa,ZA,ZAF,2010,NE.TRD.GNFS.ZS,50.4060871625999
Argentina,AR,ARG,2023,SP.POP.TOTL,45538401
Argentina,AR,ARG,2022,SP.POP.TOTL,45407904
Argentina,AR,ARG,2021,SP.POP.TOTL,45312281
Argentina,AR,ARG,2020,SP.POP.TOTL,45191965
Argentina,AR,ARG,2019,SP.POP.TOTL,44973465
Argentina,AR,ARG,2018,SP.POP.TOTL,44654882
Argentina,AR,ARG,2017,SP.POP.TOTL,44288894
Argentina,AR,ARG,2016,SP.POP.TOTL,43900313
Argentina,AR,ARG,2015,SP.POP.TOTL,43477012
Argentina,AR,ARG,2014,SP.POP.TOTL,43024071
Argentina,AR,ARG,2013,SP.POP.TOTL,42582455
Argentina,AR,ARG,2012,SP.POP.TOTL,42161721
Argentina,AR,ARG,2011,SP.POP.TOTL,41730660
Argentina,AR,ARG,2010,SP.POP.TOTL,41288694
Brazil,BR,BRA,2023,SP.POP.TOTL,211140729
Brazil,BR,BRA,2022,SP.POP.TOTL,210306415
Brazil,BR,BRA,2021,SP.POP.TOTL,209550294
Brazil,BR,BRA,2020,SP.POP.TOTL,208660842
Brazil,BR,BRA,2019,SP.POP.TOTL,207455459
Brazil,BR,BRA,2018,SP.POP.TOTL,206107261
Brazil,BR,BRA,2017,SP.POP.TOTL,204703445
Brazil,BR,BRA,2016,SP.POP.TOTL,203218114
Brazil,BR,BRA,2015,SP.POP.TOTL,201675532
Brazil,BR,BRA,2014,SP.POP.TOTL,200085127
Brazil,BR,BRA,2013,SP.POP.TOTL,198478299
Brazil,BR,BRA,2012,SP.POP.TOTL,196876111
Brazil,BR,BRA,2011,SP.POP.TOTL,195284734
Brazil,BR,BRA,2010,SP.POP.TOTL,193701929
Canada,CA,CAN,2023,SP.POP.TOTL,40049088
Canada,CA,CAN,2022,SP.POP.TOTL,38950132
Canada,CA,CAN,2021,SP.POP.TOTL,38239864
Canada,CA,CAN,2020,SP.POP.TOTL,38028638
Canada,CA,CAN,2019,SP.POP.TOTL,37618495
Canada,CA,CAN,2018,SP.POP.TOTL,37072620
Canada,CA,CAN,2017,SP.POP.TOTL,36545075
Canada,CA,CAN,2016,SP.POP.TOTL,36110803
Canada,CA,CAN,2015,SP.POP.TOTL,35704498
Canada,CA,CAN,2014,SP.POP.TOTL,35434066
Canada,CA,CAN,2013,SP.POP.TOTL,35080992
Canada,CA,CAN,2012,SP.POP.TOTL,34713395
Canada,CA,CAN,2011,SP.POP.TOTL,34339221
Canada,CA,CAN,2010,SP.POP.TOTL,34005902
China,CN,CHN,2023,SP.POP.TOTL,1410710000
China,CN,CHN,2022,SP.POP.TOTL,1412175000
China,CN,CHN,2021,SP.POP.TOTL,1412360000
China,CN,CHN,2020,SP.POP.TOTL,1411100000
China,CN,CHN,2019,SP.POP.TOTL,1407745000
China,CN,CHN,2018,SP.POP.TOTL,1402760000
China,CN,CHN,2017,SP.POP.TOTL,1396215000
China,CN,CHN,2016,SP.POP.TOTL,1387790000
China,CN,CHN,2015,SP.POP.TOTL,1379860000
China,CN,CHN,2014,SP.POP.TOTL,1371860000
China,CN,CHN,2013,SP.POP.TOTL,1363240000
China,CN,CHN,2012,SP.POP.TOTL,1354190000
China,CN,CHN,2011,SP.POP.TOTL,1345035000
China,CN,CHN,2010,SP.POP.TOTL,1337705000
Germany,DE,DEU,2023,SP.POP.TOTL,83287273
Germany,DE,DEU,2022,SP.POP.TOTL,83177813
Germany,DE,DEU,2021,SP.POP.TOTL,83196078
Germany,DE,DEU,2020,SP.POP.TOTL,83160871
Germany,DE,DEU,2019,SP.POP.TOTL,83092962
Germany,DE,DEU,2018,SP.POP.TOTL,82905782
Germany,DE,DEU,2017,SP.POP.TOTL,82657002
Germany,DE,DEU,2016,SP.POP.TOTL,82348669
Germany,DE,DEU,2015,SP.POP.TOTL,81686611
Germany,DE,DEU,2014,SP.POP.TOTL,80982500
Germany,DE,DEU,2013,SP.POP.TOTL,80645605
Germany,DE,DEU,2012,SP.POP.TOTL,80425823
Germany,DE,DEU,2011,SP.POP.TOTL,80274983
Germany,DE,DEU,2010,SP.POP.TOTL,81776930
Spain,ES,ESP,2023,SP.POP.TOTL,48352528
Spain,ES,ESP,2022,SP.POP.TOTL,47786102
Spain,ES,ESP,2021,SP.POP.TOTL,47443821
Spain,ES,ESP,2020,SP.POP.TOTL,47359424
Spain,ES,ESP,2019,SP.POP.TOTL,47118501
Spain,ES,ESP,2018,SP.POP.TOTL,46782011
Spain,ES,ESP,2017,SP.POP.TOTL,46571232
Spain,ES,ESP,2016,SP.POP.TOTL,46458139
Spain,ES,ESP,2015,SP.POP.TOTL,46422303
Spain,ES,ESP,2014,SP.POP.TOTL,46460733
Spain,ES,ESP,2013,SP.POP.TOTL,46604197
Spain,ES,ESP,2012,SP.POP.TOTL,46773055
Spain,ES,ESP,2011,SP.POP.TOTL,46742697
Spain,ES,ESP,2010,SP.POP.TOTL,46576897
France,FR,FRA,2023,SP.POP.TOTL,68372286
France,FR,FRA,2022,SP.POP.TOTL,68184457
France,FR,FRA,2021,SP.POP.TOTL,67842811
France,FR,FRA,2020,SP.POP.TOTL,67601110
France,FR,FRA,2019,SP.POP.TOTL,67382061
France,FR,FRA,2018,SP.POP.TOTL,67158348
France,FR,FRA,2017,SP.POP.TOTL,66918020
France,FR,FRA,2016,SP.POP.TOTL,66724104
France,FR,FRA,2015,SP.POP.TOTL,66548272
France,FR,FRA,2014,SP.POP.TOTL,66312067
France,FR,FRA,2013,SP.POP.TOTL,65997932
France,FR,FRA,2012,SP.POP.TOTL,65657659
France,FR,FRA,2011,SP.POP.TOTL,65340830
France,FR,FRA,2010,SP.POP.TOTL,65026211
United Kingdom,GB,GBR,2023,SP.POP.TOTL,68526000
United Kingdom,GB,GBR,2022,SP.POP.TOTL,67636000
United Kingdom,GB,GBR,2021,SP.POP.TOTL,66978000
United Kingdom,GB,GBR,2020,SP.POP.TOTL,66740000
United Kingdom,GB,GBR,2019,SP.POP.TOTL,66628000
United Kingdom,GB,GBR,2018,SP.POP.TOTL,66287000
United Kingdom,GB,GBR,2017,SP.POP.TOTL,65964000
United Kingdom,GB,GBR,2016,SP.POP.TOTL,65606000
United Kingdom,GB,GBR,2015,SP.POP.TOTL,65087000
United Kingdom,GB,GBR,2014,SP.POP.TOTL,64619000
United Kingdom,GB,GBR,2013,SP.POP.TOTL,64138000
United Kingdom,GB,GBR,2012,SP.POP.TOTL,63711000
United Kingdom,GB,GBR,2011,SP.POP.TOTL,63258810
United Kingdom,GB,GBR,2010,SP.POP.TOTL,62766365
Italy,IT,ITA,2023,SP.POP.TOTL,58984216
Italy,IT,ITA,2022,SP.POP.TOTL,59013667
Italy,IT,ITA,2021,SP.POP.TOTL,59133173
Italy,IT,ITA,2020,SP.POP.TOTL,59438851
Italy,IT,ITA,2019,SP.POP.TOTL,59729081
Italy,IT,ITA,2018,SP.POP.TOTL,59877221
Italy,IT,ITA,2017,SP.POP.TOTL,60002252
Italy,IT,ITA,2016,SP.POP.TOTL,60115223
Italy,IT,ITA,2015,SP.POP.TOTL,60229605
Italy,IT,ITA,2014,SP.POP.TOTL,60320707
Italy,IT,ITA,2013,SP.POP.TOTL,60311613
Italy,IT,ITA,2012,SP.POP.TOTL,60191247
Italy,IT,ITA,2011,SP.POP.TOTL,60026841
Italy,IT,ITA,2010,SP.POP.TOTL,59819407
Japan,JP,JPN,2023,SP.POP.TOTL,124516650
Japan,JP,JPN,2022,SP.POP.TOTL,125124989
Japan,JP,JPN,2021,SP.POP.TOTL,125681593
Japan,JP,JPN,2020,SP.POP.TOTL,126261000
Japan,JP,JPN,2019,SP.POP.TOTL,126633000
Japan,JP,JPN,2018,SP.POP.TOTL,126811000
Japan,JP,JPN,2017,SP.POP.TOTL,126972000
Japan,JP,JPN,2016,SP.POP.TOTL,127076000
Japan,JP,JPN,2015,SP.POP.TOTL,127141000
Japan,JP,JPN,2014,SP.POP.TOTL,127276000
Japan,JP,JPN,2013,SP.POP.TOTL,127445000
Japan,JP,JPN,2012,SP.POP.TOTL,127629000
Japan,JP,JPN,2011,SP.POP.TOTL,127833000
Japan,JP,JPN,2010,SP.POP.TOTL,128070000
Mexico,MX,MEX,2023,SP.POP.TOTL,129739759
Mexico,MX,MEX,2022,SP.POP.TOTL,128613117
Mexico,MX,MEX,2021,SP.POP.TOTL,127648148
Mexico,MX,MEX,2020,SP.POP.TOTL,126799054
Mexico,MX,MEX,2019,SP.POP.TOTL,125762982
Mexico,MX,MEX,2018,SP.POP.TOTL,124573711
Mexico,MX,MEX,2017,SP.POP.TOTL,123400057
Mexico,MX,MEX,2016,SP.POP.TOTL,122251351
Mexico,MX,MEX,2015,SP.POP.TOTL,121072306
Mexico,MX,MEX,2014,SP.POP.TOTL,119784261
Mexico,MX,MEX,2013,SP.POP.TOTL,118343573
Mexico,MX,MEX,2012,SP.POP.TOTL,116818208
Mexico,MX,MEX,2011,SP.POP.TOTL,115243504
Mexico,MX,MEX,2010,SP.POP.TOTL,113623895
Netherlands,NL,NLD,2023,SP.POP.TOTL,17877117
Netherlands,NL,NLD,2022,SP.POP.TOTL,17700982
Netherlands,NL,NLD,2021,SP.POP.TOTL,17533044
Netherlands,NL,NLD,2020,SP.POP.TOTL,17441500
Netherlands,NL,NLD,2019,SP.POP.TOTL,17344874
Netherlands,NL,NLD,2018,SP.POP.TOTL,17231624
Netherlands,NL,NLD,2017,SP.POP.TOTL,17131296
Netherlands,NL,NLD,2016,SP.POP.TOTL,17030314
Netherlands,NL,NLD,2015,SP.POP.TOTL,16939923
Netherlands,NL,NLD,2014,SP.POP.TOTL,16865008
Netherlands,NL,NLD,2013,SP.POP.TOTL,16804432
Netherlands,NL,NLD,2012,SP.POP.TOTL,16754962
Netherlands,NL,NLD,2011,SP.POP.TOTL,16693074
Netherlands,NL,NLD,2010,SP.POP.TOTL,16615394
Poland,PL,POL,2023,SP.POP.TOTL,36687353
Poland,PL,POL,2022,SP.POP.TOTL,36821749
Poland,PL,POL,2021,SP.POP.TOTL,36981559
Poland,PL,POL,2020,SP.POP.TOTL,37515748
Poland,PL,POL,2019,SP.POP.TOTL,37965475
Poland,PL,POL,2018,SP.POP.TOTL,37974750
Poland,PL,POL,2017,SP.POP.TOTL,37974826
Poland,PL,POL,2016,SP.POP.TOTL,37970087
Poland,PL,POL,2015,SP.POP.TOTL,37986412
Poland,PL,POL,2014,SP.POP.TOTL,38011735
Poland,PL,POL,2013,SP.POP.TOTL,38040196
Poland,PL,POL,2012,SP.POP.TOTL,38063164
Poland,PL,POL,2011,SP.POP.TOTL,38063255
Poland,PL,POL,2010,SP.POP.TOTL,38042794
Sweden,SE,SWE,2023,SP.POP.TOTL,10536632
Sweden,SE,SWE,2022,SP.POP.TOTL,10486941
Sweden,SE,SWE,2021,SP.POP.TOTL,10415811
Sweden,SE,SWE,2020,SP.POP.TOTL,10353442
Sweden,SE,SWE,2019,SP.POP.TOTL,10278887
Sweden,SE,SWE,2018,SP.POP.TOTL,10175214
Sweden,SE,SWE,2017,SP.POP.TOTL,10057698
Sweden,SE,SWE,2016,SP.POP.TOTL,9923085
Sweden,SE,SWE,2015,SP.POP.TOTL,9799186
Sweden,SE,SWE,2014,SP.POP.TOTL,9696110
Sweden,SE,SWE,2013,SP.POP.TOTL,9600379
Sweden,SE,SWE,2012,SP.POP.TOTL,9519374
Sweden,SE,SWE,2011,SP.POP.TOTL,9449213
Sweden,SE,SWE,2010,SP.POP.TOTL,9378126
United States,US,USA,2023,SP.POP.TOTL,336755052
United States,US,USA,2022,SP.POP.TOTL,333996304
United States,US,USA,2021,SP.POP.TOTL,332100166
United States,US,USA,2020,SP.POP.TOTL,331578104
United States,US,USA,2019,SP.POP.TOTL,330226227
United States,US,USA,2018,SP.POP.TOTL,328529577
United States,US,USA,2017,SP.POP.TOTL,326608609
United States,US,USA,2016,SP.POP.TOTL,324353340
United States,US,USA,2015,SP.POP.TOTL,321815121
United States,US,USA,2014,SP.POP.TOTL,319257560
United States,US,USA,2013,SP.POP.TOTL,316726282
United States,US,USA,2012,SP.POP.TOTL,314339099
United States,US,USA,2011,SP.POP.TOTL,311839461
United States,US,USA,2010,SP.POP.TOTL,309378227
Australia,AU,AUS,2023,SP.POP.TOTL,26659922
Australia,AU,AUS,2022,SP.POP.TOTL,26018721
Australia,AU,AUS,2021,SP.POP.TOTL,25685412
Australia,AU,AUS,2020,SP.POP.TOTL,25649248
Australia,AU,AUS,2019,SP.POP.TOTL,25334826
Australia,AU,AUS,2018,SP.POP.TOTL,24963258
Australia,AU,AUS,2017,SP.POP.TOTL,24592588
Australia,AU,AUS,2016,SP.POP.TOTL,24190907
Australia,AU,AUS,2015,SP.POP.TOTL,23815995
Australia,AU,AUS,2014,SP.POP.TOTL,23475686
Australia,AU,AUS,2013,SP.POP.TOTL,23128129
Australia,AU,AUS,2012,SP.POP.TOTL,22733465
Australia,AU,AUS,2011,SP.POP.TOTL,22340024
Australia,AU,AUS,2010,SP.POP.TOTL,22031750
Chile,CL,CHL,2023,SP.POP.TOTL,19658835
Chile,CL,CHL,2022,SP.POP.TOTL,19553036
Chile,CL,CHL,2021,SP.POP.TOTL,19456334
Chile,CL,CHL,2020,SP.POP.TOTL,19370624
Chile,CL,CHL,2019,SP.POP.TOTL,19197744
Chile,CL,CHL,2018,SP.POP.TOTL,18893191
Chile,CL,CHL,2017,SP.POP.TOTL,18558868
Chile,CL,CHL,2016,SP.POP.TOTL,18267221
Chile,CL,CHL,2015,SP.POP.TOTL,18047625
Chile,CL,CHL,2014,SP.POP.TOTL,17864195
Chile,CL,CHL,2013,SP.POP.TOTL,17687006
Chile,CL,CHL,2012,SP.POP.TOTL,17519119
Chile,CL,CHL,2011,SP.POP.TOTL,17351816
Chile,CL,CHL,2010,SP.POP.TOTL,17181464
Colombia,CO,COL,2023,SP.POP.TOTL,52321152
Colombia,CO,COL,2022,SP.POP.TOTL,51737944
Colombia,CO,COL,2021,SP.POP.TOTL,51188173
Colombia,CO,COL,2020,SP.POP.TOTL,50629997
Colombia,CO,COL,2019,SP.POP.TOTL,49907985
Colombia,CO,COL,2018,SP.POP.TOTL,49024465
Colombia,CO,COL,2017,SP.POP.TOTL,48131078
Colombia,CO,COL,2016,SP.POP.TOTL,47437512
Colombia,CO,COL,2015,SP.POP.TOTL,46969940
Colombia,CO,COL,2014,SP.POP.TOTL,46565429
Colombia,CO,COL,2013,SP.POP.TOTL,46151584
Colombia,CO,COL,2012,SP.POP.TOTL,45715810
Colombia,CO,COL,2011,SP.POP.TOTL,45259614
Colombia,CO,COL,2010,SP.POP.TOTL,44777319
"Egypt, Arab Rep.",EG,EGY,2023,SP.POP.TOTL,114535772
"Egypt, Arab Rep.",EG,EGY,2022,SP.POP.TOTL,112618250
"Egypt, Arab Rep.",EG,EGY,2021,SP.POP.TOTL,110957008
"Egypt, Arab Rep.",EG,EGY,2020,SP.POP.TOTL,109315124
"Egypt, Arab Rep.",EG,EGY,2019,SP.POP.TOTL,107553158
"Egypt, Arab Rep.",EG,EGY,2018,SP.POP.TOTL,105682094
"Egypt, Arab Rep.",EG,EGY,2017,SP.POP.TOTL,103696057
"Egypt, Arab Rep.",EG,EGY,2016,SP.POP.TOTL,101644589
"Egypt, Arab Rep.",EG,EGY,2015,SP.POP.TOTL,99597342
"Egypt, Arab Rep.",EG,EGY,2014,SP.POP.TOTL,97528654
"Egypt, Arab Rep.",EG,EGY,2013,SP.POP.TOTL,95333553
"Egypt, Arab Rep.",EG,EGY,2012,SP.POP.TOTL,93161001
"Egypt, Arab Rep.",EG,EGY,2011,SP.POP.TOTL,91093059
"Egypt, Arab Rep.",EG,EGY,2010,SP.POP.TOTL,89196072
Indonesia,ID,IDN,2023,SP.POP.TOTL,281190067
Indonesia,ID,IDN,2022,SP.POP.TOTL,278830529
Indonesia,ID,IDN,2021,SP.POP.TOTL,276758053
Indonesia,ID,IDN,2020,SP.POP.TOTL,274814866
Indonesia,ID,IDN,2019,SP.POP.TOTL,272489381
Indonesia,ID,IDN,2018,SP.POP.TOTL,269951846
Indonesia,ID,IDN,2017,SP.POP.TOTL,267346658
Indonesia,ID,IDN,2016,SP.POP.TOTL,264627418
Indonesia,ID,IDN,2015,SP.POP.TOTL,261799249
Indonesia,ID,IDN,2014,SP.POP.TOTL,258877399
Indonesia,ID,IDN,2013,SP.POP.TOTL,255852467
Indonesia,ID,IDN,2012,SP.POP.TOTL,252698525
Indonesia,ID,IDN,2011,SP.POP.TOTL,249470032
Indonesia,ID,IDN,2010,SP.POP.TOTL,246305322
India,IN,IND,2023,SP.POP.TOTL,1438069596
India,IN,IND,2022,SP.POP.TOTL,1425423212
India,IN,IND,2021,SP.POP.TOTL,1414203896
India,IN,IND,2020,SP.POP.TOTL,1402617695
India,IN,IND,2019,SP.POP.TOTL,1389030312
India,IN,IND,2018,SP.POP.TOTL,1374659064
India,IN,IND,2017,SP.POP.TOTL,1359657400
India,IN,IND,2016,SP.POP.TOTL,1343944296
India,IN,IND,2015,SP.POP.TOTL,1328024498
India,IN,IND,2014,SP.POP.TOTL,1312277191
India,IN,IND,2013,SP.POP.TOTL,1295829511
India,IN,IND,2012,SP.POP.TOTL,1278674502
India,IN,IND,2011,SP.POP.TOTL,1261224954
India,IN,IND,2010,SP.POP.TOTL,1243481564
"Korea, Rep.",KR,KOR,2023,SP.POP.TOTL,51712619
"Korea, Rep.",KR,KOR,2022,SP.POP.TOTL,51672569
"Korea, Rep.",KR,KOR,2021,SP.POP.TOTL,51769539
"Korea, Rep.",KR,KOR,2020,SP.POP.TOTL,51836239
"Korea, Rep.",KR,KOR,2019,SP.POP.TOTL,51764822
"Korea, Rep.",KR,KOR,2018,SP.POP.TOTL,51585058
"Korea, Rep.",KR,KOR,2017,SP.POP.TOTL,51361911
"Korea, Rep.",KR,KOR,2016,SP.POP.TOTL,51217803
"Korea, Rep.",KR,KOR,2015,SP.POP.TOTL,51014947
"Korea, Rep.",KR,KOR,2014,SP.POP.TOTL,50746659
"Korea, Rep.",KR,KOR,2013,SP.POP.TOTL,50428893
"Korea, Rep.",KR,KOR,2012,SP.POP.TOTL,50199853
"Korea, Rep.",KR,KOR,2011,SP.POP.TOTL,49936638
"Korea, Rep.",KR,KOR,2010,SP.POP.TOTL,49554112
Nigeria,NG,NGA,2023,SP.POP.TOTL,227882945
Nigeria,NG,NGA,2022,SP.POP.TOTL,223150896
Nigeria,NG,NGA,2021,SP.POP.TOTL,218529286
Nigeria,NG,NGA,2020,SP.POP.TOTL,213996181
Nigeria,NG,NGA,2019,SP.POP.TOTL,209485641
Nigeria,NG,NGA,2018,SP.POP.TOTL,204938755
Nigeria,NG,NGA,2017,SP.POP.TOTL,200254579
Nigeria,NG,NGA,2016,SP.POP.TOTL,195443700
Nigeria,NG,NGA,2015,SP.POP.TOTL,190671878
Nigeria,NG,NGA,2014,SP.POP.TOTL,185896915
Nigeria,NG,NGA,2013,SP.POP.TOTL,181049443
Nigeria,NG,NGA,2012,SP.POP.TOTL,176200625
Nigeria,NG,NGA,2011,SP.POP.TOTL,171379598
Nigeria,NG,NGA,2010,SP.POP.TOTL,166642886
Russian Federation,RU,RUS,2023,SP.POP.TOTL,143826130
Russian Federation,RU,RUS,2022,SP.POP.TOTL,144236933
Russian Federation,RU,RUS,2021,SP.POP.TOTL,144746762
Russian Federation,RU,RUS,2020,SP.POP.TOTL,145245148
Russian Federation,RU,RUS,2019,SP.POP.TOTL,145453291
Russian Federation,RU,RUS,2018,SP.POP.TOTL,145398106
Russian Federation,RU,RUS,2017,SP.POP.TOTL,145293260
Russian Federation,RU,RUS,2016,SP.POP.TOTL,145015460
Russian Federation,RU,RUS,2015,SP.POP.TOTL,144640716
Russian Federation,RU,RUS,2014,SP.POP.TOTL,144237223
Russian Federation,RU,RUS,2013,SP.POP.TOTL,143805638
Russian Federation,RU,RUS,2012,SP.POP.TOTL,143378447
Russian Federation,RU,RUS,2011,SP.POP.TOTL,143018195
Russian Federation,RU,RUS,2010,SP.POP.TOTL,142849468
Saudi Arabia,SA,SAU,2023,SP.POP.TOTL,33702731
Saudi Arabia,SA,SAU,2022,SP.POP.TOTL,32175224
Saudi Arabia,SA,SAU,2021,SP.POP.TOTL,30784383
Saudi Arabia,SA,SAU,2020,SP.POP.TOTL,31552510
Saudi Arabia,SA,SAU,2019,SP.POP.TOTL,30063799
Saudi Arabia,SA,SAU,2018,SP.POP.TOTL,30196281
Saudi Arabia,SA,SAU,2017,SP.POP.TOTL,30977355
Saudi Arabia,SA,SAU,2016,SP.POP.TOTL,30954198
Saudi Arabia,SA,SAU,2015,SP.POP.TOTL,29816382
Saudi Arabia,SA,SAU,2014,SP.POP.TOTL,28309273
Saudi Arabia,SA,SAU,2013,SP.POP.TOTL,27624004
Saudi Arabia,SA,SAU,2012,SP.POP.TOTL,26168861
Saudi Arabia,SA,SAU,2011,SP.POP.TOTL,25091867
Saudi Arabia,SA,SAU,2010,SP.POP.TOTL,23978487
Singapore,SG,SGP,2023,SP.POP.TOTL,5917648
Singapore,SG,SGP,2022,SP.POP.TOTL,5637022
Singapore,SG,SGP,2021,SP.POP.TOTL,5453566
Singapore,SG,SGP,2020,SP.POP.TOTL,5685807
Singapore,SG,SGP,2019,SP.POP.TOTL,5703569
Singapore,SG,SGP,2018,SP.POP.TOTL,5638676
Singapore,SG,SGP,2017,SP.POP.TOTL,5612253
Singapore,SG,SGP,2016,SP.POP.TOTL,5607283
Singapore,SG,SGP,2015,SP.POP.TOTL,5535002
Singapore,SG,SGP,2014,SP.POP.TOTL,5469724
Singapore,SG,SGP,2013,SP.POP.TOTL,5399162
Singapore,SG,SGP,2012,SP.POP.TOTL,5312437
Singapore,SG,SGP,2011,SP.POP.TOTL,5183688
Singapore,SG,SGP,2010,SP.POP.TOTL,5076732
Turkiye,TR,TUR,2023,SP.POP.TOTL,85325965
Turkiye,TR,TUR,2022,SP.POP.TOTL,84979913
Turkiye,TR,TUR,2021,SP.POP.TOTL,84147318
Turkiye,TR,TUR,2020,SP.POP.TOTL,83384680
Turkiye,TR,TUR,2019,SP.POP.TOTL,82579440
Turkiye,TR,TUR,2018,SP.POP.TOTL,81407204
Turkiye,TR,TUR,2017,SP.POP.TOTL,80312698
Turkiye,TR,TUR,2016,SP.POP.TOTL,79277962
Turkiye,TR,TUR,2015,SP.POP.TOTL,78218479
Turkiye,TR,TUR,2014,SP.POP.TOTL,77181884
Turkiye,TR,TUR,2013,SP.POP.TOTL,76147624
Turkiye,TR,TUR,2012,SP.POP.TOTL,75175827
Turkiye,TR,TUR,2011,SP.POP.TOTL,74223629
Turkiye,TR,TUR,2010,SP.POP.TOTL,73142150
Viet Nam,VN,VNM,2023,SP.POP.TOTL,100352192
Viet Nam,VN,VNM,2022,SP.POP.TOTL,99680655
Viet Nam,VN,VNM,2021,SP.POP.TOTL,98935098
Viet Nam,VN,VNM,2020,SP.POP.TOTL,98079191
Viet Nam,VN,VNM,2019,SP.POP.TOTL,97173776
Viet Nam,VN,VNM,2018,SP.POP.TOTL,96237319
Viet Nam,VN,VNM,2017,SP.POP.TOTL,95176977
Viet Nam,VN,VNM,2016,SP.POP.TOTL,94000117
Viet Nam,VN,VNM,2015,SP.POP.TOTL,92823254
Viet Nam,VN,VNM,2014,SP.POP.TOTL,91679578
Viet Nam,VN,VNM,2013,SP.POP.TOTL,90573104
Viet Nam,VN,VNM,2012,SP.POP.TOTL,89510356
Viet Nam,VN,VNM,2011,SP.POP.TOTL,88468314
Viet Nam,VN,VNM,2010,SP.POP.TOTL,87455152
South Africa,ZA,ZAF,2023,SP.POP.TOTL,63212384
South Africa,ZA,ZAF,2022,SP.POP.TOTL,62378410
South Africa,ZA,ZAF,2021,SP.POP.TOTL,61502603
South Africa,ZA,ZAF,2020,SP.POP.TOTL,60562381
South Africa,ZA,ZAF,2019,SP.POP.TOTL,59587885
South Africa,ZA,ZAF,2018,SP.POP.TOTL,58613001
South Africa,ZA,ZAF,2017,SP.POP.TOTL,57635162
South Africa,ZA,ZAF,2016,SP.POP.TOTL,57259551
South Africa,ZA,ZAF,2015,SP.POP.TOTL,56723537
South Africa,ZA,ZAF,2014,SP.POP.TOTL,55594838
South Africa,ZA,ZAF,2013,SP.POP.TOTL,54678791
South Africa,ZA,ZAF,2012,SP.POP.TOTL,53782567
South Africa,ZA,ZAF,2011,SP.POP.TOTL,52995205
South Africa,ZA,ZAF,2010,SP.POP.TOTL,52344051
Argentina,AR,ARG,2023,SE.TER.ENRR,107.822574129434
Argentina,AR,ARG,2022,SE.TER.ENRR,107.103901423423
Argentina,AR,ARG,2021,SE.TER.ENRR,107.219557633976
Argentina,AR,ARG,2020,SE.TER.ENRR,99.3697348717996
Argentina,AR,ARG,2019,SE.TER.ENRR,95.1928240640628
Argentina,AR,ARG,2018,SE.TER.ENRR,91.0846512732766
Argentina,AR,ARG,2017,SE.TER.ENRR,89.3297346952415
Argentina,AR,ARG,2016,SE.TER.ENRR,86.6743832906399
Argentina,AR,ARG,2015,SE.TER.ENRR,83.75569332589
Argentina,AR,ARG,2014,SE.TER.ENRR,81.072589697739
Argentina,AR,ARG,2013,SE.TER.ENRR,78.5681646081939
Argentina,AR,ARG,2012,SE.TER.ENRR,78.1465174294761
Argentina,AR,ARG,2011,SE.TER.ENRR,77.0101185060955
Argentina,AR,ARG,2010,SE.TER.ENRR,73.803669361107
Brazil,BR,BRA,2023,SE.TER.ENRR,
Brazil,BR,BRA,2022,SE.TER.ENRR,61.0000915527344
Brazil,BR,BRA,2021,SE.TER.ENRR,57.6311988830566
Brazil,BR,BRA,2020,SE.TER.ENRR,55.529109954834
Brazil,BR,BRA,2019,SE.TER.ENRR,53.6215400695801
Brazil,BR,BRA,2018,SE.TER.ENRR,52.05712890625
Brazil,BR,BRA,2017,SE.TER.ENRR,50.7326316833496
Brazil,BR,BRA,2016,SE.TER.ENRR,48.9665794372559
Brazil,BR,BRA,2015,SE.TER.ENRR,49.0805015563965
Brazil,BR,BRA,2014,SE.TER.ENRR,47.8131904602051
Brazil,BR,BRA,2013,SE.TER.ENRR,44.9966697692871
Brazil,BR,BRA,2012,SE.TER.ENRR,43.8344116210938
Brazil,BR,BRA,2011,SE.TER.ENRR,
Brazil,BR,BRA,2010,SE.TER.ENRR,
Canada,CA,CAN,2023,SE.TER.ENRR,76.2666931152344
Canada,CA,CAN,2022,SE.TER.ENRR,78.8488311767578
Canada,CA,CAN,2021,SE.TER.ENRR,79.7657318115234
Canada,CA,CAN,2020,SE.TER.ENRR,75.2389068603516
Canada,CA,CAN,2019,SE.TER.ENRR,73.1128768920898
Canada,CA,CAN,2018,SE.TER.ENRR,69.3507232666016
Canada,CA,CAN,2017,SE.TER.ENRR,70.2687072753906
Canada,CA,CAN,2016,SE.TER.ENRR,69.2459411621094
Canada,CA,CAN,2015,SE.TER.ENRR,67.2690963745117
Canada,CA,CAN,2014,SE.TER.ENRR,67.1677017211914
Canada,CA,CAN,2013,SE.TER.ENRR,65.7477188110352
Canada,CA,CAN,2012,SE.TER.ENRR,63.603271484375
Canada,CA,CAN,2011,SE.TER.ENRR,63.1586990356445
Canada,CA,CAN,2010,SE.TER.ENRR,61.8845901489258
China,CN,CHN,2023,SE.TER.ENRR,74.5933014618366
China,CN,CHN,2022,SE.TER.ENRR,71.5799465086024
China,CN,CHN,2021,SE.TER.ENRR,66.8186077597542
China,CN,CHN,2020,SE.TER.ENRR,61.6124675996947
China,CN,CHN,2019,SE.TER.ENRR,56.6050917923292
China,CN,CHN,2018,SE.TER.ENRR,53.3987984572814
China,CN,CHN,2017,SE.TER.ENRR,51.0678812273407
China,CN,CHN,2016,SE.TER.ENRR,49.309077375597
China,CN,CHN,2015,SE.TER.ENRR,47.1192619330726
China,CN,CHN,2014,SE.TER.ENRR,43.7110051016854
China,CN,CHN,2013,SE.TER.ENRR,32.7191603158803
China,CN,CHN,2012,SE.TER.ENRR,29.3081906903292
China,CN,CHN,2011,SE.TER.ENRR,26.7875039907406
China,CN,CHN,2010,SE.TER.ENRR,25.2883066277701
Germany,DE,DEU,2023,SE.TER.ENRR,78.5947494506836
Germany,DE,DEU,2022,SE.TER.ENRR,77.3656997680664
Germany,DE,DEU,2021,SE.TER.ENRR,75.6655426025391
Germany,DE,DEU,2020,SE.TER.ENRR,72.3894195556641
Germany,DE,DEU,2019,SE.TER.ENRR,72.705078125
Germany,DE,DEU,2018,SE.TER.ENRR,69.1634292602539
Germany,DE,DEU,2017,SE.TER.ENRR,68.4692306518555
Germany,DE,DEU,2016,SE.TER.ENRR,67.9464111328125
Germany,DE,DEU,2015,SE.TER.ENRR,68.23291015625
Germany,DE,DEU,2014,SE.TER.ENRR,65.1844787597656
Germany,DE,DEU,2013,SE.TER.ENRR,60.8984489440918
Germany,DE,DEU,2012,SE.TER.ENRR,
Germany,DE,DEU,2011,SE.TER.ENRR,
Germany,DE,DEU,2010,SE.TER.ENRR,
Spain,ES,ESP,2023,SE.TER.ENRR,93.7303466796875
Spain,ES,ESP,2022,SE.TER.ENRR,95.0271606445312
Spain,ES,ESP,2021,SE.TER.ENRR,95.3768997192383
Spain,ES,ESP,2020,SE.TER.ENRR,91.59912109375
Spain,ES,ESP,2019,SE.TER.ENRR,91.5387725830078
Spain,ES,ESP,2018,SE.TER.ENRR,92.5194931030273
Spain,ES,ESP,2017,SE.TER.ENRR,92.070182800293
Spain,ES,ESP,2016,SE.TER.ENRR,89.810791015625
Spain,ES,ESP,2015,SE.TER.ENRR,88.5305328369141
Spain,ES,ESP,2014,SE.TER.ENRR,87.9358520507812
Spain,ES,ESP,2013,SE.TER.ENRR,85.1826324462891
Spain,ES,ESP,2012,SE.TER.ENRR,82.89208984375
Spain,ES,ESP,2011,SE.TER.ENRR,80.7240905761719
Spain,ES,ESP,2010,SE.TER.ENRR,76.3829116821289
France,FR,FRA,2023,SE.TER.ENRR,70.4536437988281
France,FR,FRA,2022,SE.TER.ENRR,71.5107269287109
France,FR,FRA,2021,SE.TER.ENRR,69.9397888183594
France,FR,FRA,2020,SE.TER.ENRR,68.8709411621094
France,FR,FRA,2019,SE.TER.ENRR,67.7331314086914
France,FR,FRA,2018,SE.TER.ENRR,67.5435180664062
France,FR,FRA,2017,SE.TER.ENRR,65.8022308349609
France,FR,FRA,2016,SE.TER.ENRR,64.7276763916016
France,FR,FRA,2015,SE.TER.ENRR,62.7859306335449
France,FR,FRA,2014,SE.TER.ENRR,61.5104789733887
France,FR,FRA,2013,SE.TER.ENRR,59.8487586975098
France,FR,FRA,2012,SE.TER.ENRR,57.9090118408203
France,FR,FRA,2011,SE.TER.ENRR,55.6257286071777
France,FR,FRA,2010,SE.TER.ENRR,54.881721496582
United Kingdom,GB,GBR,2023,SE.TER.ENRR,80.4146499633789
United Kingdom,GB,GBR,2022,SE.TER.ENRR,79.7695083618164
United Kingdom,GB,GBR,2021,SE.TER.ENRR,76.7543563842773
United Kingdom,GB,GBR,2020,SE.TER.ENRR,69.4076614379883
United Kingdom,GB,GBR,2019,SE.TER.ENRR,65.5119934082031
United Kingdom,GB,GBR,2018,SE.TER.ENRR,61.1377716064453
United Kingdom,GB,GBR,2017,SE.TER.ENRR,59.6282081604004
United Kingdom,GB,GBR,2016,SE.TER.ENRR,58.083869934082
United Kingdom,GB,GBR,2015,SE.TER.ENRR,56.4461288452148
United Kingdom,GB,GBR,2014,SE.TER.ENRR,56.5240287780762
United Kingdom,GB,GBR,2013,SE.TER.ENRR,56.7794799804688
United Kingdom,GB,GBR,2012,SE.TER.ENRR,59.1535682678223
United Kingdom,GB,GBR,2011,SE.TER.ENRR,59.3426704406738
United Kingdom,GB,GBR,2010,SE.TER.ENRR,59.8467292785645
Italy,IT,ITA,2023,SE.TER.ENRR,75.9496536254883
Italy,IT,ITA,2022,SE.TER.ENRR,73.8962097167969
Italy,IT,ITA,2021,SE.TER.ENRR,71.2745208740234
Italy,IT,ITA,2020,SE.TER.ENRR,68.7231063842773
Italy,IT,ITA,2019,SE.TER.ENRR,65.6895065307617
Italy,IT,ITA,2018,SE.TER.ENRR,64.4753265380859
Italy,IT,ITA,2017,SE.TER.ENRR,62.69580078125
Italy,IT,ITA,2016,SE.TER.ENRR,61.3571014404297
Italy,IT,ITA,2015,SE.TER.ENRR,60.941291809082
Italy,IT,ITA,2014,SE.TER.ENRR,60.8831481933594
Italy,IT,ITA,2013,SE.TER.ENRR,60.8925285339355
Italy,IT,ITA,2012,SE.TER.ENRR,62.3447418212891
Italy,IT,ITA,2011,SE.TER.ENRR,64.2492523193359
Italy,IT,ITA,2010,SE.TER.ENRR,65.3790435791016
Japan,JP,JPN,2023,SE.TER.ENRR,64.4907608032227
Japan,JP,JPN,2022,SE.TER.ENRR,63.3752288818359
Japan,JP,JPN,2021,SE.TER.ENRR,62.0412483215332
Japan,JP,JPN,2020,SE.TER.ENRR,62.2987403869629
Japan,JP,JPN,2019,SE.TER.ENRR,62.4008407592773
Japan,JP,JPN,2018,SE.TER.ENRR,62.6058502197266
Japan,JP,JPN,2017,SE.TER.ENRR,63.287540435791
Japan,JP,JPN,2016,SE.TER.ENRR,62.4975395202637
Japan,JP,JPN,2015,SE.TER.ENRR,62.4498481750488
Japan,JP,JPN,2014,SE.TER.ENRR,62.8334884643555
Japan,JP,JPN,2013,SE.TER.ENRR,62.6422691345215
Japan,JP,JPN,2012,SE.TER.ENRR,
Japan,JP,JPN,2011,SE.TER.ENRR,
Japan,JP,JPN,2010,SE.TER.ENRR,
Mexico,MX,MEX,2023,SE.TER.ENRR,47.474681854248
Mexico,MX,MEX,2022,SE.TER.ENRR,46.4061317443848
Mexico,MX,MEX,2021,SE.TER.ENRR,45.6506195068359
Mexico,MX,MEX,2020,SE.TER.ENRR,45.1654510498047
Mexico,MX,MEX,2019,SE.TER.ENRR,43.0441398620605
Mexico,MX,MEX,2018,SE.TER.ENRR,41.6382789611816
Mexico,MX,MEX,2017,SE.TER.ENRR,40.3390693664551
Mexico,MX,MEX,2016,SE.TER.ENRR,38.589771270752
Mexico,MX,MEX,2015,SE.TER.ENRR,31.9718608856201
Mexico,MX,MEX,2014,SE.TER.ENRR,31.2052898406982
Mexico,MX,MEX,2013,SE.TER.ENRR,30.3301601409912
Mexico,MX,MEX,2012,SE.TER.ENRR,29.3496494293213
Mexico,MX,MEX,2011,SE.TER.ENRR,28.0361595153809
Mexico,MX,MEX,2010,SE.TER.ENRR,27.1670207977295
Netherlands,NL,NLD,2023,SE.TER.ENRR,86.5938262939453
Netherlands,NL,NLD,2022,SE.TER.ENRR,
Netherlands,NL,NLD,2021,SE.TER.ENRR,89.3898620605469
Netherlands,NL,NLD,2020,SE.TER.ENRR,85.3370819091797
Netherlands,NL,NLD,2019,SE.TER.ENRR,
Netherlands,NL,NLD,2018,SE.TER.ENRR,83.652473449707
Netherlands,NL,NLD,2017,SE.TER.ENRR,83.2009887695312
Netherlands,NL,NLD,2016,SE.TER.ENRR,79.8454895019531
Netherlands,NL,NLD,2015,SE.TER.ENRR,80.1601486206055
Netherlands,NL,NLD,2014,SE.TER.ENRR,
Netherlands,NL,NLD,2013,SE.TER.ENRR,
Netherlands,NL,NLD,2012,SE.TER.ENRR,75.8141632080078
Netherlands,NL,NLD,2011,SE.TER.ENRR,75.518798828125
Netherlands,NL,NLD,2010,SE.TER.ENRR,63.7049789428711
Poland,PL,POL,2023,SE.TER.ENRR,76.8794097900391
Poland,PL,POL,2022,SE.TER.ENRR,75.2911071777344
Poland,PL,POL,2021,SE.TER.ENRR,72.2060623168945
Poland,PL,POL,2020,SE.TER.ENRR,70.9730377197266
Poland,PL,POL,2019,SE.TER.ENRR,70.9065017700195
Poland,PL,POL,2018,SE.TER.ENRR,71.0217437744141
Poland,PL,POL,2017,SE.TER.ENRR,70.6174621582031
Poland,PL,POL,2016,SE.TER.ENRR,69.8503799438477
Poland,PL,POL,2015,SE.TER.ENRR,69.3731994628906
Poland,PL,POL,2014,SE.TER.ENRR,70.2389678955078
Poland,PL,POL,2013,SE.TER.ENRR,73.317268371582
Poland,PL,POL,2012,SE.TER.ENRR,75.0382919311523
Poland,PL,POL,2011,SE.TER.ENRR,75.8021011352539
Poland,PL,POL,2010,SE.TER.ENRR,76.5571212768555
Sweden,SE,SWE,2023,SE.TER.ENRR,81.3998184204102
Sweden,SE,SWE,2022,SE.TER.ENRR,83.8976135253906
Sweden,SE,SWE,2021,SE.TER.ENRR,85.9426193237305
Sweden,SE,SWE,2020,SE.TER.ENRR,79.1196365356445
Sweden,SE,SWE,2019,SE.TER.ENRR,75.1148529052734
Sweden,SE,SWE,2018,SE.TER.ENRR,73.4083786010742
Sweden,SE,SWE,2017,SE.TER.ENRR,70.4342498779297
Sweden,SE,SWE,2016,SE.TER.ENRR,68.306037902832
Sweden,SE,SWE,2015,SE.TER.ENRR,66.4283218383789
Sweden,SE,SWE,2014,SE.TER.ENRR,64.9541931152344
Sweden,SE,SWE,2013,SE.TER.ENRR,65.7820892333984
Sweden,SE,SWE,2012,SE.TER.ENRR,68.742301940918
Sweden,SE,SWE,2011,SE.TER.ENRR,71.9184112548828
Sweden,SE,SWE,2010,SE.TER.ENRR,73.0818328857422
United States,US,USA,2023,SE.TER.ENRR,
United States,US,USA,2022,SE.TER.ENRR,79.361930847168
United States,US,USA,2021,SE.TER.ENRR,84.8550872802734
United States,US,USA,2020,SE.TER.ENRR,87.5676574707031
United States,US,USA,2019,SE.TER.ENRR,87.8887100219727
United States,US,USA,2018,SE.TER.ENRR,88.2991790771484
United States,US,USA,2017,SE.TER.ENRR,88.1673889160156
United States,US,USA,2016,SE.TER.ENRR,88.8350524902344
United States,US,USA,2015,SE.TER.ENRR,88.8894119262695
United States,US,USA,2014,SE.TER.ENRR,88.6268692016602
United States,US,USA,2013,SE.TER.ENRR,88.7264175415039
United States,US,USA,2012,SE.TER.ENRR,
United States,US,USA,2011,SE.TER.ENRR,
United States,US,USA,2010,SE.TER.ENRR,
Australia,AU,AUS,2023,SE.TER.ENRR,104.64835357666
Australia,AU,AUS,2022,SE.TER.ENRR,106.240760803223
Australia,AU,AUS,2021,SE.TER.ENRR,112.688293457031
Australia,AU,AUS,2020,SE.TER.ENRR,110.139221191406
Australia,AU,AUS,2019,SE.TER.ENRR,109.759559631348
Australia,AU,AUS,2018,SE.TER.ENRR,103.322090148926
Australia,AU,AUS,2017,SE.TER.ENRR,109.993309020996
Australia,AU,AUS,2016,SE.TER.ENRR,119.682777404785
Australia,AU,AUS,2015,SE.TER.ENRR,119.679389953613
Australia,AU,AUS,2014,SE.TER.ENRR,
Australia,AU,AUS,2013,SE.TER.ENRR,
Australia,AU,AUS,2012,SE.TER.ENRR,
Australia,AU,AUS,2011,SE.TER.ENRR,
Australia,AU,AUS,2010,SE.TER.ENRR,
Chile,CL,CHL,2023,SE.TER.ENRR,104.734062194824
Chile,CL,CHL,2022,SE.TER.ENRR,99.3372802734375
Chile,CL,CHL,2021,SE.TER.ENRR,96.2227935791016
Chile,CL,CHL,2020,SE.TER.ENRR,89.1124877929688
Chile,CL,CHL,2019,SE.TER.ENRR,92.0659713745117
Chile,CL,CHL,2018,SE.TER.ENRR,91.1974792480469
Chile,CL,CHL,2017,SE.TER.ENRR,89.921989440918
Chile,CL,CHL,2016,SE.TER.ENRR,88.8458862304688
Chile,CL,CHL,2015,SE.TER.ENRR,86.4181137084961
Chile,CL,CHL,2014,SE.TER.ENRR,83.6629791259766
Chile,CL,CHL,2013,SE.TER.ENRR,79.8703384399414
Chile,CL,CHL,2012,SE.TER.ENRR,75.0770721435547
Chile,CL,CHL,2011,SE.TER.ENRR,70.8241806030273
Chile,CL,CHL,2010,SE.TER.ENRR,66.3445205688477
Colombia,CO,COL,2023,SE.TER.ENRR,
Colombia,CO,COL,2022,SE.TER.ENRR,59.2901382446289
Colombia,CO,COL,2021,SE.TER.ENRR,58.3159217834473
Colombia,CO,COL,2020,SE.TER.ENRR,55.7331085205078
Colombia,CO,COL,2019,SE.TER.ENRR,56.6663017272949
Colombia,CO,COL,2018,SE.TER.ENRR,57.3205413818359
Colombia,CO,COL,2017,SE.TER.ENRR,58.3960418701172
Colombia,CO,COL,2016,SE.TER.ENRR,57.1437492370605
Colombia,CO,COL,2015,SE.TER.ENRR,54.7961311340332
Colombia,CO,COL,2014,SE.TER.ENRR,53.1794395446777
Colombia,CO,COL,2013,SE.TER.ENRR,50.7474899291992
Colombia,CO,COL,2012,SE.TER.ENRR,47.4669914245605
Colombia,CO,COL,2011,SE.TER.ENRR,45.2873306274414
Colombia,CO,COL,2010,SE.TER.ENRR,41.529670715332
"Egypt, Arab Rep.",EG,EGY,2023,SE.TER.ENRR,37.9005584716797
"Egypt, Arab Rep.",EG,EGY,2022,SE.TER.ENRR,36.462230682373
"Egypt, Arab Rep.",EG,EGY,2021,SE.TER.ENRR,35.1185317783157
"Egypt, Arab Rep.",EG,EGY,2020,SE.TER.ENRR,38.773998260498
"Egypt, Arab Rep.",EG,EGY,2019,SE.TER.ENRR,33.622825887244
"Egypt, Arab Rep.",EG,EGY,2018,SE.TER.ENRR,36.1230010986328
"Egypt, Arab Rep.",EG,EGY,2017,SE.TER.ENRR,33.1018892935221
"Egypt, Arab Rep.",EG,EGY,2016,SE.TER.ENRR,31.8731307983398
"Egypt, Arab Rep.",EG,EGY,2015,SE.TER.ENRR,32.8848991394043
"Egypt, Arab Rep.",EG,EGY,2014,SE.TER.ENRR,29.1134325604942
"Egypt, Arab Rep.",EG,EGY,2013,SE.TER.ENRR,28.3479816954113
"Egypt, Arab Rep.",EG,EGY,2012,SE.TER.ENRR,26.2271566255146
"Egypt, Arab Rep.",EG,EGY,2011,SE.TER.ENRR,25.5901820932158
"Egypt, Arab Rep.",EG,EGY,2010,SE.TER.ENRR,30.0727383660214
Indonesia,ID,IDN,2023,SE.TER.ENRR,44.8813034886441
Indonesia,ID,IDN,2022,SE.TER.ENRR,42.3260385456152
Indonesia,ID,IDN,2021,SE.TER.ENRR,40.6293239880732
Indonesia,ID,IDN,2020,SE.TER.ENRR,38.1650601406923
Indonesia,ID,IDN,2019,SE.TER.ENRR,37.3230862728703
Indonesia,ID,IDN,2018,SE.TER.ENRR,36.1494878042588
Indonesia,ID,IDN,2017,SE.TER.ENRR,35.967012362631
Indonesia,ID,IDN,2016,SE.TER.ENRR,34.8307173410877
Indonesia,ID,IDN,2015,SE.TER.ENRR,32.4590200433758
Indonesia,ID,IDN,2014,SE.TER.ENRR,29.9904910473273
Indonesia,ID,IDN,2013,SE.TER.ENRR,29.894529174265
Indonesia,ID,IDN,2012,SE.TER.ENRR,29.0425391195214
Indonesia,ID,IDN,2011,SE.TER.ENRR,25.027444191823
Indonesia,ID,IDN,2010,SE.TER.ENRR,23.4159086398462
India,IN,IND,2023,SE.TER.ENRR,34.2394344991225
India,IN,IND,2022,SE.TER.ENRR,32.6703053423023
India,IN,IND,2021,SE.TER.ENRR,31.5741765984501
India,IN,IND,2020,SE.TER.ENRR,29.8196397708424
India,IN,IND,2019,SE.TER.ENRR,29.0233593907143
India,IN,IND,2018,SE.TER.ENRR,28.5316865291946
India,IN,IND,2017,SE.TER.ENRR,27.9090519049334
India,IN,IND,2016,SE.TER.ENRR,27.3043573857643
India,IN,IND,2015,SE.TER.ENRR,27.2845677075978
India,IN,IND,2014,SE.TER.ENRR,25.991324706788
India,IN,IND,2013,SE.TER.ENRR,24.390638443123
India,IN,IND,2012,SE.TER.ENRR,24.9402082606779
India,IN,IND,2011,SE.TER.ENRR,23.8253684220097
India,IN,IND,2010,SE.TER.ENRR,18.6971831309683
"Korea, Rep.",KR,KOR,2023,SE.TER.ENRR,106.709167480469
"Korea, Rep.",KR,KOR,2022,SE.TER.ENRR,102.813056945801
"Korea, Rep.",KR,KOR,2021,SE.TER.ENRR,100.359878540039
"Korea, Rep.",KR,KOR,2020,SE.TER.ENRR,96.8767700195312
"Korea, Rep.",KR,KOR,2019,SE.TER.ENRR,93.9989166259766
"Korea, Rep.",KR,KOR,2018,SE.TER.ENRR,93.3281784057617
"Korea, Rep.",KR,KOR,2017,SE.TER.ENRR,93.7230224609375
"Korea, Rep.",KR,KOR,2016,SE.TER.ENRR,93.6577224731445
"Korea, Rep.",KR,KOR,2015,SE.TER.ENRR,93.9676513671875
"Korea, Rep.",KR,KOR,2014,SE.TER.ENRR,94.4421691894531
"Korea, Rep.",KR,KOR,2013,SE.TER.ENRR,96.3375015258789
"Korea, Rep.",KR,KOR,2012,SE.TER.ENRR,98.286979675293
"Korea, Rep.",KR,KOR,2011,SE.TER.ENRR,100.819679260254
"Korea, Rep.",KR,KOR,2010,SE.TER.ENRR,101.673286437988
Nigeria,NG,NGA,2023,SE.TER.ENRR,
Nigeria,NG,NGA,2022,SE.TER.ENRR,
Nigeria,NG,NGA,2021,SE.TER.ENRR,
Nigeria,NG,NGA,2020,SE.TER.ENRR,
Nigeria,NG,NGA,2019,SE.TER.ENRR,
Nigeria,NG,NGA,2018,SE.TER.ENRR,
Nigeria,NG,NGA,2017,SE.TER.ENRR,
Nigeria,NG,NGA,2016,SE.TER.ENRR,
Nigeria,NG,NGA,2015,SE.TER.ENRR,
Nigeria,NG,NGA,2014,SE.TER.ENRR,
Nigeria,NG,NGA,2013,SE.TER.ENRR,
Nigeria,NG,NGA,2012,SE.TER.ENRR,
Nigeria,NG,NGA,2011,SE.TER.ENRR,9.74153350922586
Nigeria,NG,NGA,2010,SE.TER.ENRR,9.21187548100134
Russian Federation,RU,RUS,2023,SE.TER.ENRR,93.7277679443359
Russian Federation,RU,RUS,2022,SE.TER.ENRR,53.9151941239211
Russian Federation,RU,RUS,2021,SE.TER.ENRR,54.9542479280814
Russian Federation,RU,RUS,2020,SE.TER.ENRR,57.2232854739754
Russian Federation,RU,RUS,2019,SE.TER.ENRR,80.9520697471091
Russian Federation,RU,RUS,2018,SE.TER.ENRR,81.5681115998523
Russian Federation,RU,RUS,2017,SE.TER.ENRR,81.7051021681418
Russian Federation,RU,RUS,2016,SE.TER.ENRR,83.860044350614
Russian Federation,RU,RUS,2015,SE.TER.ENRR,84.2355651240256
Russian Federation,RU,RUS,2014,SE.TER.ENRR,84.5181387513356
Russian Federation,RU,RUS,2013,SE.TER.ENRR,82.8009567260742
Russian Federation,RU,RUS,2012,SE.TER.ENRR,80.5323453975492
Russian Federation,RU,RUS,2011,SE.TER.ENRR,80.1629736412764
Russian Federation,RU,RUS,2010,SE.TER.ENRR,
Saudi Arabia,SA,SAU,2023,SE.TER.ENRR,
Saudi Arabia,SA,SAU,2022,SE.TER.ENRR,73.7492065429688
Saudi Arabia,SA,SAU,2021,SE.TER.ENRR,74.3924865722656
Saudi Arabia,SA,SAU,2020,SE.TER.ENRR,73.7510866368859
Saudi Arabia,SA,SAU,2019,SE.TER.ENRR,77.9664942011008
Saudi Arabia,SA,SAU,2018,SE.TER.ENRR,73.1971736383918
Saudi Arabia,SA,SAU,2017,SE.TER.ENRR,70.7471342981424
Saudi Arabia,SA,SAU,2016,SE.TER.ENRR,63.9826623355369
Saudi Arabia,SA,SAU,2015,SE.TER.ENRR,57.0892771397236
Saudi Arabia,SA,SAU,2014,SE.TER.ENRR,53.1803840195563
Saudi Arabia,SA,SAU,2013,SE.TER.ENRR,43.163501739502
Saudi Arabia,SA,SAU,2012,SE.TER.ENRR,36.0444107055664
Saudi Arabia,SA,SAU,2011,SE.TER.ENRR,28.9419498443604
Saudi Arabia,SA,SAU,2010,SE.TER.ENRR,29.3244802795728
Singapore,SG,SGP,2023,SE.TER.ENRR,97.2886546863037
Singapore,SG,SGP,2022,SE.TER.ENRR,98.02222650098
Singapore,SG,SGP,2021,SE.TER.ENRR,97.0989103061521
Singapore,SG,SGP,2020,SE.TER.ENRR,93.134767179468
Singapore,SG,SGP,2019,SE.TER.ENRR,91.0889904414776
Singapore,SG,SGP,2018,SE.TER.ENRR,88.8864453410769
Singapore,SG,SGP,2017,SE.TER.ENRR,84.7929138455372
Singapore,SG,SGP,2016,SE.TER.ENRR,83.9409778236648
Singapore,SG,SGP,2015,SE.TER.ENRR,
Singapore,SG,SGP,2014,SE.TER.ENRR,
Singapore,SG,SGP,2013,SE.TER.ENRR,
Singapore,SG,SGP,2012,SE.TER.ENRR,101.99681244982
Singapore,SG,SGP,2011,SE.TER.ENRR,95.9817452372883
Singapore,SG,SGP,2010,SE.TER.ENRR,93.2696812803906
Turkiye,TR,TUR,2023,SE.TER.ENRR,105.88606262207
Turkiye,TR,TUR,2022,SE.TER.ENRR,127.577972412109
Turkiye,TR,TUR,2021,SE.TER.ENRR,125.763786315918
Turkiye,TR,TUR,2020,SE.TER.ENRR,118.883682250977
Turkiye,TR,TUR,2019,SE.TER.ENRR,117.005470275879
Turkiye,TR,TUR,2018,SE.TER.ENRR,115.462463378906
Turkiye,TR,TUR,2017,SE.TER.ENRR,110.534072875977
Turkiye,TR,TUR,2016,SE.TER.ENRR,103.71558380127
Turkiye,TR,TUR,2015,SE.TER.ENRR,95.5645065307617
Turkiye,TR,TUR,2014,SE.TER.ENRR,86.9976806640625
Turkiye,TR,TUR,2013,SE.TER.ENRR,79.6469573974609
Turkiye,TR,TUR,2012,SE.TER.ENRR,70.1044998168945
Turkiye,TR,TUR,2011,SE.TER.ENRR,61.516300201416
Turkiye,TR,TUR,2010,SE.TER.ENRR,56.7506217956543
Viet Nam,VN,VNM,2023,SE.TER.ENRR,32.8415128147815
Viet Nam,VN,VNM,2022,SE.TER.ENRR,44.7536854027422
Viet Nam,VN,VNM,2021,SE.TER.ENRR,41.9554971195048
Viet Nam,VN,VNM,2020,SE.TER.ENRR,
Viet Nam,VN,VNM,2019,SE.TER.ENRR,30.2241191864014
Viet Nam,VN,VNM,2018,SE.TER.ENRR,
Viet Nam,VN,VNM,2017,SE.TER.ENRR,25.9526307046456
Viet Nam,VN,VNM,2016,SE.TER.ENRR,29.0811980839409
Viet Nam,VN,VNM,2015,SE.TER.ENRR,29.7250797402999
Viet Nam,VN,VNM,2014,SE.TER.ENRR,31.3306389293887
Viet Nam,VN,VNM,2013,SE.TER.ENRR,25.6249412769592
Viet Nam,VN,VNM,2012,SE.TER.ENRR,25.7487091222031
Viet Nam,VN,VNM,2011,SE.TER.ENRR,25.8674734818525
Viet Nam,VN,VNM,2010,SE.TER.ENRR,23.9250975429329
South Africa,ZA,ZAF,2023,SE.TER.ENRR,23.493768799339
South Africa,ZA,ZAF,2022,SE.TER.ENRR,23.7271036201865
South Africa,ZA,ZAF,2021,SE.TER.ENRR,22.3431289991291
South Africa,ZA,ZAF,2020,SE.TER.ENRR,22.6148742572009
South Africa,ZA,ZAF,2019,SE.TER.ENRR,22.2442465104023
South Africa,ZA,ZAF,2018,SE.TER.ENRR,22.3515425184231
South Africa,ZA,ZAF,2017,SE.TER.ENRR,21.0902909603212
South Africa,ZA,ZAF,2016,SE.TER.ENRR,18.9292980324153
South Africa,ZA,ZAF,2015,SE.TER.ENRR,19.0332949537661
South Africa,ZA,ZAF,2014,SE.TER.ENRR,18.4813356370067
South Africa,ZA,ZAF,2013,SE.TER.ENRR,18.6088225305342
South Africa,ZA,ZAF,2012,SE.TER.ENRR,17.9447234835981
South Africa,ZA,ZAF,2011,SE.TER.ENRR,
South Africa,ZA,ZAF,2010,SE.TER.ENRR,
Argentina,AR,ARG,2023,SE.SEC.CUAT.UP.ZS,
Argentina,AR,ARG,2022,SE.SEC.CUAT.UP.ZS,54.6562690734863
Argentina,AR,ARG,2021,SE.SEC.CUAT.UP.ZS,
Argentina,AR,ARG,2020,SE.SEC.CUAT.UP.ZS,
Argentina,AR,ARG,2019,SE.SEC.CUAT.UP.ZS,
Argentina,AR,ARG,2018,SE.SEC.CUAT.UP.ZS,
Argentina,AR,ARG,2017,SE.SEC.CUAT.UP.ZS,
Argentina,AR,ARG,2016,SE.SEC.CUAT.UP.ZS,
Argentina,AR,ARG,2015,SE.SEC.CUAT.UP.ZS,
Argentina,AR,ARG,2014,SE.SEC.CUAT.UP.ZS,
Argentina,AR,ARG,2013,SE.SEC.CUAT.UP.ZS,
Argentina,AR,ARG,2012,SE.SEC.CUAT.UP.ZS,
Argentina,AR,ARG,2011,SE.SEC.CUAT.UP.ZS,
Argentina,AR,ARG,2010,SE.SEC.CUAT.UP.ZS,
Brazil,BR,BRA,2023,SE.SEC.CUAT.UP.ZS,55.2
Brazil,BR,BRA,2022,SE.SEC.CUAT.UP.ZS,54
Brazil,BR,BRA,2021,SE.SEC.CUAT.UP.ZS,53.5
Brazil,BR,BRA,2020,SE.SEC.CUAT.UP.ZS,52.9
Brazil,BR,BRA,2019,SE.SEC.CUAT.UP.ZS,50.2
Brazil,BR,BRA,2018,SE.SEC.CUAT.UP.ZS,47.4328689575195
Brazil,BR,BRA,2017,SE.SEC.CUAT.UP.ZS,46.1742515563965
Brazil,BR,BRA,2016,SE.SEC.CUAT.UP.ZS,45.1083183288574
Brazil,BR,BRA,2015,SE.SEC.CUAT.UP.ZS,43.7763481140137
Brazil,BR,BRA,2014,SE.SEC.CUAT.UP.ZS,42.5613784790039
Brazil,BR,BRA,2013,SE.SEC.CUAT.UP.ZS,41.8536682128906
Brazil,BR,BRA,2012,SE.SEC.CUAT.UP.ZS,40.6111907958984
Brazil,BR,BRA,2011,SE.SEC.CUAT.UP.ZS,39.3609809875488
Brazil,BR,BRA,2010,SE.SEC.CUAT.UP.ZS,35.922679901123
Canada,CA,CAN,2023,SE.SEC.CUAT.UP.ZS,89.5703840585895
Canada,CA,CAN,2022,SE.SEC.CUAT.UP.ZS,89.1743662135055
Canada,CA,CAN,2021,SE.SEC.CUAT.UP.ZS,86.5175704956055
Canada,CA,CAN,2020,SE.SEC.CUAT.UP.ZS,88.1384114499308
Canada,CA,CAN,2019,SE.SEC.CUAT.UP.ZS,87.4373043734491
Canada,CA,CAN,2018,SE.SEC.CUAT.UP.ZS,87.1723476899967
Canada,CA,CAN,2017,SE.SEC.CUAT.UP.ZS,86.4637574349962
Canada,CA,CAN,2016,SE.SEC.CUAT.UP.ZS,84.4691925048828
Canada,CA,CAN,2015,SE.SEC.CUAT.UP.ZS,85.311018515734
Canada,CA,CAN,2014,SE.SEC.CUAT.UP.ZS,84.7867676404273
Canada,CA,CAN,2013,SE.SEC.CUAT.UP.ZS,84.3148771836703
Canada,CA,CAN,2012,SE.SEC.CUAT.UP.ZS,83.5809403647013
Canada,CA,CAN,2011,SE.SEC.CUAT.UP.ZS,82.7489929199219
Canada,CA,CAN,2010,SE.SEC.CUAT.UP.ZS,82.6343912276864
China,CN,CHN,2023,SE.SEC.CUAT.UP.ZS,
China,CN,CHN,2022,SE.SEC.CUAT.UP.ZS,
China,CN,CHN,2021,SE.SEC.CUAT.UP.ZS,
China,CN,CHN,2020,SE.SEC.CUAT.UP.ZS,31.7697906494141
China,CN,CHN,2019,SE.SEC.CUAT.UP.ZS,
China,CN,CHN,2018,SE.SEC.CUAT.UP.ZS,
China,CN,CHN,2017,SE.SEC.CUAT.UP.ZS,
China,CN,CHN,2016,SE.SEC.CUAT.UP.ZS,
China,CN,CHN,2015,SE.SEC.CUAT.UP.ZS,
China,CN,CHN,2014,SE.SEC.CUAT.UP.ZS,
China,CN,CHN,2013,SE.SEC.CUAT.UP.ZS,
China,CN,CHN,2012,SE.SEC.CUAT.UP.ZS,
China,CN,CHN,2011,SE.SEC.CUAT.UP.ZS,
China,CN,CHN,2010,SE.SEC.CUAT.UP.ZS,22.3159999847412
Germany,DE,DEU,2023,SE.SEC.CUAT.UP.ZS,81.86753991238
Germany,DE,DEU,2022,SE.SEC.CUAT.UP.ZS,81.4180852571742
Germany,DE,DEU,2021,SE.SEC.CUAT.UP.ZS,81.6805888379566
Germany,DE,DEU,2020,SE.SEC.CUAT.UP.ZS,83.6961288452148
Germany,DE,DEU,2019,SE.SEC.CUAT.UP.ZS,84.3155578699176
Germany,DE,DEU,2018,SE.SEC.CUAT.UP.ZS,83.4613037109375
Germany,DE,DEU,2017,SE.SEC.CUAT.UP.ZS,83.6649584098387
Germany,DE,DEU,2016,SE.SEC.CUAT.UP.ZS,83.0064163208008
Germany,DE,DEU,2015,SE.SEC.CUAT.UP.ZS,83.083366394043
Germany,DE,DEU,2014,SE.SEC.CUAT.UP.ZS,82.9972076416016
Germany,DE,DEU,2013,SE.SEC.CUAT.UP.ZS,82.3082504272461
Germany,DE,DEU,2012,SE.SEC.CUAT.UP.ZS,82.04736328125
Germany,DE,DEU,2011,SE.SEC.CUAT.UP.ZS,81.7228622436523
Germany,DE,DEU,2010,SE.SEC.CUAT.UP.ZS,81.1279907226562
Spain,ES,ESP,2023,SE.SEC.CUAT.UP.ZS,55.9303998473828
Spain,ES,ESP,2022,SE.SEC.CUAT.UP.ZS,54.7419193092956
Spain,ES,ESP,2021,SE.SEC.CUAT.UP.ZS,55.3232507853649
Spain,ES,ESP,2020,SE.SEC.CUAT.UP.ZS,53.2567481994629
Spain,ES,ESP,2019,SE.SEC.CUAT.UP.ZS,53.012303429667
Spain,ES,ESP,2018,SE.SEC.CUAT.UP.ZS,50.4169883728027
Spain,ES,ESP,2017,SE.SEC.CUAT.UP.ZS,51.1859564334636
Spain,ES,ESP,2016,SE.SEC.CUAT.UP.ZS,48.6490592956543
Spain,ES,ESP,2015,SE.SEC.CUAT.UP.ZS,47.8630485534668
Spain,ES,ESP,2014,SE.SEC.CUAT.UP.ZS,47.2372512817383
Spain,ES,ESP,2013,SE.SEC.CUAT.UP.ZS,46.8978414601602
Spain,ES,ESP,2012,SE.SEC.CUAT.UP.ZS,45.6011505126953
Spain,ES,ESP,2011,SE.SEC.CUAT.UP.ZS,45.265308380127
Spain,ES,ESP,2010,SE.SEC.CUAT.UP.ZS,44.2518196105957
France,FR,FRA,2023,SE.SEC.CUAT.UP.ZS,78.0396655209166
France,FR,FRA,2022,SE.SEC.CUAT.UP.ZS,77.6175811257937
France,FR,FRA,2021,SE.SEC.CUAT.UP.ZS,76.7527928388629
France,FR,FRA,2020,SE.SEC.CUAT.UP.ZS,73.3635315888032
France,FR,FRA,2019,SE.SEC.CUAT.UP.ZS,72.1873474121094
France,FR,FRA,2018,SE.SEC.CUAT.UP.ZS,71.153117074531
France,FR,FRA,2017,SE.SEC.CUAT.UP.ZS,70.0754928588867
France,FR,FRA,2016,SE.SEC.CUAT.UP.ZS,69.6656265258789
France,FR,FRA,2015,SE.SEC.CUAT.UP.ZS,69.4374313354492
France,FR,FRA,2014,SE.SEC.CUAT.UP.ZS,68.5302200317383
France,FR,FRA,2013,SE.SEC.CUAT.UP.ZS,66.3351593017578
France,FR,FRA,2012,SE.SEC.CUAT.UP.ZS,63.7497215270996
France,FR,FRA,2011,SE.SEC.CUAT.UP.ZS,62.7715682983398
France,FR,FRA,2010,SE.SEC.CUAT.UP.ZS,61.8988800048828
United Kingdom,GB,GBR,2023,SE.SEC.CUAT.UP.ZS,
United Kingdom,GB,GBR,2022,SE.SEC.CUAT.UP.ZS,
United Kingdom,GB,GBR,2021,SE.SEC.CUAT.UP.ZS,80.4642028808594
United Kingdom,GB,GBR,2020,SE.SEC.CUAT.UP.ZS,79.9111328125
United Kingdom,GB,GBR,2019,SE.SEC.CUAT.UP.ZS,
United Kingdom,GB,GBR,2018,SE.SEC.CUAT.UP.ZS,
United Kingdom,GB,GBR,2017,SE.SEC.CUAT.UP.ZS,77.1117324829102
United Kingdom,GB,GBR,2016,SE.SEC.CUAT.UP.ZS,
United Kingdom,GB,GBR,2015,SE.SEC.CUAT.UP.ZS,
United Kingdom,GB,GBR,2014,SE.SEC.CUAT.UP.ZS,74.7063903808594
United Kingdom,GB,GBR,2013,SE.SEC.CUAT.UP.ZS,74.0022735595703
United Kingdom,GB,GBR,2012,SE.SEC.CUAT.UP.ZS,87.7356567382812
United Kingdom,GB,GBR,2011,SE.SEC.CUAT.UP.ZS,86.0834426879883
United Kingdom,GB,GBR,2010,SE.SEC.CUAT.UP.ZS,86.4258270263672
Italy,IT,ITA,2023,SE.SEC.CUAT.UP.ZS,55.2703601822563
Italy,IT,ITA,2022,SE.SEC.CUAT.UP.ZS,52.7956326851944
Italy,IT,ITA,2021,SE.SEC.CUAT.UP.ZS,52.4379031321488
Italy,IT,ITA,2020,SE.SEC.CUAT.UP.ZS,52.4560317993164
Italy,IT,ITA,2019,SE.SEC.CUAT.UP.ZS,52.6440248259532
Italy,IT,ITA,2018,SE.SEC.CUAT.UP.ZS,52.001371763722
Italy,IT,ITA,2017,SE.SEC.CUAT.UP.ZS,51.0024600542183
Italy,IT,ITA,2016,SE.SEC.CUAT.UP.ZS,50.110688132462
Italy,IT,ITA,2015,SE.SEC.CUAT.UP.ZS,49.1525802612305
Italy,IT,ITA,2014,SE.SEC.CUAT.UP.ZS,48.6404800415039
Italy,IT,ITA,2013,SE.SEC.CUAT.UP.ZS,47.9796392254295
Italy,IT,ITA,2012,SE.SEC.CUAT.UP.ZS,47.2840003967285
Italy,IT,ITA,2011,SE.SEC.CUAT.UP.ZS,46.1607398986816
Italy,IT,ITA,2010,SE.SEC.CUAT.UP.ZS,45.5006904602051
Japan,JP,JPN,2023,SE.SEC.CUAT.UP.ZS,
Japan,JP,JPN,2022,SE.SEC.CUAT.UP.ZS,
Japan,JP,JPN,2021,SE.SEC.CUAT.UP.ZS,
Japan,JP,JPN,2020,SE.SEC.CUAT.UP.ZS,85.1767120361328
Japan,JP,JPN,2019,SE.SEC.CUAT.UP.ZS,
Japan,JP,JPN,2018,SE.SEC.CUAT.UP.ZS,
Japan,JP,JPN,2017,SE.SEC.CUAT.UP.ZS,
Japan,JP,JPN,2016,SE.SEC.CUAT.UP.ZS,
Japan,JP,JPN,2015,SE.SEC.CUAT.UP.ZS,
Japan,JP,JPN,2014,SE.SEC.CUAT.UP.ZS,
Japan,JP,JPN,2013,SE.SEC.CUAT.UP.ZS,
Japan,JP,JPN,2012,SE.SEC.CUAT.UP.ZS,
Japan,JP,JPN,2011,SE.SEC.CUAT.UP.ZS,
Japan,JP,JPN,2010,SE.SEC.CUAT.UP.ZS,80.3393630981445
Mexico,MX,MEX,2023,SE.SEC.CUAT.UP.ZS,40.8621500693844
Mexico,MX,MEX,2022,SE.SEC.CUAT.UP.ZS,38.9017181396484
Mexico,MX,MEX,2021,SE.SEC.CUAT.UP.ZS,39.3577259193158
Mexico,MX,MEX,2020,SE.SEC.CUAT.UP.ZS,38.5605812072754
Mexico,MX,MEX,2019,SE.SEC.CUAT.UP.ZS,36.7302002654603
Mexico,MX,MEX,2018,SE.SEC.CUAT.UP.ZS,35.6546287536621
Mexico,MX,MEX,2017,SE.SEC.CUAT.UP.ZS,34.1090507507324
Mexico,MX,MEX,2016,SE.SEC.CUAT.UP.ZS,33.2946891784668
Mexico,MX,MEX,2015,SE.SEC.CUAT.UP.ZS,33.3462181091309
Mexico,MX,MEX,2014,SE.SEC.CUAT.UP.ZS,31.7997303009033
Mexico,MX,MEX,2013,SE.SEC.CUAT.UP.ZS,31.6299304962158
Mexico,MX,MEX,2012,SE.SEC.CUAT.UP.ZS,33.7975082397461
Mexico,MX,MEX,2011,SE.SEC.CUAT.UP.ZS,31.2047459662045
Mexico,MX,MEX,2010,SE.SEC.CUAT.UP.ZS,29.2044105529785
Netherlands,NL,NLD,2023,SE.SEC.CUAT.UP.ZS,74.1197872066975
Netherlands,NL,NLD,2022,SE.SEC.CUAT.UP.ZS,74.2670364991331
Netherlands,NL,NLD,2021,SE.SEC.CUAT.UP.ZS,73.8152267342655
Netherlands,NL,NLD,2020,SE.SEC.CUAT.UP.ZS,72.9593505859375
Netherlands,NL,NLD,2019,SE.SEC.CUAT.UP.ZS,73.8042606493922
Netherlands,NL,NLD,2018,SE.SEC.CUAT.UP.ZS,71.1049575805664
Netherlands,NL,NLD,2017,SE.SEC.CUAT.UP.ZS,72.7198793783845
Netherlands,NL,NLD,2016,SE.SEC.CUAT.UP.ZS,69.9871978759766
Netherlands,NL,NLD,2015,SE.SEC.CUAT.UP.ZS,69.570442199707
Netherlands,NL,NLD,2014,SE.SEC.CUAT.UP.ZS,69.4222030639648
Netherlands,NL,NLD,2013,SE.SEC.CUAT.UP.ZS,69.5296936035156
Netherlands,NL,NLD,2012,SE.SEC.CUAT.UP.ZS,67.0986328125
Netherlands,NL,NLD,2011,SE.SEC.CUAT.UP.ZS,66.4095993041992
Netherlands,NL,NLD,2010,SE.SEC.CUAT.UP.ZS,66.7723236083984
Poland,PL,POL,2023,SE.SEC.CUAT.UP.ZS,
Poland,PL,POL,2022,SE.SEC.CUAT.UP.ZS,
Poland,PL,POL,2021,SE.SEC.CUAT.UP.ZS,87.3724212646484
Poland,PL,POL,2020,SE.SEC.CUAT.UP.ZS,87.7777786254883
Poland,PL,POL,2019,SE.SEC.CUAT.UP.ZS,
Poland,PL,POL,2018,SE.SEC.CUAT.UP.ZS,
Poland,PL,POL,2017,SE.SEC.CUAT.UP.ZS,
Poland,PL,POL,2016,SE.SEC.CUAT.UP.ZS,84.8603210449219
Poland,PL,POL,2015,SE.SEC.CUAT.UP.ZS,
Poland,PL,POL,2014,SE.SEC.CUAT.UP.ZS,83.4857788085938
Poland,PL,POL,2013,SE.SEC.CUAT.UP.ZS,82.8486328125
Poland,PL,POL,2012,SE.SEC.CUAT.UP.ZS,82.0938491821289
Poland,PL,POL,2011,SE.SEC.CUAT.UP.ZS,81.5495910644531
Poland,PL,POL,2010,SE.SEC.CUAT.UP.ZS,80.8199768066406
Sweden,SE,SWE,2023,SE.SEC.CUAT.UP.ZS,84.7437742934447
Sweden,SE,SWE,2022,SE.SEC.CUAT.UP.ZS,83.959668073826
Sweden,SE,SWE,2021,SE.SEC.CUAT.UP.ZS,83.1048471312952
Sweden,SE,SWE,2020,SE.SEC.CUAT.UP.ZS,84.2121403696943
Sweden,SE,SWE,2019,SE.SEC.CUAT.UP.ZS,77.2551116943359
Sweden,SE,SWE,2018,SE.SEC.CUAT.UP.ZS,83.172673189653
Sweden,SE,SWE,2017,SE.SEC.CUAT.UP.ZS,76.1459503173828
Sweden,SE,SWE,2016,SE.SEC.CUAT.UP.ZS,75.5588836669922
Sweden,SE,SWE,2015,SE.SEC.CUAT.UP.ZS,75.0337524414062
Sweden,SE,SWE,2014,SE.SEC.CUAT.UP.ZS,74.4703674316406
Sweden,SE,SWE,2013,SE.SEC.CUAT.UP.ZS,73.9167327880859
Sweden,SE,SWE,2012,SE.SEC.CUAT.UP.ZS,79.0048828125
Sweden,SE,SWE,2011,SE.SEC.CUAT.UP.ZS,78.3214797973633
Sweden,SE,SWE,2010,SE.SEC.CUAT.UP.ZS,77.6163787841797
United States,US,USA,2023,SE.SEC.CUAT.UP.ZS,91.4612884521484
United States,US,USA,2022,SE.SEC.CUAT.UP.ZS,91.190803527832
United States,US,USA,2021,SE.SEC.CUAT.UP.ZS,91.313362121582
United States,US,USA,2020,SE.SEC.CUAT.UP.ZS,90.9405212402344
United States,US,USA,2019,SE.SEC.CUAT.UP.ZS,94.6938014055522
United States,US,USA,2018,SE.SEC.CUAT.UP.ZS,89.8053588867188
United States,US,USA,2017,SE.SEC.CUAT.UP.ZS,89.8141326904297
United States,US,USA,2016,SE.SEC.CUAT.UP.ZS,89.0923614501953
United States,US,USA,2015,SE.SEC.CUAT.UP.ZS,88.4119720458984
United States,US,USA,2014,SE.SEC.CUAT.UP.ZS,88.3135833740234
United States,US,USA,2013,SE.SEC.CUAT.UP.ZS,88.1503067016602
United States,US,USA,2012,SE.SEC.CUAT.UP.ZS,87.6791000366211
United States,US,USA,2011,SE.SEC.CUAT.UP.ZS,87.5908889770508
United States,US,USA,2010,SE.SEC.CUAT.UP.ZS,87.1494064331055
Australia,AU,AUS,2023,SE.SEC.CUAT.UP.ZS,78.9638344978438
Australia,AU,AUS,2022,SE.SEC.CUAT.UP.ZS,81.6710815429688
Australia,AU,AUS,2021,SE.SEC.CUAT.UP.ZS,81.1301116943359
Australia,AU,AUS,2020,SE.SEC.CUAT.UP.ZS,80.0530319213867
Australia,AU,AUS,2019,SE.SEC.CUAT.UP.ZS,79.0479278564453
Australia,AU,AUS,2018,SE.SEC.CUAT.UP.ZS,78.3257598876953
Australia,AU,AUS,2017,SE.SEC.CUAT.UP.ZS,77.261360168457
Australia,AU,AUS,2016,SE.SEC.CUAT.UP.ZS,76.4180374145508
Australia,AU,AUS,2015,SE.SEC.CUAT.UP.ZS,75.5475769042969
Australia,AU,AUS,2014,SE.SEC.CUAT.UP.ZS,73.5959625244141
Australia,AU,AUS,2013,SE.SEC.CUAT.UP.ZS,72.037353515625
Australia,AU,AUS,2012,SE.SEC.CUAT.UP.ZS,76.4830169677734
Australia,AU,AUS,2011,SE.SEC.CUAT.UP.ZS,74.0616683959961
Australia,AU,AUS,2010,SE.SEC.CUAT.UP.ZS,72.7989730834961
Chile,CL,CHL,2023,SE.SEC.CUAT.UP.ZS,68.4254952608668
Chile,CL,CHL,2022,SE.SEC.CUAT.UP.ZS,66.6
Chile,CL,CHL,2021,SE.SEC.CUAT.UP.ZS,66.9972330056142
Chile,CL,CHL,2020,SE.SEC.CUAT.UP.ZS,65.3
Chile,CL,CHL,2019,SE.SEC.CUAT.UP.ZS,66.8381594272598
Chile,CL,CHL,2018,SE.SEC.CUAT.UP.ZS,65.7721194585188
Chile,CL,CHL,2017,SE.SEC.CUAT.UP.ZS,59.2311515808105
Chile,CL,CHL,2016,SE.SEC.CUAT.UP.ZS,62.4565158145167
Chile,CL,CHL,2015,SE.SEC.CUAT.UP.ZS,56.9636688232422
Chile,CL,CHL,2014,SE.SEC.CUAT.UP.ZS,60.3100448821158
Chile,CL,CHL,2013,SE.SEC.CUAT.UP.ZS,53.8420600891113
Chile,CL,CHL,2012,SE.SEC.CUAT.UP.ZS,57.9416809165017
Chile,CL,CHL,2011,SE.SEC.CUAT.UP.ZS,50.8061485290527
Chile,CL,CHL,2010,SE.SEC.CUAT.UP.ZS,52.8601493835449
Colombia,CO,COL,2023,SE.SEC.CUAT.UP.ZS,57
Colombia,CO,COL,2022,SE.SEC.CUAT.UP.ZS,56.1
Colombia,CO,COL,2021,SE.SEC.CUAT.UP.ZS,53.7
Colombia,CO,COL,2020,SE.SEC.CUAT.UP.ZS,53.1528701782227
Colombia,CO,COL,2019,SE.SEC.CUAT.UP.ZS,51.0982284545898
Colombia,CO,COL,2018,SE.SEC.CUAT.UP.ZS,49.7744789123535
Colombia,CO,COL,2017,SE.SEC.CUAT.UP.ZS,47.7
Colombia,CO,COL,2016,SE.SEC.CUAT.UP.ZS,47.2685508728027
Colombia,CO,COL,2015,SE.SEC.CUAT.UP.ZS,45.4046592712402
Colombia,CO,COL,2014,SE.SEC.CUAT.UP.ZS,44.59130859375
Colombia,CO,COL,2013,SE.SEC.CUAT.UP.ZS,43.2897491455078
Colombia,CO,COL,2012,SE.SEC.CUAT.UP.ZS,41.4074287414551
Colombia,CO,COL,2011,SE.SEC.CUAT.UP.ZS,40.2652816772461
Colombia,CO,COL,2010,SE.SEC.CUAT.UP.ZS,39.1352615356445
"Egypt, Arab Rep.",EG,EGY,2023,SE.SEC.CUAT.UP.ZS,55.6923702917355
"Egypt, Arab Rep.",EG,EGY,2022,SE.SEC.CUAT.UP.ZS,54.3136582910509
"Egypt, Arab Rep.",EG,EGY,2021,SE.SEC.CUAT.UP.ZS,52.9199600219727
"Egypt, Arab Rep.",EG,EGY,2020,SE.SEC.CUAT.UP.ZS,
"Egypt, Arab Rep.",EG,EGY,2019,SE.SEC.CUAT.UP.ZS,
"Egypt, Arab Rep.",EG,EGY,2018,SE.SEC.CUAT.UP.ZS,49.7118492005103
"Egypt, Arab Rep.",EG,EGY,2017,SE.SEC.CUAT.UP.ZS,47.4089584400473
"Egypt, Arab Rep.",EG,EGY,2016,SE.SEC.CUAT.UP.ZS,47.5332383158435
"Egypt, Arab Rep.",EG,EGY,2015,SE.SEC.CUAT.UP.ZS,47.3302106410428
"Egypt, Arab Rep.",EG,EGY,2014,SE.SEC.CUAT.UP.ZS,44.2305609240231
"Egypt, Arab Rep.",EG,EGY,2013,SE.SEC.CUAT.UP.ZS,44.0942644002008
"Egypt, Arab Rep.",EG,EGY,2012,SE.SEC.CUAT.UP.ZS,44.9668456262027
"Egypt, Arab Rep.",EG,EGY,2011,SE.SEC.CUAT.UP.ZS,44.0003470754328
"Egypt, Arab Rep.",EG,EGY,2010,SE.SEC.CUAT.UP.ZS,43.5075794723397
Indonesia,ID,IDN,2023,SE.SEC.CUAT.UP.ZS,39.1046221610504
Indonesia,ID,IDN,2022,SE.SEC.CUAT.UP.ZS,39.5653046324461
Indonesia,ID,IDN,2021,SE.SEC.CUAT.UP.ZS,39.5576649933508
Indonesia,ID,IDN,2020,SE.SEC.CUAT.UP.ZS,38.1022605895996
Indonesia,ID,IDN,2019,SE.SEC.CUAT.UP.ZS,36.9919811506555
Indonesia,ID,IDN,2018,SE.SEC.CUAT.UP.ZS,34.6013603210449
Indonesia,ID,IDN,2017,SE.SEC.CUAT.UP.ZS,33.7715682983398
Indonesia,ID,IDN,2016,SE.SEC.CUAT.UP.ZS,33.7317504882812
Indonesia,ID,IDN,2015,SE.SEC.CUAT.UP.ZS,32.262020111084
Indonesia,ID,IDN,2014,SE.SEC.CUAT.UP.ZS,31.0928401947021
Indonesia,ID,IDN,2013,SE.SEC.CUAT.UP.ZS,30.4177818759345
Indonesia,ID,IDN,2012,SE.SEC.CUAT.UP.ZS,29.5142825432068
Indonesia,ID,IDN,2011,SE.SEC.CUAT.UP.ZS,28.9348602294922
Indonesia,ID,IDN,2010,SE.SEC.CUAT.UP.ZS,28.0485247975574
India,IN,IND,2023,SE.SEC.CUAT.UP.ZS,41.3380012512207
India,IN,IND,2022,SE.SEC.CUAT.UP.ZS,31.6138706207275
India,IN,IND,2021,SE.SEC.CUAT.UP.ZS,
India,IN,IND,2020,SE.SEC.CUAT.UP.ZS,31.7094497680664
India,IN,IND,2019,SE.SEC.CUAT.UP.ZS,
India,IN,IND,2018,SE.SEC.CUAT.UP.ZS,32.3433494567871
India,IN,IND,2017,SE.SEC.CUAT.UP.ZS,
India,IN,IND,2016,SE.SEC.CUAT.UP.ZS,
India,IN,IND,2015,SE.SEC.CUAT.UP.ZS,
India,IN,IND,2014,SE.SEC.CUAT.UP.ZS,
India,IN,IND,2013,SE.SEC.CUAT.UP.ZS,
India,IN,IND,2012,SE.SEC.CUAT.UP.ZS,
India,IN,IND,2011,SE.SEC.CUAT.UP.ZS,26.8885498046875
India,IN,IND,2010,SE.SEC.CUAT.UP.ZS,
"Korea, Rep.",KR,KOR,2023,SE.SEC.CUAT.UP.ZS,80.8621974386382
"Korea, Rep.",KR,KOR,2022,SE.SEC.CUAT.UP.ZS,79.7711683014088
"Korea, Rep.",KR,KOR,2021,SE.SEC.CUAT.UP.ZS,79.3377764616616
"Korea, Rep.",KR,KOR,2020,SE.SEC.CUAT.UP.ZS,78.8234253406257
"Korea, Rep.",KR,KOR,2019,SE.SEC.CUAT.UP.ZS,78.4517571356137
"Korea, Rep.",KR,KOR,2018,SE.SEC.CUAT.UP.ZS,77.9471091670413
"Korea, Rep.",KR,KOR,2017,SE.SEC.CUAT.UP.ZS,77.6303782354792
"Korea, Rep.",KR,KOR,2016,SE.SEC.CUAT.UP.ZS,77.3171786972979
"Korea, Rep.",KR,KOR,2015,SE.SEC.CUAT.UP.ZS,76.4498977661133
"Korea, Rep.",KR,KOR,2014,SE.SEC.CUAT.UP.ZS,75.9209590034861
"Korea, Rep.",KR,KOR,2013,SE.SEC.CUAT.UP.ZS,74.8261566150981
"Korea, Rep.",KR,KOR,2012,SE.SEC.CUAT.UP.ZS,74.0698271328845
"Korea, Rep.",KR,KOR,2011,SE.SEC.CUAT.UP.ZS,73.3761603967575
"Korea, Rep.",KR,KOR,2010,SE.SEC.CUAT.UP.ZS,72.7248001098633
Nigeria,NG,NGA,2023,SE.SEC.CUAT.UP.ZS,
Nigeria,NG,NGA,2022,SE.SEC.CUAT.UP.ZS,
Nigeria,NG,NGA,2021,SE.SEC.CUAT.UP.ZS,43.9315299987793
Nigeria,NG,NGA,2020,SE.SEC.CUAT.UP.ZS,
Nigeria,NG,NGA,2019,SE.SEC.CUAT.UP.ZS,39.2685203552246
Nigeria,NG,NGA,2018,SE.SEC.CUAT.UP.ZS,40.0925788879395
Nigeria,NG,NGA,2017,SE.SEC.CUAT.UP.ZS,
Nigeria,NG,NGA,2016,SE.SEC.CUAT.UP.ZS,38.8324203491211
Nigeria,NG,NGA,2015,SE.SEC.CUAT.UP.ZS,
Nigeria,NG,NGA,2014,SE.SEC.CUAT.UP.ZS,
Nigeria,NG,NGA,2013,SE.SEC.CUAT.UP.ZS,
Nigeria,NG,NGA,2012,SE.SEC.CUAT.UP.ZS,
Nigeria,NG,NGA,2011,SE.SEC.CUAT.UP.ZS,
Nigeria,NG,NGA,2010,SE.SEC.CUAT.UP.ZS,
Russian Federation,RU,RUS,2023,SE.SEC.CUAT.UP.ZS,92.6996595179214
Russian Federation,RU,RUS,2022,SE.SEC.CUAT.UP.ZS,91.9972550280771
Russian Federation,RU,RUS,2021,SE.SEC.CUAT.UP.ZS,92.1767807006836
Russian Federation,RU,RUS,2020,SE.SEC.CUAT.UP.ZS,91.8141153254704
Russian Federation,RU,RUS,2019,SE.SEC.CUAT.UP.ZS,91.4410954486241
Russian Federation,RU,RUS,2018,SE.SEC.CUAT.UP.ZS,91.5161323845422
Russian Federation,RU,RUS,2017,SE.SEC.CUAT.UP.ZS,91.3463863694083
Russian Federation,RU,RUS,2016,SE.SEC.CUAT.UP.ZS,94.5656647529988
Russian Federation,RU,RUS,2015,SE.SEC.CUAT.UP.ZS,94.0891738987487
Russian Federation,RU,RUS,2014,SE.SEC.CUAT.UP.ZS,93.7110998608766
Russian Federation,RU,RUS,2013,SE.SEC.CUAT.UP.ZS,93.4150971196574
Russian Federation,RU,RUS,2012,SE.SEC.CUAT.UP.ZS,92.8374751815593
Russian Federation,RU,RUS,2011,SE.SEC.CUAT.UP.ZS,92.1724335105898
Russian Federation,RU,RUS,2010,SE.SEC.CUAT.UP.ZS,84.987907409668
Saudi Arabia,SA,SAU,2023,SE.SEC.CUAT.UP.ZS,
Saudi Arabia,SA,SAU,2022,SE.SEC.CUAT.UP.ZS,64.6558232338882
Saudi Arabia,SA,SAU,2021,SE.SEC.CUAT.UP.ZS,63.3182887963145
Saudi Arabia,SA,SAU,2020,SE.SEC.CUAT.UP.ZS,62.2887687683105
Saudi Arabia,SA,SAU,2019,SE.SEC.CUAT.UP.ZS,56.8663981871088
Saudi Arabia,SA,SAU,2018,SE.SEC.CUAT.UP.ZS,56.6075261132493
Saudi Arabia,SA,SAU,2017,SE.SEC.CUAT.UP.ZS,53.8799896240234
Saudi Arabia,SA,SAU,2016,SE.SEC.CUAT.UP.ZS,
Saudi Arabia,SA,SAU,2015,SE.SEC.CUAT.UP.ZS,
Saudi Arabia,SA,SAU,2014,SE.SEC.CUAT.UP.ZS,
Saudi Arabia,SA,SAU,2013,SE.SEC.CUAT.UP.ZS,48.8905792236328
Saudi Arabia,SA,SAU,2012,SE.SEC.CUAT.UP.ZS,
Saudi Arabia,SA,SAU,2011,SE.SEC.CUAT.UP.ZS,
Saudi Arabia,SA,SAU,2010,SE.SEC.CUAT.UP.ZS,
Singapore,SG,SGP,2023,SE.SEC.CUAT.UP.ZS,
Singapore,SG,SGP,2022,SE.SEC.CUAT.UP.ZS,79.0433883666992
Singapore,SG,SGP,2021,SE.SEC.CUAT.UP.ZS,78.3726577758789
Singapore,SG,SGP,2020,SE.SEC.CUAT.UP.ZS,74.5498886108398
Singapore,SG,SGP,2019,SE.SEC.CUAT.UP.ZS,74.4833679199219
Singapore,SG,SGP,2018,SE.SEC.CUAT.UP.ZS,73.5237884521484
Singapore,SG,SGP,2017,SE.SEC.CUAT.UP.ZS,71.3994598388672
Singapore,SG,SGP,2016,SE.SEC.CUAT.UP.ZS,70.693229675293
Singapore,SG,SGP,2015,SE.SEC.CUAT.UP.ZS,70.9170913696289
Singapore,SG,SGP,2014,SE.SEC.CUAT.UP.ZS,69.5462875366211
Singapore,SG,SGP,2013,SE.SEC.CUAT.UP.ZS,68.7806701660156
Singapore,SG,SGP,2012,SE.SEC.CUAT.UP.ZS,67.7048416137695
Singapore,SG,SGP,2011,SE.SEC.CUAT.UP.ZS,66.5693130493164
Singapore,SG,SGP,2010,SE.SEC.CUAT.UP.ZS,65.5210571289062
Turkiye,TR,TUR,2023,SE.SEC.CUAT.UP.ZS,41.0625784422624
Turkiye,TR,TUR,2022,SE.SEC.CUAT.UP.ZS,39.2632895114887
Turkiye,TR,TUR,2021,SE.SEC.CUAT.UP.ZS,37.7613341085524
Turkiye,TR,TUR,2020,SE.SEC.CUAT.UP.ZS,36.4845848043889
Turkiye,TR,TUR,2019,SE.SEC.CUAT.UP.ZS,42.1706085205078
Turkiye,TR,TUR,2018,SE.SEC.CUAT.UP.ZS,33.5020027713147
Turkiye,TR,TUR,2017,SE.SEC.CUAT.UP.ZS,39.0266990661621
Turkiye,TR,TUR,2016,SE.SEC.CUAT.UP.ZS,37.6567001342773
Turkiye,TR,TUR,2015,SE.SEC.CUAT.UP.ZS,37.073558807373
Turkiye,TR,TUR,2014,SE.SEC.CUAT.UP.ZS,35.237419128418
Turkiye,TR,TUR,2013,SE.SEC.CUAT.UP.ZS,33.7585105895996
Turkiye,TR,TUR,2012,SE.SEC.CUAT.UP.ZS,32.7662582397461
Turkiye,TR,TUR,2011,SE.SEC.CUAT.UP.ZS,31.7986698150635
Turkiye,TR,TUR,2010,SE.SEC.CUAT.UP.ZS,29.9863891601562
Viet Nam,VN,VNM,2023,SE.SEC.CUAT.UP.ZS,39.4747561493698
Viet Nam,VN,VNM,2022,SE.SEC.CUAT.UP.ZS,41.9241218566895
Viet Nam,VN,VNM,2021,SE.SEC.CUAT.UP.ZS,36.9125116087881
Viet Nam,VN,VNM,2020,SE.SEC.CUAT.UP.ZS,36.2106082275165
Viet Nam,VN,VNM,2019,SE.SEC.CUAT.UP.ZS,31.9328708648682
Viet Nam,VN,VNM,2018,SE.SEC.CUAT.UP.ZS,30.6719487337608
Viet Nam,VN,VNM,2017,SE.SEC.CUAT.UP.ZS,30.3265025972093
Viet Nam,VN,VNM,2016,SE.SEC.CUAT.UP.ZS,29.2793082925931
Viet Nam,VN,VNM,2015,SE.SEC.CUAT.UP.ZS,28.1156023838483
Viet Nam,VN,VNM,2014,SE.SEC.CUAT.UP.ZS,29.043781123718
Viet Nam,VN,VNM,2013,SE.SEC.CUAT.UP.ZS,28.1382815132216
Viet Nam,VN,VNM,2012,SE.SEC.CUAT.UP.ZS,27.2692824436299
Viet Nam,VN,VNM,2011,SE.SEC.CUAT.UP.ZS,26.6146215842897
Viet Nam,VN,VNM,2010,SE.SEC.CUAT.UP.ZS,25.8374403591898
South Africa,ZA,ZAF,2023,SE.SEC.CUAT.UP.ZS,47.1957817077637
South Africa,ZA,ZAF,2022,SE.SEC.CUAT.UP.ZS,45.5105018615723
South Africa,ZA,ZAF,2021,SE.SEC.CUAT.UP.ZS,50.0408210754395
South Africa,ZA,ZAF,2020,SE.SEC.CUAT.UP.ZS,49.127311706543
South Africa,ZA,ZAF,2019,SE.SEC.CUAT.UP.ZS,43.6190376104454
South Africa,ZA,ZAF,2018,SE.SEC.CUAT.UP.ZS,42.8261385016175
South Africa,ZA,ZAF,2017,SE.SEC.CUAT.UP.ZS,42.4025035840145
South Africa,ZA,ZAF,2016,SE.SEC.CUAT.UP.ZS,41.187928727249
South Africa,ZA,ZAF,2015,SE.SEC.CUAT.UP.ZS,40.8310099723
South Africa,ZA,ZAF,2014,SE.SEC.CUAT.UP.ZS,40.7220812391492
South Africa,ZA,ZAF,2013,SE.SEC.CUAT.UP.ZS,39.6898406450314
South Africa,ZA,ZAF,2012,SE.SEC.CUAT.UP.ZS,
South Africa,ZA,ZAF,2011,SE.SEC.CUAT.UP.ZS,38.1154279412128
South Africa,ZA,ZAF,2010,SE.SEC.CUAT.UP.ZS,37.3779548196508
Argentina,AR,ARG,2023,GC.XPN.TOTL.GD.ZS,21.00878925888
Argentina,AR,ARG,2022,GC.XPN.TOTL.GD.ZS,21.865226929082
Argentina,AR,ARG,2021,GC.XPN.TOTL.GD.ZS,22.8967903877811
Argentina,AR,ARG,2020,GC.XPN.TOTL.GD.ZS,25.8405452538391
Argentina,AR,ARG,2019,GC.XPN.TOTL.GD.ZS,22.0364845686943
Argentina,AR,ARG,2018,GC.XPN.TOTL.GD.ZS,22.6709430512171
Argentina,AR,ARG,2017,GC.XPN.TOTL.GD.ZS,24.2825320419979
Argentina,AR,ARG,2016,GC.XPN.TOTL.GD.ZS,26.1799164832469
Argentina,AR,ARG,2015,GC.XPN.TOTL.GD.ZS,25.0083932347048
Argentina,AR,ARG,2014,GC.XPN.TOTL.GD.ZS,24.5697808575806
Argentina,AR,ARG,2013,GC.XPN.TOTL.GD.ZS,
Argentina,AR,ARG,2012,GC.XPN.TOTL.GD.ZS,
Argentina,AR,ARG,2011,GC.XPN.TOTL.GD.ZS,
Argentina,AR,ARG,2010,GC.XPN.TOTL.GD.ZS,
Brazil,BR,BRA,2023,GC.XPN.TOTL.GD.ZS,32.4311004876294
Brazil,BR,BRA,2022,GC.XPN.TOTL.GD.ZS,31.641435845417
Brazil,BR,BRA,2021,GC.XPN.TOTL.GD.ZS,29.4981043220662
Brazil,BR,BRA,2020,GC.XPN.TOTL.GD.ZS,34.9119748286061
Brazil,BR,BRA,2019,GC.XPN.TOTL.GD.ZS,31.1361557850731
Brazil,BR,BRA,2018,GC.XPN.TOTL.GD.ZS,32.2312978931468
Brazil,BR,BRA,2017,GC.XPN.TOTL.GD.ZS,32.3610510090101
Brazil,BR,BRA,2016,GC.XPN.TOTL.GD.ZS,33.4051681393353
Brazil,BR,BRA,2015,GC.XPN.TOTL.GD.ZS,33.9491788065831
Brazil,BR,BRA,2014,GC.XPN.TOTL.GD.ZS,29.2822360064413
Brazil,BR,BRA,2013,GC.XPN.TOTL.GD.ZS,28.150486422269
Brazil,BR,BRA,2012,GC.XPN.TOTL.GD.ZS,28.1749993082199
Brazil,BR,BRA,2011,GC.XPN.TOTL.GD.ZS,28.662521677616
Brazil,BR,BRA,2010,GC.XPN.TOTL.GD.ZS,28.0594682317914
Canada,CA,CAN,2023,GC.XPN.TOTL.GD.ZS,19.0564147253424
Canada,CA,CAN,2022,GC.XPN.TOTL.GD.ZS,18.1680587594308
Canada,CA,CAN,2021,GC.XPN.TOTL.GD.ZS,22.4985832945884
Canada,CA,CAN,2020,GC.XPN.TOTL.GD.ZS,28.571435004902
Canada,CA,CAN,2019,GC.XPN.TOTL.GD.ZS,18.1056705486936
Canada,CA,CAN,2018,GC.XPN.TOTL.GD.ZS,17.5408847622686
Canada,CA,CAN,2017,GC.XPN.TOTL.GD.ZS,17.6065542831463
Canada,CA,CAN,2016,GC.XPN.TOTL.GD.ZS,17.4985867931189
Canada,CA,CAN,2015,GC.XPN.TOTL.GD.ZS,17.0597615406412
Canada,CA,CAN,2014,GC.XPN.TOTL.GD.ZS,16.4020333861514
Canada,CA,CAN,2013,GC.XPN.TOTL.GD.ZS,17.0850078986035
Canada,CA,CAN,2012,GC.XPN.TOTL.GD.ZS,17.517587037639
Canada,CA,CAN,2011,GC.XPN.TOTL.GD.ZS,17.8501774448839
Canada,CA,CAN,2010,GC.XPN.TOTL.GD.ZS,19.0846384146473
China,CN,CHN,2023,GC.XPN.TOTL.GD.ZS,
China,CN,CHN,2022,GC.XPN.TOTL.GD.ZS,
China,CN,CHN,2021,GC.XPN.TOTL.GD.ZS,
China,CN,CHN,2020,GC.XPN.TOTL.GD.ZS,
China,CN,CHN,2019,GC.XPN.TOTL.GD.ZS,
China,CN,CHN,2018,GC.XPN.TOTL.GD.ZS,
China,CN,CHN,2017,GC.XPN.TOTL.GD.ZS,
China,CN,CHN,2016,GC.XPN.TOTL.GD.ZS,
China,CN,CHN,2015,GC.XPN.TOTL.GD.ZS,
China,CN,CHN,2014,GC.XPN.TOTL.GD.ZS,
China,CN,CHN,2013,GC.XPN.TOTL.GD.ZS,
China,CN,CHN,2012,GC.XPN.TOTL.GD.ZS,
China,CN,CHN,2011,GC.XPN.TOTL.GD.ZS,
China,CN,CHN,2010,GC.XPN.TOTL.GD.ZS,
Germany,DE,DEU,2023,GC.XPN.TOTL.GD.ZS,
Germany,DE,DEU,2022,GC.XPN.TOTL.GD.ZS,31.174891399437
Germany,DE,DEU,2021,GC.XPN.TOTL.GD.ZS,32.6685205602959
Germany,DE,DEU,2020,GC.XPN.TOTL.GD.ZS,32.1505946585061
Germany,DE,DEU,2019,GC.XPN.TOTL.GD.ZS,27.8804335534648
Germany,DE,DEU,2018,GC.XPN.TOTL.GD.ZS,27.3644959420855
Germany,DE,DEU,2017,GC.XPN.TOTL.GD.ZS,27.5226740191593
Germany,DE,DEU,2016,GC.XPN.TOTL.GD.ZS,27.3748517311851
Germany,DE,DEU,2015,GC.XPN.TOTL.GD.ZS,27.43650045513
Germany,DE,DEU,2014,GC.XPN.TOTL.GD.ZS,27.5160413741803
Germany,DE,DEU,2013,GC.XPN.TOTL.GD.ZS,27.9969858502414
Germany,DE,DEU,2012,GC.XPN.TOTL.GD.ZS,27.9445071589837
Germany,DE,DEU,2011,GC.XPN.TOTL.GD.ZS,28.3141784769068
Germany,DE,DEU,2010,GC.XPN.TOTL.GD.ZS,30.7567125257145
Spain,ES,ESP,2023,GC.XPN.TOTL.GD.ZS,34.0441499010857
Spain,ES,ESP,2022,GC.XPN.TOTL.GD.ZS,35.3378206987178
Spain,ES,ESP,2021,GC.XPN.TOTL.GD.ZS,38.3621185067432
Spain,ES,ESP,2020,GC.XPN.TOTL.GD.ZS,40.3694073931071
Spain,ES,ESP,2019,GC.XPN.TOTL.GD.ZS,32.1149229088067
Spain,ES,ESP,2018,GC.XPN.TOTL.GD.ZS,31.7256136391383
Spain,ES,ESP,2017,GC.XPN.TOTL.GD.ZS,31.3619207811122
Spain,ES,ESP,2016,GC.XPN.TOTL.GD.ZS,32.4323867041507
Spain,ES,ESP,2015,GC.XPN.TOTL.GD.ZS,32.6560648764801
Spain,ES,ESP,2014,GC.XPN.TOTL.GD.ZS,34.5306651240821
Spain,ES,ESP,2013,GC.XPN.TOTL.GD.ZS,35.3397643645213
Spain,ES,ESP,2012,GC.XPN.TOTL.GD.ZS,38.0321130850107
Spain,ES,ESP,2011,GC.XPN.TOTL.GD.ZS,31.1937980143915
Spain,ES,ESP,2010,GC.XPN.TOTL.GD.ZS,31.4678153823301
France,FR,FRA,2023,GC.XPN.TOTL.GD.ZS,47.2580360132692
France,FR,FRA,2022,GC.XPN.TOTL.GD.ZS,48.8603228368138
France,FR,FRA,2021,GC.XPN.TOTL.GD.ZS,49.9944440065304
France,FR,FRA,2020,GC.XPN.TOTL.GD.ZS,51.9636314257982
France,FR,FRA,2019,GC.XPN.TOTL.GD.ZS,45.8897902925031
France,FR,FRA,2018,GC.XPN.TOTL.GD.ZS,47.1000773214216
France,FR,FRA,2017,GC.XPN.TOTL.GD.ZS,48.466341621356
France,FR,FRA,2016,GC.XPN.TOTL.GD.ZS,48.1500427991658
France,FR,FRA,2015,GC.XPN.TOTL.GD.ZS,48.4491880082217
France,FR,FRA,2014,GC.XPN.TOTL.GD.ZS,49.1207847434763
France,FR,FRA,2013,GC.XPN.TOTL.GD.ZS,49.0717319139337
France,FR,FRA,2012,GC.XPN.TOTL.GD.ZS,48.5371716441042
France,FR,FRA,2011,GC.XPN.TOTL.GD.ZS,47.927974289251
France,FR,FRA,2010,GC.XPN.TOTL.GD.ZS,49.6925291037396
United Kingdom,GB,GBR,2023,GC.XPN.TOTL.GD.ZS,41.2292290721047
United Kingdom,GB,GBR,2022,GC.XPN.TOTL.GD.ZS,40.6510938418388
United Kingdom,GB,GBR,2021,GC.XPN.TOTL.GD.ZS,42.9472430652547
United Kingdom,GB,GBR,2020,GC.XPN.TOTL.GD.ZS,47.5326631273768
United Kingdom,GB,GBR,2019,GC.XPN.TOTL.GD.ZS,36.4058676559426
United Kingdom,GB,GBR,2018,GC.XPN.TOTL.GD.ZS,37.1969170536007
United Kingdom,GB,GBR,2017,GC.XPN.TOTL.GD.ZS,36.8434052284403
United Kingdom,GB,GBR,2016,GC.XPN.TOTL.GD.ZS,37.0119041977698
United Kingdom,GB,GBR,2015,GC.XPN.TOTL.GD.ZS,38.2133758226073
United Kingdom,GB,GBR,2014,GC.XPN.TOTL.GD.ZS,39.1461420557996
United Kingdom,GB,GBR,2013,GC.XPN.TOTL.GD.ZS,40.0310887432144
United Kingdom,GB,GBR,2012,GC.XPN.TOTL.GD.ZS,43.130949034331
United Kingdom,GB,GBR,2011,GC.XPN.TOTL.GD.ZS,42.5122983092258
United Kingdom,GB,GBR,2010,GC.XPN.TOTL.GD.ZS,43.9387835050398
Italy,IT,ITA,2023,GC.XPN.TOTL.GD.ZS,47.2773607528737
Italy,IT,ITA,2022,GC.XPN.TOTL.GD.ZS,48.3702644238252
Italy,IT,ITA,2021,GC.XPN.TOTL.GD.ZS,49.6527178126937
Italy,IT,ITA,2020,GC.XPN.TOTL.GD.ZS,50.3444915572159
Italy,IT,ITA,2019,GC.XPN.TOTL.GD.ZS,42.2948307679073
Italy,IT,ITA,2018,GC.XPN.TOTL.GD.ZS,42.5027354888588
Italy,IT,ITA,2017,GC.XPN.TOTL.GD.ZS,42.9465753087
Italy,IT,ITA,2016,GC.XPN.TOTL.GD.ZS,43.2014022058276
Italy,IT,ITA,2015,GC.XPN.TOTL.GD.ZS,43.5293517131866
Italy,IT,ITA,2014,GC.XPN.TOTL.GD.ZS,43.5698249256497
Italy,IT,ITA,2013,GC.XPN.TOTL.GD.ZS,43.7480535980426
Italy,IT,ITA,2012,GC.XPN.TOTL.GD.ZS,43.4989070049363
Italy,IT,ITA,2011,GC.XPN.TOTL.GD.ZS,41.8281531942746
Italy,IT,ITA,2010,GC.XPN.TOTL.GD.ZS,42.6929919174617
Japan,JP,JPN,2023,GC.XPN.TOTL.GD.ZS,
Japan,JP,JPN,2022,GC.XPN.TOTL.GD.ZS,20.0582116003984
Japan,JP,JPN,2021,GC.XPN.TOTL.GD.ZS,20.8459560561872
Japan,JP,JPN,2020,GC.XPN.TOTL.GD.ZS,22.9911903527757
Japan,JP,JPN,2019,GC.XPN.TOTL.GD.ZS,16.0238913818249
Japan,JP,JPN,2018,GC.XPN.TOTL.GD.ZS,15.7176930300877
Japan,JP,JPN,2017,GC.XPN.TOTL.GD.ZS,15.8501306804408
Japan,JP,JPN,2016,GC.XPN.TOTL.GD.ZS,16.3623939827034
Japan,JP,JPN,2015,GC.XPN.TOTL.GD.ZS,16.6387940824247
Japan,JP,JPN,2014,GC.XPN.TOTL.GD.ZS,17.2612660436382
Japan,JP,JPN,2013,GC.XPN.TOTL.GD.ZS,17.9343131216922
Japan,JP,JPN,2012,GC.XPN.TOTL.GD.ZS,17.9360125340068
Japan,JP,JPN,2011,GC.XPN.TOTL.GD.ZS,18.4586404651775
Japan,JP,JPN,2010,GC.XPN.TOTL.GD.ZS,17.0661520885656
Mexico,MX,MEX,2023,GC.XPN.TOTL.GD.ZS,22.4594139014718
Mexico,MX,MEX,2022,GC.XPN.TOTL.GD.ZS,22.3057833172693
Mexico,MX,MEX,2021,GC.XPN.TOTL.GD.ZS,20.8923836603349
Mexico,MX,MEX,2020,GC.XPN.TOTL.GD.ZS,21.6980704265989
Mexico,MX,MEX,2019,GC.XPN.TOTL.GD.ZS,19.8103353495765
Mexico,MX,MEX,2018,GC.XPN.TOTL.GD.ZS,19.8697097082398
Mexico,MX,MEX,2017,GC.XPN.TOTL.GD.ZS,19.8664920937012
Mexico,MX,MEX,2016,GC.XPN.TOTL.GD.ZS,20.3281994162596
Mexico,MX,MEX,2015,GC.XPN.TOTL.GD.ZS,20.8689511528107
Mexico,MX,MEX,2014,GC.XPN.TOTL.GD.ZS,20.997176363174
Mexico,MX,MEX,2013,GC.XPN.TOTL.GD.ZS,20.6909750829168
Mexico,MX,MEX,2012,GC.XPN.TOTL.GD.ZS,20.9324326030644
Mexico,MX,MEX,2011,GC.XPN.TOTL.GD.ZS,20.8740737970003
Mexico,MX,MEX,2010,GC.XPN.TOTL.GD.ZS,20.4815497546695
Netherlands,NL,NLD,2023,GC.XPN.TOTL.GD.ZS,39.9696990762123
Netherlands,NL,NLD,2022,GC.XPN.TOTL.GD.ZS,39.3652774144211
Netherlands,NL,NLD,2021,GC.XPN.TOTL.GD.ZS,41.7954124838764
Netherlands,NL,NLD,2020,GC.XPN.TOTL.GD.ZS,43.0242399226909
Netherlands,NL,NLD,2019,GC.XPN.TOTL.GD.ZS,37.4976348782249
Netherlands,NL,NLD,2018,GC.XPN.TOTL.GD.ZS,37.9872039305298
Netherlands,NL,NLD,2017,GC.XPN.TOTL.GD.ZS,38.2852485346822
Netherlands,NL,NLD,2016,GC.XPN.TOTL.GD.ZS,39.4433297462422
Netherlands,NL,NLD,2015,GC.XPN.TOTL.GD.ZS,40.6125791110952
Netherlands,NL,NLD,2014,GC.XPN.TOTL.GD.ZS,41.9474910370498
Netherlands,NL,NLD,2013,GC.XPN.TOTL.GD.ZS,42.4441115620216
Netherlands,NL,NLD,2012,GC.XPN.TOTL.GD.ZS,42.1384861264721
Netherlands,NL,NLD,2011,GC.XPN.TOTL.GD.ZS,41.8898710848718
Netherlands,NL,NLD,2010,GC.XPN.TOTL.GD.ZS,42.4982348970953
Poland,PL,POL,2023,GC.XPN.TOTL.GD.ZS,39.0982392627941
Poland,PL,POL,2022,GC.XPN.TOTL.GD.ZS,36.0632407243175
Poland,PL,POL,2021,GC.XPN.TOTL.GD.ZS,36.9985474454804
Poland,PL,POL,2020,GC.XPN.TOTL.GD.ZS,40.522296880667
Poland,PL,POL,2019,GC.XPN.TOTL.GD.ZS,33.827053466204
Poland,PL,POL,2018,GC.XPN.TOTL.GD.ZS,33.0589633854181
Poland,PL,POL,2017,GC.XPN.TOTL.GD.ZS,34.2617520918092
Poland,PL,POL,2016,GC.XPN.TOTL.GD.ZS,34.8011532937469
Poland,PL,POL,2015,GC.XPN.TOTL.GD.ZS,34.1387372869929
Poland,PL,POL,2014,GC.XPN.TOTL.GD.ZS,35.0749023643641
Poland,PL,POL,2013,GC.XPN.TOTL.GD.ZS,35.9129620312523
Poland,PL,POL,2012,GC.XPN.TOTL.GD.ZS,35.0580862781262
Poland,PL,POL,2011,GC.XPN.TOTL.GD.ZS,34.8359106996135
Poland,PL,POL,2010,GC.XPN.TOTL.GD.ZS,36.7345749661846
Sweden,SE,SWE,2023,GC.XPN.TOTL.GD.ZS,
Sweden,SE,SWE,2022,GC.XPN.TOTL.GD.ZS,32.505108387211
Sweden,SE,SWE,2021,GC.XPN.TOTL.GD.ZS,33.1985359262869
Sweden,SE,SWE,2020,GC.XPN.TOTL.GD.ZS,34.935620519644
Sweden,SE,SWE,2019,GC.XPN.TOTL.GD.ZS,31.4063339534813
Sweden,SE,SWE,2018,GC.XPN.TOTL.GD.ZS,32.0404191268978
Sweden,SE,SWE,2017,GC.XPN.TOTL.GD.ZS,31.9815855954628
Sweden,SE,SWE,2016,GC.XPN.TOTL.GD.ZS,32.1089664658153
Sweden,SE,SWE,2015,GC.XPN.TOTL.GD.ZS,32.3588208377532
Sweden,SE,SWE,2014,GC.XPN.TOTL.GD.ZS,33.2571917008143
Sweden,SE,SWE,2013,GC.XPN.TOTL.GD.ZS,33.7232350480003
Sweden,SE,SWE,2012,GC.XPN.TOTL.GD.ZS,33.0087166179576
Sweden,SE,SWE,2011,GC.XPN.TOTL.GD.ZS,32.4394700197068
Sweden,SE,SWE,2010,GC.XPN.TOTL.GD.ZS,33.2649399664481
United States,US,USA,2023,GC.XPN.TOTL.GD.ZS,24.433337455127
United States,US,USA,2022,GC.XPN.TOTL.GD.ZS,24.6132942134549
United States,US,USA,2021,GC.XPN.TOTL.GD.ZS,31.2447973490289
United States,US,USA,2020,GC.XPN.TOTL.GD.ZS,31.7966159134937
United States,US,USA,2019,GC.XPN.TOTL.GD.ZS,22.514337755714
United States,US,USA,2018,GC.XPN.TOTL.GD.ZS,22.1694791125473
United States,US,USA,2017,GC.XPN.TOTL.GD.ZS,22.1406996557534
United States,US,USA,2016,GC.XPN.TOTL.GD.ZS,22.4159218391492
United States,US,USA,2015,GC.XPN.TOTL.GD.ZS,22.3735356601707
United States,US,USA,2014,GC.XPN.TOTL.GD.ZS,22.6100726834376
United States,US,USA,2013,GC.XPN.TOTL.GD.ZS,22.8814639786791
United States,US,USA,2012,GC.XPN.TOTL.GD.ZS,23.9119039840728
United States,US,USA,2011,GC.XPN.TOTL.GD.ZS,25.3456995286842
United States,US,USA,2010,GC.XPN.TOTL.GD.ZS,26.0545933672143
Australia,AU,AUS,2023,GC.XPN.TOTL.GD.ZS,
Australia,AU,AUS,2022,GC.XPN.TOTL.GD.ZS,27.5833132925557
Australia,AU,AUS,2021,GC.XPN.TOTL.GD.ZS,32.5518179379184
Australia,AU,AUS,2020,GC.XPN.TOTL.GD.ZS,30.1434988129749
Australia,AU,AUS,2019,GC.XPN.TOTL.GD.ZS,26.0711901942783
Australia,AU,AUS,2018,GC.XPN.TOTL.GD.ZS,26.1317227432746
Australia,AU,AUS,2017,GC.XPN.TOTL.GD.ZS,26.5276169849373
Australia,AU,AUS,2016,GC.XPN.TOTL.GD.ZS,26.8782732460928
Australia,AU,AUS,2015,GC.XPN.TOTL.GD.ZS,26.6555350269532
Australia,AU,AUS,2014,GC.XPN.TOTL.GD.ZS,26.1434698132436
Australia,AU,AUS,2013,GC.XPN.TOTL.GD.ZS,25.7719998082551
Australia,AU,AUS,2012,GC.XPN.TOTL.GD.ZS,26.0316102583583
Australia,AU,AUS,2011,GC.XPN.TOTL.GD.ZS,25.9163709195685
Australia,AU,AUS,2010,GC.XPN.TOTL.GD.ZS,26.6185983775997
Chile,CL,CHL,2023,GC.XPN.TOTL.GD.ZS,24.5587474981752
Chile,CL,CHL,2022,GC.XPN.TOTL.GD.ZS,24.1358255611217
Chile,CL,CHL,2021,GC.XPN.TOTL.GD.ZS,30.7994926592984
Chile,CL,CHL,2020,GC.XPN.TOTL.GD.ZS,26.235836275938
Chile,CL,CHL,2019,GC.XPN.TOTL.GD.ZS,23.3132400765075
Chile,CL,CHL,2018,GC.XPN.TOTL.GD.ZS,22.6179870091523
Chile,CL,CHL,2017,GC.XPN.TOTL.GD.ZS,22.3472564737029
Chile,CL,CHL,2016,GC.XPN.TOTL.GD.ZS,22.1268634762876
Chile,CL,CHL,2015,GC.XPN.TOTL.GD.ZS,21.6348148833018
Chile,CL,CHL,2014,GC.XPN.TOTL.GD.ZS,20.6752522601778
Chile,CL,CHL,2013,GC.XPN.TOTL.GD.ZS,20.1963012042744
Chile,CL,CHL,2012,GC.XPN.TOTL.GD.ZS,19.9248545225746
Chile,CL,CHL,2011,GC.XPN.TOTL.GD.ZS,19.4945095729622
Chile,CL,CHL,2010,GC.XPN.TOTL.GD.ZS,20.2081834494716
Colombia,CO,COL,2023,GC.XPN.TOTL.GD.ZS,33.2804845516298
Colombia,CO,COL,2022,GC.XPN.TOTL.GD.ZS,32.3909610062162
Colombia,CO,COL,2021,GC.XPN.TOTL.GD.ZS,35.6635486558905
Colombia,CO,COL,2020,GC.XPN.TOTL.GD.ZS,36.5543934839744
Colombia,CO,COL,2019,GC.XPN.TOTL.GD.ZS,31.3047065647576
Colombia,CO,COL,2018,GC.XPN.TOTL.GD.ZS,29.9717907219429
Colombia,CO,COL,2017,GC.XPN.TOTL.GD.ZS,27.5049639074473
Colombia,CO,COL,2016,GC.XPN.TOTL.GD.ZS,28.6308350994839
Colombia,CO,COL,2015,GC.XPN.TOTL.GD.ZS,26.8156770552217
Colombia,CO,COL,2014,GC.XPN.TOTL.GD.ZS,30.1625917691368
Colombia,CO,COL,2013,GC.XPN.TOTL.GD.ZS,33.2851931387088
Colombia,CO,COL,2012,GC.XPN.TOTL.GD.ZS,25.0329863002189
Colombia,CO,COL,2011,GC.XPN.TOTL.GD.ZS,24.2247402762094
Colombia,CO,COL,2010,GC.XPN.TOTL.GD.ZS,25.4043842590891
"Egypt, Arab Rep.",EG,EGY,2023,GC.XPN.TOTL.GD.ZS,
"Egypt, Arab Rep.",EG,EGY,2022,GC.XPN.TOTL.GD.ZS,
"Egypt, Arab Rep.",EG,EGY,2021,GC.XPN.TOTL.GD.ZS,
"Egypt, Arab Rep.",EG,EGY,2020,GC.XPN.TOTL.GD.ZS,
"Egypt, Arab Rep.",EG,EGY,2019,GC.XPN.TOTL.GD.ZS,
"Egypt, Arab Rep.",EG,EGY,2018,GC.XPN.TOTL.GD.ZS,
"Egypt, Arab Rep.",EG,EGY,2017,GC.XPN.TOTL.GD.ZS,
"Egypt, Arab Rep.",EG,EGY,2016,GC.XPN.TOTL.GD.ZS,
"Egypt, Arab Rep.",EG,EGY,2015,GC.XPN.TOTL.GD.ZS,30.2303694913867
"Egypt, Arab Rep.",EG,EGY,2014,GC.XPN.TOTL.GD.ZS,32.9206291079812
"Egypt, Arab Rep.",EG,EGY,2013,GC.XPN.TOTL.GD.ZS,32.2017308105784
"Egypt, Arab Rep.",EG,EGY,2012,GC.XPN.TOTL.GD.ZS,28.6894966262614
"Egypt, Arab Rep.",EG,EGY,2011,GC.XPN.TOTL.GD.ZS,29.1899277952009
"Egypt, Arab Rep.",EG,EGY,2010,GC.XPN.TOTL.GD.ZS,28.8602519476214
Indonesia,ID,IDN,2023,GC.XPN.TOTL.GD.ZS,
Indonesia,ID,IDN,2022,GC.XPN.TOTL.GD.ZS,
Indonesia,ID,IDN,2021,GC.XPN.TOTL.GD.ZS,
Indonesia,ID,IDN,2020,GC.XPN.TOTL.GD.ZS,
Indonesia,ID,IDN,2019,GC.XPN.TOTL.GD.ZS,
Indonesia,ID,IDN,2018,GC.XPN.TOTL.GD.ZS,
Indonesia,ID,IDN,2017,GC.XPN.TOTL.GD.ZS,
Indonesia,ID,IDN,2016,GC.XPN.TOTL.GD.ZS,
Indonesia,ID,IDN,2015,GC.XPN.TOTL.GD.ZS,
Indonesia,ID,IDN,2014,GC.XPN.TOTL.GD.ZS,
Indonesia,ID,IDN,2013,GC.XPN.TOTL.GD.ZS,
Indonesia,ID,IDN,2012,GC.XPN.TOTL.GD.ZS,
Indonesia,ID,IDN,2011,GC.XPN.TOTL.GD.ZS,
Indonesia,ID,IDN,2010,GC.XPN.TOTL.GD.ZS,
India,IN,IND,2023,GC.XPN.TOTL.GD.ZS,
India,IN,IND,2022,GC.XPN.TOTL.GD.ZS,13.7280694252264
India,IN,IND,2021,GC.XPN.TOTL.GD.ZS,
India,IN,IND,2020,GC.XPN.TOTL.GD.ZS,
India,IN,IND,2019,GC.XPN.TOTL.GD.ZS,
India,IN,IND,2018,GC.XPN.TOTL.GD.ZS,15.6631319151388
India,IN,IND,2017,GC.XPN.TOTL.GD.ZS,15.6141099220983
India,IN,IND,2016,GC.XPN.TOTL.GD.ZS,15.2719500252316
India,IN,IND,2015,GC.XPN.TOTL.GD.ZS,15.1256903622794
India,IN,IND,2014,GC.XPN.TOTL.GD.ZS,14.803137644208
India,IN,IND,2013,GC.XPN.TOTL.GD.ZS,16.6386825486965
India,IN,IND,2012,GC.XPN.TOTL.GD.ZS,16.166712404362
India,IN,IND,2011,GC.XPN.TOTL.GD.ZS,14.4898394030493
India,IN,IND,2010,GC.XPN.TOTL.GD.ZS,16.5051359514049
"Korea, Rep.",KR,KOR,2023,GC.XPN.TOTL.GD.ZS,28.3225119832631
"Korea, Rep.",KR,KOR,2022,GC.XPN.TOTL.GD.ZS,31.2975333759802
"Korea, Rep.",KR,KOR,2021,GC.XPN.TOTL.GD.ZS,28.5464738099917
"Korea, Rep.",KR,KOR,2020,GC.XPN.TOTL.GD.ZS,28.0256629437299
"Korea, Rep.",KR,KOR,2019,GC.XPN.TOTL.GD.ZS,25.9471764437754
"Korea, Rep.",KR,KOR,2018,GC.XPN.TOTL.GD.ZS,23.5674300593436
"Korea, Rep.",KR,KOR,2017,GC.XPN.TOTL.GD.ZS,22.7421323345571
"Korea, Rep.",KR,KOR,2016,GC.XPN.TOTL.GD.ZS,22.3216832639303
"Korea, Rep.",KR,KOR,2015,GC.XPN.TOTL.GD.ZS,22.3727539773343
"Korea, Rep.",KR,KOR,2014,GC.XPN.TOTL.GD.ZS,22.5297498815254
"Korea, Rep.",KR,KOR,2013,GC.XPN.TOTL.GD.ZS,22.9599101988862
"Korea, Rep.",KR,KOR,2012,GC.XPN.TOTL.GD.ZS,23.5764674888735
"Korea, Rep.",KR,KOR,2011,GC.XPN.TOTL.GD.ZS,17.3891183173319
"Korea, Rep.",KR,KOR,2010,GC.XPN.TOTL.GD.ZS,16.900693184189
Nigeria,NG,NGA,2023,GC.XPN.TOTL.GD.ZS,
Nigeria,NG,NGA,2022,GC.XPN.TOTL.GD.ZS,
Nigeria,NG,NGA,2021,GC.XPN.TOTL.GD.ZS,
Nigeria,NG,NGA,2020,GC.XPN.TOTL.GD.ZS,
Nigeria,NG,NGA,2019,GC.XPN.TOTL.GD.ZS,
Nigeria,NG,NGA,2018,GC.XPN.TOTL.GD.ZS,
Nigeria,NG,NGA,2017,GC.XPN.TOTL.GD.ZS,
Nigeria,NG,NGA,2016,GC.XPN.TOTL.GD.ZS,
Nigeria,NG,NGA,2015,GC.XPN.TOTL.GD.ZS,
Nigeria,NG,NGA,2014,GC.XPN.TOTL.GD.ZS,
Nigeria,NG,NGA,2013,GC.XPN.TOTL.GD.ZS,
Nigeria,NG,NGA,2012,GC.XPN.TOTL.GD.ZS,
Nigeria,NG,NGA,2011,GC.XPN.TOTL.GD.ZS,
Nigeria,NG,NGA,2010,GC.XPN.TOTL.GD.ZS,
Russian Federation,RU,RUS,2023,GC.XPN.TOTL.GD.ZS,29.9691335018192
Russian Federation,RU,RUS,2022,GC.XPN.TOTL.GD.ZS,31.3859500271519
Russian Federation,RU,RUS,2021,GC.XPN.TOTL.GD.ZS,30.78279492703
Russian Federation,RU,RUS,2020,GC.XPN.TOTL.GD.ZS,35.2998185923772
Russian Federation,RU,RUS,2019,GC.XPN.TOTL.GD.ZS,29.6140297769421
Russian Federation,RU,RUS,2018,GC.XPN.TOTL.GD.ZS,28.9441478427563
Russian Federation,RU,RUS,2017,GC.XPN.TOTL.GD.ZS,30.7103051722937
Russian Federation,RU,RUS,2016,GC.XPN.TOTL.GD.ZS,31.0284467524216
Russian Federation,RU,RUS,2015,GC.XPN.TOTL.GD.ZS,30.6476505158828
Russian Federation,RU,RUS,2014,GC.XPN.TOTL.GD.ZS,26.4617539784902
Russian Federation,RU,RUS,2013,GC.XPN.TOTL.GD.ZS,24.606189979681
Russian Federation,RU,RUS,2012,GC.XPN.TOTL.GD.ZS,24.1958551261758
Russian Federation,RU,RUS,2011,GC.XPN.TOTL.GD.ZS,23.3499683933859
Russian Federation,RU,RUS,2010,GC.XPN.TOTL.GD.ZS,27.37723900216
Saudi Arabia,SA,SAU,2023,GC.XPN.TOTL.GD.ZS,24.219126573207
Saudi Arabia,SA,SAU,2022,GC.XPN.TOTL.GD.ZS,21.9700445283442
Saudi Arabia,SA,SAU,2021,GC.XPN.TOTL.GD.ZS,25.0127399358585
Saudi Arabia,SA,SAU,2020,GC.XPN.TOTL.GD.ZS,31.9689061537757
Saudi Arabia,SA,SAU,2019,GC.XPN.TOTL.GD.ZS,26.7097064575879
Saudi Arabia,SA,SAU,2018,GC.XPN.TOTL.GD.ZS,26.7955295916704
Saudi Arabia,SA,SAU,2017,GC.XPN.TOTL.GD.ZS,25.9809738148926
Saudi Arabia,SA,SAU,2016,GC.XPN.TOTL.GD.ZS,26.940531690074
Saudi Arabia,SA,SAU,2015,GC.XPN.TOTL.GD.ZS,30.4187125812982
Saudi Arabia,SA,SAU,2014,GC.XPN.TOTL.GD.ZS,27.8187317401037
Saudi Arabia,SA,SAU,2013,GC.XPN.TOTL.GD.ZS,25.3542942107349
Saudi Arabia,SA,SAU,2012,GC.XPN.TOTL.GD.ZS,25.2980404620107
Saudi Arabia,SA,SAU,2011,GC.XPN.TOTL.GD.ZS,22.8756134235045
Saudi Arabia,SA,SAU,2010,GC.XPN.TOTL.GD.ZS,24.4346201900162
Singapore,SG,SGP,2023,GC.XPN.TOTL.GD.ZS,17.109108094367
Singapore,SG,SGP,2022,GC.XPN.TOTL.GD.ZS,14.6713906312634
Singapore,SG,SGP,2021,GC.XPN.TOTL.GD.ZS,16.115670617263
Singapore,SG,SGP,2020,GC.XPN.TOTL.GD.ZS,25.5945798719108
Singapore,SG,SGP,2019,GC.XPN.TOTL.GD.ZS,14.1456371884552
Singapore,SG,SGP,2018,GC.XPN.TOTL.GD.ZS,14.6491348390982
Singapore,SG,SGP,2017,GC.XPN.TOTL.GD.ZS,14.24151324768
Singapore,SG,SGP,2016,GC.XPN.TOTL.GD.ZS,14.365859744936
Singapore,SG,SGP,2015,GC.XPN.TOTL.GD.ZS,15.9255259430938
Singapore,SG,SGP,2014,GC.XPN.TOTL.GD.ZS,13.1510655902688
Singapore,SG,SGP,2013,GC.XPN.TOTL.GD.ZS,12.3753378735642
Singapore,SG,SGP,2012,GC.XPN.TOTL.GD.ZS,12.3839623831082
Singapore,SG,SGP,2011,GC.XPN.TOTL.GD.ZS,12.7726522542327
Singapore,SG,SGP,2010,GC.XPN.TOTL.GD.ZS,12.4128043266242
Turkiye,TR,TUR,2023,GC.XPN.TOTL.GD.ZS,33.0277530817277
Turkiye,TR,TUR,2022,GC.XPN.TOTL.GD.ZS,29.0624088388364
Turkiye,TR,TUR,2021,GC.XPN.TOTL.GD.ZS,30.2009775804558
Turkiye,TR,TUR,2020,GC.XPN.TOTL.GD.ZS,33.4510950281809
Turkiye,TR,TUR,2019,GC.XPN.TOTL.GD.ZS,34.8909170453359
Turkiye,TR,TUR,2018,GC.XPN.TOTL.GD.ZS,33.1443390183968
Turkiye,TR,TUR,2017,GC.XPN.TOTL.GD.ZS,31.5527664341113
Turkiye,TR,TUR,2016,GC.XPN.TOTL.GD.ZS,30.6055405050211
Turkiye,TR,TUR,2015,GC.XPN.TOTL.GD.ZS,28.8436742291669
Turkiye,TR,TUR,2014,GC.XPN.TOTL.GD.ZS,29.2713082967685
Turkiye,TR,TUR,2013,GC.XPN.TOTL.GD.ZS,28.9891426072392
Turkiye,TR,TUR,2012,GC.XPN.TOTL.GD.ZS,29.4208604116485
Turkiye,TR,TUR,2011,GC.XPN.TOTL.GD.ZS,30.1444408136135
Turkiye,TR,TUR,2010,GC.XPN.TOTL.GD.ZS,32.6419229851543
Viet Nam,VN,VNM,2023,GC.XPN.TOTL.GD.ZS,
Viet Nam,VN,VNM,2022,GC.XPN.TOTL.GD.ZS,
Viet Nam,VN,VNM,2021,GC.XPN.TOTL.GD.ZS,
Viet Nam,VN,VNM,2020,GC.XPN.TOTL.GD.ZS,
Viet Nam,VN,VNM,2019,GC.XPN.TOTL.GD.ZS,
Viet Nam,VN,VNM,2018,GC.XPN.TOTL.GD.ZS,
Viet Nam,VN,VNM,2017,GC.XPN.TOTL.GD.ZS,
Viet Nam,VN,VNM,2016,GC.XPN.TOTL.GD.ZS,
Viet Nam,VN,VNM,2015,GC.XPN.TOTL.GD.ZS,
Viet Nam,VN,VNM,2014,GC.XPN.TOTL.GD.ZS,
Viet Nam,VN,VNM,2013,GC.XPN.TOTL.GD.ZS,
Viet Nam,VN,VNM,2012,GC.XPN.TOTL.GD.ZS,
Viet Nam,VN,VNM,2011,GC.XPN.TOTL.GD.ZS,
Viet Nam,VN,VNM,2010,GC.XPN.TOTL.GD.ZS,
South Africa,ZA,ZAF,2023,GC.XPN.TOTL.GD.ZS,
South Africa,ZA,ZAF,2022,GC.XPN.TOTL.GD.ZS,33.4243056296085
South Africa,ZA,ZAF,2021,GC.XPN.TOTL.GD.ZS,34.6050550967435
South Africa,ZA,ZAF,2020,GC.XPN.TOTL.GD.ZS,37.8354162011745
South Africa,ZA,ZAF,2019,GC.XPN.TOTL.GD.ZS,34.6532754617872
South Africa,ZA,ZAF,2018,GC.XPN.TOTL.GD.ZS,33.9954978254972
South Africa,ZA,ZAF,2017,GC.XPN.TOTL.GD.ZS,33.2518124768773
South Africa,ZA,ZAF,2016,GC.XPN.TOTL.GD.ZS,32.1896608002111
South Africa,ZA,ZAF,2015,GC.XPN.TOTL.GD.ZS,33.6797787454907
South Africa,ZA,ZAF,2014,GC.XPN.TOTL.GD.ZS,31.9053501556958
South Africa,ZA,ZAF,2013,GC.XPN.TOTL.GD.ZS,31.259190573785
South Africa,ZA,ZAF,2012,GC.XPN.TOTL.GD.ZS,30.3651797341743
South Africa,ZA,ZAF,2011,GC.XPN.TOTL.GD.ZS,31.0619734464171
South Africa,ZA,ZAF,2010,GC.XPN.TOTL.GD.ZS,29.5775128260769
Argentina,AR,ARG,2023,BX.KLT.DINV.WD.GD.ZS,3.81190879856952
Argentina,AR,ARG,2022,BX.KLT.DINV.WD.GD.ZS,2.3984601182853
Argentina,AR,ARG,2021,BX.KLT.DINV.WD.GD.ZS,1.36838083162438
Argentina,AR,ARG,2020,BX.KLT.DINV.WD.GD.ZS,1.26616924308721
Argentina,AR,ARG,2019,BX.KLT.DINV.WD.GD.ZS,1.48500687570697
Argentina,AR,ARG,2018,BX.KLT.DINV.WD.GD.ZS,2.23253157689253
Argentina,AR,ARG,2017,BX.KLT.DINV.WD.GD.ZS,1.78936504083806
Argentina,AR,ARG,2016,BX.KLT.DINV.WD.GD.ZS,0.584748941173009
Argentina,AR,ARG,2015,BX.KLT.DINV.WD.GD.ZS,1.97713461784426
Argentina,AR,ARG,2014,BX.KLT.DINV.WD.GD.ZS,0.962406650325519
Argentina,AR,ARG,2013,BX.KLT.DINV.WD.GD.ZS,1.77920553648531
Argentina,AR,ARG,2012,BX.KLT.DINV.WD.GD.ZS,2.80667189982932
Argentina,AR,ARG,2011,BX.KLT.DINV.WD.GD.ZS,2.04465997872008
Argentina,AR,ARG,2010,BX.KLT.DINV.WD.GD.ZS,2.67516171886535
Brazil,BR,BRA,2023,BX.KLT.DINV.WD.GD.ZS,2.86383344298207
Brazil,BR,BRA,2022,BX.KLT.DINV.WD.GD.ZS,3.8680317970139
Brazil,BR,BRA,2021,BX.KLT.DINV.WD.GD.ZS,2.77979084938159
Brazil,BR,BRA,2020,BX.KLT.DINV.WD.GD.ZS,2.59263795310275
Brazil,BR,BRA,2019,BX.KLT.DINV.WD.GD.ZS,3.692673213156
Brazil,BR,BRA,2018,BX.KLT.DINV.WD.GD.ZS,4.07858821454947
Brazil,BR,BRA,2017,BX.KLT.DINV.WD.GD.ZS,3.33825981739039
Brazil,BR,BRA,2016,BX.KLT.DINV.WD.GD.ZS,4.13737803865892
Brazil,BR,BRA,2015,BX.KLT.DINV.WD.GD.ZS,3.59214931791344
Brazil,BR,BRA,2014,BX.KLT.DINV.WD.GD.ZS,3.57135266957477
Brazil,BR,BRA,2013,BX.KLT.DINV.WD.GD.ZS,3.04150901624338
Brazil,BR,BRA,2012,BX.KLT.DINV.WD.GD.ZS,3.75496285641218
Brazil,BR,BRA,2011,BX.KLT.DINV.WD.GD.ZS,3.91518011405433
Brazil,BR,BRA,2010,BX.KLT.DINV.WD.GD.ZS,3.73001288350945
Canada,CA,CAN,2023,BX.KLT.DINV.WD.GD.ZS,1.99841597173847
Canada,CA,CAN,2022,BX.KLT.DINV.WD.GD.ZS,2.30686661821278
Canada,CA,CAN,2021,BX.KLT.DINV.WD.GD.ZS,2.97618405526996
Canada,CA,CAN,2020,BX.KLT.DINV.WD.GD.ZS,1.75896848026439
Canada,CA,CAN,2019,BX.KLT.DINV.WD.GD.ZS,2.80676080429286
Canada,CA,CAN,2018,BX.KLT.DINV.WD.GD.ZS,2.46930986353956
Canada,CA,CAN,2017,BX.KLT.DINV.WD.GD.ZS,1.5375171282853
Canada,CA,CAN,2016,BX.KLT.DINV.WD.GD.ZS,2.23834791127678
Canada,CA,CAN,2015,BX.KLT.DINV.WD.GD.ZS,3.85389066466467
Canada,CA,CAN,2014,BX.KLT.DINV.WD.GD.ZS,3.55389980711924
Canada,CA,CAN,2013,BX.KLT.DINV.WD.GD.ZS,3.62983069806946
Canada,CA,CAN,2012,BX.KLT.DINV.WD.GD.ZS,2.70017935331081
Canada,CA,CAN,2011,BX.KLT.DINV.WD.GD.ZS,2.13782226222103
Canada,CA,CAN,2010,BX.KLT.DINV.WD.GD.ZS,1.83724977084563
China,CN,CHN,2023,BX.KLT.DINV.WD.GD.ZS,0.280991103634816
China,CN,CHN,2022,BX.KLT.DINV.WD.GD.ZS,1.03841365474349
China,CN,CHN,2021,BX.KLT.DINV.WD.GD.ZS,1.8903454142588
China,CN,CHN,2020,BX.KLT.DINV.WD.GD.ZS,1.68770756292082
China,CN,CHN,2019,BX.KLT.DINV.WD.GD.ZS,1.28549226847992
China,CN,CHN,2018,BX.KLT.DINV.WD.GD.ZS,1.66361992284408
China,CN,CHN,2017,BX.KLT.DINV.WD.GD.ZS,1.32468971748482
China,CN,CHN,2016,BX.KLT.DINV.WD.GD.ZS,1.52539470315394
China,CN,CHN,2015,BX.KLT.DINV.WD.GD.ZS,2.14957284731563
China,CN,CHN,2014,BX.KLT.DINV.WD.GD.ZS,2.51155883670463
China,CN,CHN,2013,BX.KLT.DINV.WD.GD.ZS,2.98598708261986
China,CN,CHN,2012,BX.KLT.DINV.WD.GD.ZS,2.78099138181613
China,CN,CHN,2011,BX.KLT.DINV.WD.GD.ZS,3.65069190228423
China,CN,CHN,2010,BX.KLT.DINV.WD.GD.ZS,3.93541996731512
Germany,DE,DEU,2023,BX.KLT.DINV.WD.GD.ZS,1.99210813981277
Germany,DE,DEU,2022,BX.KLT.DINV.WD.GD.ZS,1.82269397984058
Germany,DE,DEU,2021,BX.KLT.DINV.WD.GD.ZS,2.93002168676674
Germany,DE,DEU,2020,BX.KLT.DINV.WD.GD.ZS,4.48523547812751
Germany,DE,DEU,2019,BX.KLT.DINV.WD.GD.ZS,1.9056930139782
Germany,DE,DEU,2018,BX.KLT.DINV.WD.GD.ZS,4.00082875273687
Germany,DE,DEU,2017,BX.KLT.DINV.WD.GD.ZS,2.88914588414184
Germany,DE,DEU,2016,BX.KLT.DINV.WD.GD.ZS,1.64365840117303
Germany,DE,DEU,2015,BX.KLT.DINV.WD.GD.ZS,1.82239938063641
Germany,DE,DEU,2014,BX.KLT.DINV.WD.GD.ZS,0.437762571704246
Germany,DE,DEU,2013,BX.KLT.DINV.WD.GD.ZS,1.76515036525359
Germany,DE,DEU,2012,BX.KLT.DINV.WD.GD.ZS,1.8196411156431
Germany,DE,DEU,2011,BX.KLT.DINV.WD.GD.ZS,2.55089499875415
Germany,DE,DEU,2010,BX.KLT.DINV.WD.GD.ZS,2.48154528887853
Spain,ES,ESP,2023,BX.KLT.DINV.WD.GD.ZS,2.89981565316893
Spain,ES,ESP,2022,BX.KLT.DINV.WD.GD.ZS,4.65609043363165
Spain,ES,ESP,2021,BX.KLT.DINV.WD.GD.ZS,4.42272902452136
Spain,ES,ESP,2020,BX.KLT.DINV.WD.GD.ZS,2.92165980781023
Spain,ES,ESP,2019,BX.KLT.DINV.WD.GD.ZS,2.16052375036307
Spain,ES,ESP,2018,BX.KLT.DINV.WD.GD.ZS,4.46748509754483
Spain,ES,ESP,2017,BX.KLT.DINV.WD.GD.ZS,2.54039212306223
Spain,ES,ESP,2016,BX.KLT.DINV.WD.GD.ZS,3.61722479660389
Spain,ES,ESP,2015,BX.KLT.DINV.WD.GD.ZS,1.97131692755332
Spain,ES,ESP,2014,BX.KLT.DINV.WD.GD.ZS,2.31642230011085
Spain,ES,ESP,2013,BX.KLT.DINV.WD.GD.ZS,3.4608559063245
Spain,ES,ESP,2012,BX.KLT.DINV.WD.GD.ZS,1.44631700014204
Spain,ES,ESP,2011,BX.KLT.DINV.WD.GD.ZS,1.73938048405349
Spain,ES,ESP,2010,BX.KLT.DINV.WD.GD.ZS,2.51885825626411
France,FR,FRA,2023,BX.KLT.DINV.WD.GD.ZS,0.590645170561014
France,FR,FRA,2022,BX.KLT.DINV.WD.GD.ZS,4.0180319137717
France,FR,FRA,2021,BX.KLT.DINV.WD.GD.ZS,3.30405312221271
France,FR,FRA,2020,BX.KLT.DINV.WD.GD.ZS,0.731471704018579
France,FR,FRA,2019,BX.KLT.DINV.WD.GD.ZS,1.96486943301562
France,FR,FRA,2018,BX.KLT.DINV.WD.GD.ZS,2.78594184568695
France,FR,FRA,2017,BX.KLT.DINV.WD.GD.ZS,1.68928072199317
France,FR,FRA,2016,BX.KLT.DINV.WD.GD.ZS,1.44200321416196
France,FR,FRA,2015,BX.KLT.DINV.WD.GD.ZS,1.76596182973896
France,FR,FRA,2014,BX.KLT.DINV.WD.GD.ZS,0.176974174772525
France,FR,FRA,2013,BX.KLT.DINV.WD.GD.ZS,1.18823404938295
France,FR,FRA,2012,BX.KLT.DINV.WD.GD.ZS,1.22790071519382
France,FR,FRA,2011,BX.KLT.DINV.WD.GD.ZS,1.54005293306163
France,FR,FRA,2010,BX.KLT.DINV.WD.GD.ZS,1.46961673029144
United Kingdom,GB,GBR,2023,BX.KLT.DINV.WD.GD.ZS,0.403116734836793
United Kingdom,GB,GBR,2022,BX.KLT.DINV.WD.GD.ZS,2.91635435189931
United Kingdom,GB,GBR,2021,BX.KLT.DINV.WD.GD.ZS,3.20643815254935
United Kingdom,GB,GBR,2020,BX.KLT.DINV.WD.GD.ZS,5.77039185007421
United Kingdom,GB,GBR,2019,BX.KLT.DINV.WD.GD.ZS,0.688204352262878
United Kingdom,GB,GBR,2018,BX.KLT.DINV.WD.GD.ZS,-0.864867036878713
United Kingdom,GB,GBR,2017,BX.KLT.DINV.WD.GD.ZS,4.64443540147576
United Kingdom,GB,GBR,2016,BX.KLT.DINV.WD.GD.ZS,11.9998637298189
United Kingdom,GB,GBR,2015,BX.KLT.DINV.WD.GD.ZS,1.53903424150931
United Kingdom,GB,GBR,2014,BX.KLT.DINV.WD.GD.ZS,1.90870445734316
United Kingdom,GB,GBR,2013,BX.KLT.DINV.WD.GD.ZS,1.94762104828418
United Kingdom,GB,GBR,2012,BX.KLT.DINV.WD.GD.ZS,1.71895853790766
United Kingdom,GB,GBR,2011,BX.KLT.DINV.WD.GD.ZS,1.00957357920277
United Kingdom,GB,GBR,2010,BX.KLT.DINV.WD.GD.ZS,2.67286674184503
Italy,IT,ITA,2023,BX.KLT.DINV.WD.GD.ZS,1.81363348239025
Italy,IT,ITA,2022,BX.KLT.DINV.WD.GD.ZS,2.94181405797187
Italy,IT,ITA,2021,BX.KLT.DINV.WD.GD.ZS,1.20474315612308
Italy,IT,ITA,2020,BX.KLT.DINV.WD.GD.ZS,-0.893869914296462
Italy,IT,ITA,2019,BX.KLT.DINV.WD.GD.ZS,1.77066894209208
Italy,IT,ITA,2018,BX.KLT.DINV.WD.GD.ZS,2.10769610409512
Italy,IT,ITA,2017,BX.KLT.DINV.WD.GD.ZS,0.44334154868577
Italy,IT,ITA,2016,BX.KLT.DINV.WD.GD.ZS,1.35957350873308
Italy,IT,ITA,2015,BX.KLT.DINV.WD.GD.ZS,0.720886367724088
Italy,IT,ITA,2014,BX.KLT.DINV.WD.GD.ZS,0.783743281747353
Italy,IT,ITA,2013,BX.KLT.DINV.WD.GD.ZS,0.907076904789878
Italy,IT,ITA,2012,BX.KLT.DINV.WD.GD.ZS,0.00166359418160293
Italy,IT,ITA,2011,BX.KLT.DINV.WD.GD.ZS,1.49396922230512
Italy,IT,ITA,2010,BX.KLT.DINV.WD.GD.ZS,0.462974196548407
Japan,JP,JPN,2023,BX.KLT.DINV.WD.GD.ZS,0.456297698647986
Japan,JP,JPN,2022,BX.KLT.DINV.WD.GD.ZS,1.08260095152642
Japan,JP,JPN,2021,BX.KLT.DINV.WD.GD.ZS,0.67025659122188
Japan,JP,JPN,2020,BX.KLT.DINV.WD.GD.ZS,1.20605775501323
Japan,JP,JPN,2019,BX.KLT.DINV.WD.GD.ZS,0.761769170240795
Japan,JP,JPN,2018,BX.KLT.DINV.WD.GD.ZS,0.490646618599307
Japan,JP,JPN,2017,BX.KLT.DINV.WD.GD.ZS,0.37319148031924
Japan,JP,JPN,2016,BX.KLT.DINV.WD.GD.ZS,0.801395644123668
Japan,JP,JPN,2015,BX.KLT.DINV.WD.GD.ZS,0.115829519336403
Japan,JP,JPN,2014,BX.KLT.DINV.WD.GD.ZS,0.396173028620197
Japan,JP,JPN,2013,BX.KLT.DINV.WD.GD.ZS,0.201969683435447
Japan,JP,JPN,2012,BX.KLT.DINV.WD.GD.ZS,0.00863561136941304
Japan,JP,JPN,2011,BX.KLT.DINV.WD.GD.ZS,-0.0135476953217396
Japan,JP,JPN,2010,BX.KLT.DINV.WD.GD.ZS,0.128037155210339
Mexico,MX,MEX,2023,BX.KLT.DINV.WD.GD.ZS,1.7099038174861
Mexico,MX,MEX,2022,BX.KLT.DINV.WD.GD.ZS,2.67267286267437
Mexico,MX,MEX,2021,BX.KLT.DINV.WD.GD.ZS,2.70530313479407
Mexico,MX,MEX,2020,BX.KLT.DINV.WD.GD.ZS,2.81400875229273
Mexico,MX,MEX,2019,BX.KLT.DINV.WD.GD.ZS,2.29651449559824
Mexico,MX,MEX,2018,BX.KLT.DINV.WD.GD.ZS,3.0141785043816
Mexico,MX,MEX,2017,BX.KLT.DINV.WD.GD.ZS,2.78307493364523
Mexico,MX,MEX,2016,BX.KLT.DINV.WD.GD.ZS,3.49768027047347
Mexico,MX,MEX,2015,BX.KLT.DINV.WD.GD.ZS,2.98783786611186
Mexico,MX,MEX,2014,BX.KLT.DINV.WD.GD.ZS,2.08415748539387
Mexico,MX,MEX,2013,BX.KLT.DINV.WD.GD.ZS,3.83670268116194
Mexico,MX,MEX,2012,BX.KLT.DINV.WD.GD.ZS,1.45258915061197
Mexico,MX,MEX,2011,BX.KLT.DINV.WD.GD.ZS,1.9442261568419
Mexico,MX,MEX,2010,BX.KLT.DINV.WD.GD.ZS,2.76223720236461
Netherlands,NL,NLD,2023,BX.KLT.DINV.WD.GD.ZS,-30.2430732965592
Netherlands,NL,NLD,2022,BX.KLT.DINV.WD.GD.ZS,1.47701805979237
Netherlands,NL,NLD,2021,BX.KLT.DINV.WD.GD.ZS,-10.9725941589172
Netherlands,NL,NLD,2020,BX.KLT.DINV.WD.GD.ZS,-23.6860117625863
Netherlands,NL,NLD,2019,BX.KLT.DINV.WD.GD.ZS,-13.7565327156949
Netherlands,NL,NLD,2018,BX.KLT.DINV.WD.GD.ZS,-30.6576768564655
Netherlands,NL,NLD,2017,BX.KLT.DINV.WD.GD.ZS,23.7131758376085
Netherlands,NL,NLD,2016,BX.KLT.DINV.WD.GD.ZS,34.7918547450687
Netherlands,NL,NLD,2015,BX.KLT.DINV.WD.GD.ZS,48.4706196279081
Netherlands,NL,NLD,2014,BX.KLT.DINV.WD.GD.ZS,15.9879956344505
Netherlands,NL,NLD,2013,BX.KLT.DINV.WD.GD.ZS,36.6955717929323
Netherlands,NL,NLD,2012,BX.KLT.DINV.WD.GD.ZS,30.9042384931276
Netherlands,NL,NLD,2011,BX.KLT.DINV.WD.GD.ZS,39.0408469194559
Netherlands,NL,NLD,2010,BX.KLT.DINV.WD.GD.ZS,6.47724170250418
Poland,PL,POL,2023,BX.KLT.DINV.WD.GD.ZS,4.38918673390545
Poland,PL,POL,2022,BX.KLT.DINV.WD.GD.ZS,6.00626096603428
Poland,PL,POL,2021,BX.KLT.DINV.WD.GD.ZS,5.44306737738578
Poland,PL,POL,2020,BX.KLT.DINV.WD.GD.ZS,3.31499059495462
Poland,PL,POL,2019,BX.KLT.DINV.WD.GD.ZS,3.15455649244208
Poland,PL,POL,2018,BX.KLT.DINV.WD.GD.ZS,3.34803954559233
Poland,PL,POL,2017,BX.KLT.DINV.WD.GD.ZS,2.37812815599278
Poland,PL,POL,2016,BX.KLT.DINV.WD.GD.ZS,3.81608721408819
Poland,PL,POL,2015,BX.KLT.DINV.WD.GD.ZS,3.29546177974363
Poland,PL,POL,2014,BX.KLT.DINV.WD.GD.ZS,3.85089176515991
Poland,PL,POL,2013,BX.KLT.DINV.WD.GD.ZS,0.258983446617592
Poland,PL,POL,2012,BX.KLT.DINV.WD.GD.ZS,1.52886091421625
Poland,PL,POL,2011,BX.KLT.DINV.WD.GD.ZS,3.57128957712437
Poland,PL,POL,2010,BX.KLT.DINV.WD.GD.ZS,3.94489462074706
Sweden,SE,SWE,2023,BX.KLT.DINV.WD.GD.ZS,3.22512369002956
Sweden,SE,SWE,2022,BX.KLT.DINV.WD.GD.ZS,9.35228228785513
Sweden,SE,SWE,2021,BX.KLT.DINV.WD.GD.ZS,9.17868162234424
Sweden,SE,SWE,2020,BX.KLT.DINV.WD.GD.ZS,3.36375559523307
Sweden,SE,SWE,2019,BX.KLT.DINV.WD.GD.ZS,2.9559286166832
Sweden,SE,SWE,2018,BX.KLT.DINV.WD.GD.ZS,-0.129928906336359
Sweden,SE,SWE,2017,BX.KLT.DINV.WD.GD.ZS,4.54156677126576
Sweden,SE,SWE,2016,BX.KLT.DINV.WD.GD.ZS,3.01534061830454
Sweden,SE,SWE,2015,BX.KLT.DINV.WD.GD.ZS,1.94926707461038
Sweden,SE,SWE,2014,BX.KLT.DINV.WD.GD.ZS,-1.0454392642501
Sweden,SE,SWE,2013,BX.KLT.DINV.WD.GD.ZS,0.2546975094246
Sweden,SE,SWE,2012,BX.KLT.DINV.WD.GD.ZS,0.777373680569339
Sweden,SE,SWE,2011,BX.KLT.DINV.WD.GD.ZS,1.22329216394859
Sweden,SE,SWE,2010,BX.KLT.DINV.WD.GD.ZS,0.126859666003955
United States,US,USA,2023,BX.KLT.DINV.WD.GD.ZS,1.30141768246586
United States,US,USA,2022,BX.KLT.DINV.WD.GD.ZS,1.60006208497274
United States,US,USA,2021,BX.KLT.DINV.WD.GD.ZS,2.01451214498067
United States,US,USA,2020,BX.KLT.DINV.WD.GD.ZS,0.641236014628299
United States,US,USA,2019,BX.KLT.DINV.WD.GD.ZS,1.46696501417689
United States,US,USA,2018,BX.KLT.DINV.WD.GD.ZS,1.03945408799819
United States,US,USA,2017,BX.KLT.DINV.WD.GD.ZS,1.94177554246862
United States,US,USA,2016,BX.KLT.DINV.WD.GD.ZS,2.52268117379751
United States,US,USA,2015,BX.KLT.DINV.WD.GD.ZS,2.79548220201356
United States,US,USA,2014,BX.KLT.DINV.WD.GD.ZS,1.43033863092168
United States,US,USA,2013,BX.KLT.DINV.WD.GD.ZS,1.70686814034716
United States,US,USA,2012,BX.KLT.DINV.WD.GD.ZS,1.54020833064168
United States,US,USA,2011,BX.KLT.DINV.WD.GD.ZS,1.68911235141732
United States,US,USA,2010,BX.KLT.DINV.WD.GD.ZS,1.75453192115262
Australia,AU,AUS,2023,BX.KLT.DINV.WD.GD.ZS,2.03614704389564
Australia,AU,AUS,2022,BX.KLT.DINV.WD.GD.ZS,4.05215286724898
Australia,AU,AUS,2021,BX.KLT.DINV.WD.GD.ZS,2.01542405903096
Australia,AU,AUS,2020,BX.KLT.DINV.WD.GD.ZS,1.34826011276187
Australia,AU,AUS,2019,BX.KLT.DINV.WD.GD.ZS,2.77077560426989
Australia,AU,AUS,2018,BX.KLT.DINV.WD.GD.ZS,4.23450805251819
Australia,AU,AUS,2017,BX.KLT.DINV.WD.GD.ZS,3.62158795648508
Australia,AU,AUS,2016,BX.KLT.DINV.WD.GD.ZS,3.54660341826144
Australia,AU,AUS,2015,BX.KLT.DINV.WD.GD.ZS,3.456117831131
Australia,AU,AUS,2014,BX.KLT.DINV.WD.GD.ZS,4.28599049307814
Australia,AU,AUS,2013,BX.KLT.DINV.WD.GD.ZS,3.43950309398958
Australia,AU,AUS,2012,BX.KLT.DINV.WD.GD.ZS,3.70774989384992
Australia,AU,AUS,2011,BX.KLT.DINV.WD.GD.ZS,4.67434620832808
Australia,AU,AUS,2010,BX.KLT.DINV.WD.GD.ZS,3.08482804330762
Chile,CL,CHL,2023,BX.KLT.DINV.WD.GD.ZS,5.72340675956374
Chile,CL,CHL,2022,BX.KLT.DINV.WD.GD.ZS,6.2344860828365
Chile,CL,CHL,2021,BX.KLT.DINV.WD.GD.ZS,4.81031437211446
Chile,CL,CHL,2020,BX.KLT.DINV.WD.GD.ZS,4.50500989019161
Chile,CL,CHL,2019,BX.KLT.DINV.WD.GD.ZS,4.87915172452024
Chile,CL,CHL,2018,BX.KLT.DINV.WD.GD.ZS,2.68461345207245
Chile,CL,CHL,2017,BX.KLT.DINV.WD.GD.ZS,1.89647029836548
Chile,CL,CHL,2016,BX.KLT.DINV.WD.GD.ZS,4.55707488153847
Chile,CL,CHL,2015,BX.KLT.DINV.WD.GD.ZS,7.32780348711267
Chile,CL,CHL,2014,BX.KLT.DINV.WD.GD.ZS,9.83500371419039
Chile,CL,CHL,2013,BX.KLT.DINV.WD.GD.ZS,7.61396398974862
Chile,CL,CHL,2012,BX.KLT.DINV.WD.GD.ZS,11.9097449981544
Chile,CL,CHL,2011,BX.KLT.DINV.WD.GD.ZS,10.4897738058645
Chile,CL,CHL,2010,BX.KLT.DINV.WD.GD.ZS,6.84144686828522
Colombia,CO,COL,2023,BX.KLT.DINV.WD.GD.ZS,4.57716748279263
Colombia,CO,COL,2022,BX.KLT.DINV.WD.GD.ZS,4.97124137726565
Colombia,CO,COL,2021,BX.KLT.DINV.WD.GD.ZS,3.00175693787234
Colombia,CO,COL,2020,BX.KLT.DINV.WD.GD.ZS,2.7588942895314
Colombia,CO,COL,2019,BX.KLT.DINV.WD.GD.ZS,4.33058240931506
Colombia,CO,COL,2018,BX.KLT.DINV.WD.GD.ZS,3.38083573220188
Colombia,CO,COL,2017,BX.KLT.DINV.WD.GD.ZS,4.3931823276543
Colombia,CO,COL,2016,BX.KLT.DINV.WD.GD.ZS,4.90164572903473
Colombia,CO,COL,2015,BX.KLT.DINV.WD.GD.ZS,3.95939854860993
Colombia,CO,COL,2014,BX.KLT.DINV.WD.GD.ZS,4.24107256687862
Colombia,CO,COL,2013,BX.KLT.DINV.WD.GD.ZS,4.24252457969381
Colombia,CO,COL,2012,BX.KLT.DINV.WD.GD.ZS,4.05728041313345
Colombia,CO,COL,2011,BX.KLT.DINV.WD.GD.ZS,4.37269536127322
Colombia,CO,COL,2010,BX.KLT.DINV.WD.GD.ZS,2.24433595561184
"Egypt, Arab Rep.",EG,EGY,2023,BX.KLT.DINV.WD.GD.ZS,2.48546400695984
"Egypt, Arab Rep.",EG,EGY,2022,BX.KLT.DINV.WD.GD.ZS,2.39118080969079
"Egypt, Arab Rep.",EG,EGY,2021,BX.KLT.DINV.WD.GD.ZS,1.20617861055665
"Egypt, Arab Rep.",EG,EGY,2020,BX.KLT.DINV.WD.GD.ZS,1.52462948997172
"Egypt, Arab Rep.",EG,EGY,2019,BX.KLT.DINV.WD.GD.ZS,2.82732944960686
"Egypt, Arab Rep.",EG,EGY,2018,BX.KLT.DINV.WD.GD.ZS,3.10040077579187
"Egypt, Arab Rep.",EG,EGY,2017,BX.KLT.DINV.WD.GD.ZS,2.98301550917695
"Egypt, Arab Rep.",EG,EGY,2016,BX.KLT.DINV.WD.GD.ZS,2.43856278142762
"Egypt, Arab Rep.",EG,EGY,2015,BX.KLT.DINV.WD.GD.ZS,2.10258128401326
"Egypt, Arab Rep.",EG,EGY,2014,BX.KLT.DINV.WD.GD.ZS,1.50925042253521
"Egypt, Arab Rep.",EG,EGY,2013,BX.KLT.DINV.WD.GD.ZS,1.45343420769727
"Egypt, Arab Rep.",EG,EGY,2012,BX.KLT.DINV.WD.GD.ZS,1.00234071774049
"Egypt, Arab Rep.",EG,EGY,2011,BX.KLT.DINV.WD.GD.ZS,-0.204542848807527
"Egypt, Arab Rep.",EG,EGY,2010,BX.KLT.DINV.WD.GD.ZS,2.91601657550141
Indonesia,ID,IDN,2023,BX.KLT.DINV.WD.GD.ZS,1.57116966408747
Indonesia,ID,IDN,2022,BX.KLT.DINV.WD.GD.ZS,1.87264100861425
Indonesia,ID,IDN,2021,BX.KLT.DINV.WD.GD.ZS,1.7878556314554
Indonesia,ID,IDN,2020,BX.KLT.DINV.WD.GD.ZS,1.81058402027127
Indonesia,ID,IDN,2019,BX.KLT.DINV.WD.GD.ZS,2.23336204282241
Indonesia,ID,IDN,2018,BX.KLT.DINV.WD.GD.ZS,1.81428979349441
Indonesia,ID,IDN,2017,BX.KLT.DINV.WD.GD.ZS,2.01948919812582
Indonesia,ID,IDN,2016,BX.KLT.DINV.WD.GD.ZS,0.487372471368879
Indonesia,ID,IDN,2015,BX.KLT.DINV.WD.GD.ZS,2.29761639380441
Indonesia,ID,IDN,2014,BX.KLT.DINV.WD.GD.ZS,2.81997260412102
Indonesia,ID,IDN,2013,BX.KLT.DINV.WD.GD.ZS,2.55135633401058
Indonesia,ID,IDN,2012,BX.KLT.DINV.WD.GD.ZS,2.30978031853073
Indonesia,ID,IDN,2011,BX.KLT.DINV.WD.GD.ZS,2.30298429381592
Indonesia,ID,IDN,2010,BX.KLT.DINV.WD.GD.ZS,2.02517914569356
India,IN,IND,2023,BX.KLT.DINV.WD.GD.ZS,0.802254995836756
India,IN,IND,2022,BX.KLT.DINV.WD.GD.ZS,1.53665241748393
India,IN,IND,2021,BX.KLT.DINV.WD.GD.ZS,1.41217101040888
India,IN,IND,2020,BX.KLT.DINV.WD.GD.ZS,2.40620322673636
India,IN,IND,2019,BX.KLT.DINV.WD.GD.ZS,1.78482633957161
India,IN,IND,2018,BX.KLT.DINV.WD.GD.ZS,1.55821483801456
India,IN,IND,2017,BX.KLT.DINV.WD.GD.ZS,1.50731583255894
India,IN,IND,2016,BX.KLT.DINV.WD.GD.ZS,1.9373641224439
India,IN,IND,2015,BX.KLT.DINV.WD.GD.ZS,2.09211521443253
India,IN,IND,2014,BX.KLT.DINV.WD.GD.ZS,1.69565958990806
India,IN,IND,2013,BX.KLT.DINV.WD.GD.ZS,1.5162764665975
India,IN,IND,2012,BX.KLT.DINV.WD.GD.ZS,1.31293453035323
India,IN,IND,2011,BX.KLT.DINV.WD.GD.ZS,2.0020634629993
India,IN,IND,2010,BX.KLT.DINV.WD.GD.ZS,1.6350340943491
"Korea, Rep.",KR,KOR,2023,BX.KLT.DINV.WD.GD.ZS,1.03221435142435
"Korea, Rep.",KR,KOR,2022,BX.KLT.DINV.WD.GD.ZS,1.39186469730544
"Korea, Rep.",KR,KOR,2021,BX.KLT.DINV.WD.GD.ZS,1.13577953855347
"Korea, Rep.",KR,KOR,2020,BX.KLT.DINV.WD.GD.ZS,0.502554290313687
"Korea, Rep.",KR,KOR,2019,BX.KLT.DINV.WD.GD.ZS,0.550202642546341
"Korea, Rep.",KR,KOR,2018,BX.KLT.DINV.WD.GD.ZS,0.66781363782051
"Korea, Rep.",KR,KOR,2017,BX.KLT.DINV.WD.GD.ZS,1.04741749331971
"Korea, Rep.",KR,KOR,2016,BX.KLT.DINV.WD.GD.ZS,0.766507046338007
"Korea, Rep.",KR,KOR,2015,BX.KLT.DINV.WD.GD.ZS,0.266636382581676
"Korea, Rep.",KR,KOR,2014,BX.KLT.DINV.WD.GD.ZS,0.595893048504325
"Korea, Rep.",KR,KOR,2013,BX.KLT.DINV.WD.GD.ZS,0.889863368558993
"Korea, Rep.",KR,KOR,2012,BX.KLT.DINV.WD.GD.ZS,0.711120351080011
"Korea, Rep.",KR,KOR,2011,BX.KLT.DINV.WD.GD.ZS,0.747683727442323
"Korea, Rep.",KR,KOR,2010,BX.KLT.DINV.WD.GD.ZS,0.796207328344812
Nigeria,NG,NGA,2023,BX.KLT.DINV.WD.GD.ZS,0.384195197916836
Nigeria,NG,NGA,2022,BX.KLT.DINV.WD.GD.ZS,-0.0288727652155146
Nigeria,NG,NGA,2021,BX.KLT.DINV.WD.GD.ZS,0.543909122159359
Nigeria,NG,NGA,2020,BX.KLT.DINV.WD.GD.ZS,0.398484830423335
Nigeria,NG,NGA,2019,BX.KLT.DINV.WD.GD.ZS,0.344961215906745
Nigeria,NG,NGA,2018,BX.KLT.DINV.WD.GD.ZS,0.183821495682229
Nigeria,NG,NGA,2017,BX.KLT.DINV.WD.GD.ZS,0.642182922336257
Nigeria,NG,NGA,2016,BX.KLT.DINV.WD.GD.ZS,0.853395742751916
Nigeria,NG,NGA,2015,BX.KLT.DINV.WD.GD.ZS,0.621501637000126
Nigeria,NG,NGA,2014,BX.KLT.DINV.WD.GD.ZS,0.817478467870197
Nigeria,NG,NGA,2013,BX.KLT.DINV.WD.GD.ZS,1.06953936497778
Nigeria,NG,NGA,2012,BX.KLT.DINV.WD.GD.ZS,1.52378233769127
Nigeria,NG,NGA,2011,BX.KLT.DINV.WD.GD.ZS,2.133117701613
Nigeria,NG,NGA,2010,BX.KLT.DINV.WD.GD.ZS,1.64207369186652
Russian Federation,RU,RUS,2023,BX.KLT.DINV.WD.GD.ZS,-0.490895490828941
Russian Federation,RU,RUS,2022,BX.KLT.DINV.WD.GD.ZS,-1.73614086534944
Russian Federation,RU,RUS,2021,BX.KLT.DINV.WD.GD.ZS,2.21136527873962
Russian Federation,RU,RUS,2020,BX.KLT.DINV.WD.GD.ZS,0.634851184443604
Russian Federation,RU,RUS,2019,BX.KLT.DINV.WD.GD.ZS,1.88851731564914
Russian Federation,RU,RUS,2018,BX.KLT.DINV.WD.GD.ZS,0.530060790633169
Russian Federation,RU,RUS,2017,BX.KLT.DINV.WD.GD.ZS,1.81409297475419
Russian Federation,RU,RUS,2016,BX.KLT.DINV.WD.GD.ZS,2.54849998807899
Russian Federation,RU,RUS,2015,BX.KLT.DINV.WD.GD.ZS,0.502607961400285
Russian Federation,RU,RUS,2014,BX.KLT.DINV.WD.GD.ZS,1.0698764102333
Russian Federation,RU,RUS,2013,BX.KLT.DINV.WD.GD.ZS,3.01940211363344
Russian Federation,RU,RUS,2012,BX.KLT.DINV.WD.GD.ZS,2.29079869889368
Russian Federation,RU,RUS,2011,BX.KLT.DINV.WD.GD.ZS,2.69236118071968
Russian Federation,RU,RUS,2010,BX.KLT.DINV.WD.GD.ZS,2.8308286983175
Saudi Arabia,SA,SAU,2023,BX.KLT.DINV.WD.GD.ZS,1.87130991298946
Saudi Arabia,SA,SAU,2022,BX.KLT.DINV.WD.GD.ZS,2.1556449627378
Saudi Arabia,SA,SAU,2021,BX.KLT.DINV.WD.GD.ZS,2.8850612174452
Saudi Arabia,SA,SAU,2020,BX.KLT.DINV.WD.GD.ZS,0.211115523412857
Saudi Arabia,SA,SAU,2019,BX.KLT.DINV.WD.GD.ZS,0.346411455797861
Saudi Arabia,SA,SAU,2018,BX.KLT.DINV.WD.GD.ZS,1.36945683303735
Saudi Arabia,SA,SAU,2017,BX.KLT.DINV.WD.GD.ZS,0.136801407151884
Saudi Arabia,SA,SAU,2016,BX.KLT.DINV.WD.GD.ZS,3.18518611850268
Saudi Arabia,SA,SAU,2015,BX.KLT.DINV.WD.GD.ZS,0.572622097928938
Saudi Arabia,SA,SAU,2014,BX.KLT.DINV.WD.GD.ZS,0.191711517264834
Saudi Arabia,SA,SAU,2013,BX.KLT.DINV.WD.GD.ZS,0.437984195574321
Saudi Arabia,SA,SAU,2012,BX.KLT.DINV.WD.GD.ZS,0.669626013751334
Saudi Arabia,SA,SAU,2011,BX.KLT.DINV.WD.GD.ZS,0.688133631504519
Saudi Arabia,SA,SAU,2010,BX.KLT.DINV.WD.GD.ZS,0.923670092367435
Singapore,SG,SGP,2023,BX.KLT.DINV.WD.GD.ZS,24.607056245637
Singapore,SG,SGP,2022,BX.KLT.DINV.WD.GD.ZS,28.0305519383786
Singapore,SG,SGP,2021,BX.KLT.DINV.WD.GD.ZS,32.2624851402185
Singapore,SG,SGP,2020,BX.KLT.DINV.WD.GD.ZS,22.5843942948636
Singapore,SG,SGP,2019,BX.KLT.DINV.WD.GD.ZS,28.1758142041642
Singapore,SG,SGP,2018,BX.KLT.DINV.WD.GD.ZS,22.7862106121625
Singapore,SG,SGP,2017,BX.KLT.DINV.WD.GD.ZS,29.5741008560154
Singapore,SG,SGP,2016,BX.KLT.DINV.WD.GD.ZS,20.3059406285478
Singapore,SG,SGP,2015,BX.KLT.DINV.WD.GD.ZS,22.6541826890491
Singapore,SG,SGP,2014,BX.KLT.DINV.WD.GD.ZS,21.8184880782679
Singapore,SG,SGP,2013,BX.KLT.DINV.WD.GD.ZS,20.9344810446532
Singapore,SG,SGP,2012,BX.KLT.DINV.WD.GD.ZS,18.7435244231802
Singapore,SG,SGP,2011,BX.KLT.DINV.WD.GD.ZS,17.5960314065854
Singapore,SG,SGP,2010,BX.KLT.DINV.WD.GD.ZS,23.0694716770802
Turkiye,TR,TUR,2023,BX.KLT.DINV.WD.GD.ZS,0.933806495534912
Turkiye,TR,TUR,2022,BX.KLT.DINV.WD.GD.ZS,1.48839623728753
Turkiye,TR,TUR,2021,BX.KLT.DINV.WD.GD.ZS,1.50891969619413
Turkiye,TR,TUR,2020,BX.KLT.DINV.WD.GD.ZS,1.02531493703228
Turkiye,TR,TUR,2019,BX.KLT.DINV.WD.GD.ZS,1.22536076199392
Turkiye,TR,TUR,2018,BX.KLT.DINV.WD.GD.ZS,1.57923380202967
Turkiye,TR,TUR,2017,BX.KLT.DINV.WD.GD.ZS,1.29532700760314
Turkiye,TR,TUR,2016,BX.KLT.DINV.WD.GD.ZS,1.58873607703875
Turkiye,TR,TUR,2015,BX.KLT.DINV.WD.GD.ZS,2.225752648523
Turkiye,TR,TUR,2014,BX.KLT.DINV.WD.GD.ZS,1.41530142282668
Turkiye,TR,TUR,2013,BX.KLT.DINV.WD.GD.ZS,1.40962960980578
Turkiye,TR,TUR,2012,BX.KLT.DINV.WD.GD.ZS,1.55241965245755
Turkiye,TR,TUR,2011,BX.KLT.DINV.WD.GD.ZS,1.91686136260632
Turkiye,TR,TUR,2010,BX.KLT.DINV.WD.GD.ZS,1.16274364749147
Viet Nam,VN,VNM,2023,BX.KLT.DINV.WD.GD.ZS,4.26458856546888
Viet Nam,VN,VNM,2022,BX.KLT.DINV.WD.GD.ZS,4.32947308910883
Viet Nam,VN,VNM,2021,BX.KLT.DINV.WD.GD.ZS,4.27314566190187
Viet Nam,VN,VNM,2020,BX.KLT.DINV.WD.GD.ZS,4.55836196782424
Viet Nam,VN,VNM,2019,BX.KLT.DINV.WD.GD.ZS,4.821074861051
Viet Nam,VN,VNM,2018,BX.KLT.DINV.WD.GD.ZS,4.99828319622328
Viet Nam,VN,VNM,2017,BX.KLT.DINV.WD.GD.ZS,5.01148721749681
Viet Nam,VN,VNM,2016,BX.KLT.DINV.WD.GD.ZS,4.90089302916746
Viet Nam,VN,VNM,2015,BX.KLT.DINV.WD.GD.ZS,4.93190773329022
Viet Nam,VN,VNM,2014,BX.KLT.DINV.WD.GD.ZS,3.94086189051961
Viet Nam,VN,VNM,2013,BX.KLT.DINV.WD.GD.ZS,4.16454517277325
Viet Nam,VN,VNM,2012,BX.KLT.DINV.WD.GD.ZS,4.27832287681174
Viet Nam,VN,VNM,2011,BX.KLT.DINV.WD.GD.ZS,4.30487434902161
Viet Nam,VN,VNM,2010,BX.KLT.DINV.WD.GD.ZS,5.4347392933443
South Africa,ZA,ZAF,2023,BX.KLT.DINV.WD.GD.ZS,1.0127377916456
South Africa,ZA,ZAF,2022,BX.KLT.DINV.WD.GD.ZS,2.26670277731613
South Africa,ZA,ZAF,2021,BX.KLT.DINV.WD.GD.ZS,9.68098022663018
South Africa,ZA,ZAF,2020,BX.KLT.DINV.WD.GD.ZS,0.933073684352391
South Africa,ZA,ZAF,2019,BX.KLT.DINV.WD.GD.ZS,1.31407752293306
South Africa,ZA,ZAF,2018,BX.KLT.DINV.WD.GD.ZS,1.3742911715346
South Africa,ZA,ZAF,2017,BX.KLT.DINV.WD.GD.ZS,0.539673956759456
South Africa,ZA,ZAF,2016,BX.KLT.DINV.WD.GD.ZS,0.684612553455795
South Africa,ZA,ZAF,2015,BX.KLT.DINV.WD.GD.ZS,0.438735792056356
South Africa,ZA,ZAF,2014,BX.KLT.DINV.WD.GD.ZS,1.51932743753979
South Africa,ZA,ZAF,2013,BX.KLT.DINV.WD.GD.ZS,2.05358095229684
South Africa,ZA,ZAF,2012,BX.KLT.DINV.WD.GD.ZS,1.06492249485696
South Africa,ZA,ZAF,2011,BX.KLT.DINV.WD.GD.ZS,0.903381424332556
South Africa,ZA,ZAF,2010,BX.KLT.DINV.WD.GD.ZS,0.884904611686012
