country,iso2,iso3,year,indicator_code,value
Argentina,AR,ARG,2023,SI.POV.GINI,42.4
Argentina,AR,ARG,2022,SI.POV.GINI,40.7
Argentina,AR,ARG,2021,SI.POV.GINI,42.4
Argentina,AR,ARG,2020,SI.POV.GINI,42.7
Argentina,AR,ARG,2019,SI.POV.GINI,43.3
Argentina,AR,ARG,2018,SI.POV.GINI,41.7
Argentina,AR,ARG,2017,SI.POV.GINI,41.4
Argentina,AR,ARG,2016,SI.POV.GINI,42.3
Argentina,AR,ARG,2015,SI.POV.GINI,
Argentina,AR,ARG,2014,SI.POV.GINI,41.8
Argentina,AR,ARG,2013,SI.POV.GINI,41.1
Argentina,AR,ARG,2012,SI.POV.GINI,41.4
Argentina,AR,ARG,2011,SI.POV.GINI,42.7
Argentina,AR,ARG,2010,SI.POV.GINI,43.7
Brazil,BR,BRA,2023,SI.POV.GINI,51.5
Brazil,BR,BRA,2022,SI.POV.GINI,51.9
Brazil,BR,BRA,2021,SI.POV.GINI,52.9
Brazil,BR,BRA,2020,SI.POV.GINI,48.8
Brazil,BR,BRA,2019,SI.POV.GINI,53.5
Brazil,BR,BRA,2018,SI.POV.GINI,53.9
Brazil,BR,BRA,2017,SI.POV.GINI,53.3
Brazil,BR,BRA,2016,SI.POV.GINI,53.4
Brazil,BR,BRA,2015,SI.POV.GINI,51.9
Brazil,BR,BRA,2014,SI.POV.GINI,52.1
Brazil,BR,BRA,2013,SI.POV.GINI,52.7
Brazil,BR,BRA,2012,SI.POV.GINI,53.4
Brazil,BR,BRA,2011,SI.POV.GINI,52.9
Brazil,BR,BRA,2010,SI.POV.GINI,
Canada,CA,CAN,2023,SI.POV.GINI,
Canada,CA,CAN,2022,SI.POV.GINI,31.5
Canada,CA,CAN,2021,SI.POV.GINI,31.1
Canada,CA,CAN,2020,SI.POV.GINI,29.9
Canada,CA,CAN,2019,SI.POV.GINI,31.8
Canada,CA,CAN,2018,SI.POV.GINI,32.5
Canada,CA,CAN,2017,SI.POV.GINI,33.3
Canada,CA,CAN,2016,SI.POV.GINI,32.7
Canada,CA,CAN,2015,SI.POV.GINI,33.7
Canada,CA,CAN,2014,SI.POV.GINI,33.2
Canada,CA,CAN,2013,SI.POV.GINI,33.8
Canada,CA,CAN,2012,SI.POV.GINI,33.5
Canada,CA,CAN,2011,SI.POV.GINI,32.7
Canada,CA,CAN,2010,SI.POV.GINI,33.6
China,CN,CHN,2023,SI.POV.GINI,
China,CN,CHN,2022,SI.POV.GINI,36
China,CN,CHN,2021,SI.POV.GINI,35.7
China,CN,CHN,2020,SI.POV.GINI,37.1
China,CN,CHN,2019,SI.POV.GINI,38.2
China,CN,CHN,2018,SI.POV.GINI,38.5
China,CN,CHN,2017,SI.POV.GINI,39.1
China,CN,CHN,2016,SI.POV.GINI,38.5
China,CN,CHN,2015,SI.POV.GINI,38.6
China,CN,CHN,2014,SI.POV.GINI,39.2
China,CN,CHN,2013,SI.POV.GINI,39.7
China,CN,CHN,2012,SI.POV.GINI,42.2
China,CN,CHN,2011,SI.POV.GINI,42.4
China,CN,CHN,2010,SI.POV.GINI,43.7
Germany,DE,DEU,2023,SI.POV.GINI,
Germany,DE,DEU,2022,SI.POV.GINI,33.7
Germany,DE,DEU,2021,SI.POV.GINI,33.6
Germany,DE,DEU,2020,SI.POV.GINI,32.5
Germany,DE,DEU,2019,SI.POV.GINI,32.2
Germany,DE,DEU,2018,SI.POV.GINI,31.9
Germany,DE,DEU,2017,SI.POV.GINI,31.3
Germany,DE,DEU,2016,SI.POV.GINI,31.3
Germany,DE,DEU,2015,SI.POV.GINI,31.4
Germany,DE,DEU,2014,SI.POV.GINI,30.8
Germany,DE,DEU,2013,SI.POV.GINI,31.4
Germany,DE,DEU,2012,SI.POV.GINI,30.9
Germany,DE,DEU,2011,SI.POV.GINI,30.4
Germany,DE,DEU,2010,SI.POV.GINI,30.2
Spain,ES,ESP,2023,SI.POV.GINI,33.4
Spain,ES,ESP,2022,SI.POV.GINI,33.6
Spain,ES,ESP,2021,SI.POV.GINI,33.9
Spain,ES,ESP,2020,SI.POV.GINI,34.9
Spain,ES,ESP,2019,SI.POV.GINI,34.3
Spain,ES,ESP,2018,SI.POV.GINI,34.7
Spain,ES,ESP,2017,SI.POV.GINI,34.7
Spain,ES,ESP,2016,SI.POV.GINI,35.8
Spain,ES,ESP,2015,SI.POV.GINI,36.2
Spain,ES,ESP,2014,SI.POV.GINI,36.1
Spain,ES,ESP,2013,SI.POV.GINI,36.2
Spain,ES,ESP,2012,SI.POV.GINI,35.4
Spain,ES,ESP,2011,SI.POV.GINI,35.7
Spain,ES,ESP,2010,SI.POV.GINI,35.2
France,FR,FRA,2023,SI.POV.GINI,31.8
France,FR,FRA,2022,SI.POV.GINI,31.2
France,FR,FRA,2021,SI.POV.GINI,31.5
France,FR,FRA,2020,SI.POV.GINI,30.7
France,FR,FRA,2019,SI.POV.GINI,31.2
France,FR,FRA,2018,SI.POV.GINI,32.4
France,FR,FRA,2017,SI.POV.GINI,31.6
France,FR,FRA,2016,SI.POV.GINI,31.9
France,FR,FRA,2015,SI.POV.GINI,32.7
France,FR,FRA,2014,SI.POV.GINI,32.3
France,FR,FRA,2013,SI.POV.GINI,32.5
France,FR,FRA,2012,SI.POV.GINI,33.1
France,FR,FRA,2011,SI.POV.GINI,33.3
France,FR,FRA,2010,SI.POV.GINI,33.7
United Kingdom,GB,GBR,2023,SI.POV.GINI,
United Kingdom,GB,GBR,2022,SI.POV.GINI,
United Kingdom,GB,GBR,2021,SI.POV.GINI,32.4
United Kingdom,GB,GBR,2020,SI.POV.GINI,32.7
United Kingdom,GB,GBR,2019,SI.POV.GINI,32.8
United Kingdom,GB,GBR,2018,SI.POV.GINI,33.7
United Kingdom,GB,GBR,2017,SI.POV.GINI,32.6
United Kingdom,GB,GBR,2016,SI.POV.GINI,33.1
United Kingdom,GB,GBR,2015,SI.POV.GINI,33.3
United Kingdom,GB,GBR,2014,SI.POV.GINI,33.1
United Kingdom,GB,GBR,2013,SI.POV.GINI,32.7
United Kingdom,GB,GBR,2012,SI.POV.GINI,33.1
United Kingdom,GB,GBR,2011,SI.POV.GINI,33.2
United Kingdom,GB,GBR,2010,SI.POV.GINI,33.7
Italy,IT,ITA,2023,SI.POV.GINI,34.3
Italy,IT,ITA,2022,SI.POV.GINI,33.7
Italy,IT,ITA,2021,SI.POV.GINI,34.8
Italy,IT,ITA,2020,SI.POV.GINI,35.2
Italy,IT,ITA,2019,SI.POV.GINI,34.6
Italy,IT,ITA,2018,SI.POV.GINI,35.2
Italy,IT,ITA,2017,SI.POV.GINI,35.9
Italy,IT,ITA,2016,SI.POV.GINI,35.2
Italy,IT,ITA,2015,SI.POV.GINI,35.4
Italy,IT,ITA,2014,SI.POV.GINI,34.7
Italy,IT,ITA,2013,SI.POV.GINI,34.9
Italy,IT,ITA,2012,SI.POV.GINI,35.2
Italy,IT,ITA,2011,SI.POV.GINI,35.1
Italy,IT,ITA,2010,SI.POV.GINI,34.7
Japan,JP,JPN,2023,SI.POV.GINI,
Japan,JP,JPN,2022,SI.POV.GINI,
Japan,JP,JPN,2021,SI.POV.GINI,
Japan,JP,JPN,2020,SI.POV.GINI,32.3
Japan,JP,JPN,2019,SI.POV.GINI,33
Japan,JP,JPN,2018,SI.POV.GINI,32.9
Japan,JP,JPN,2017,SI.POV.GINI,31.8
Japan,JP,JPN,2016,SI.POV.GINI,31.8
Japan,JP,JPN,2015,SI.POV.GINI,30.7
Japan,JP,JPN,2014,SI.POV.GINI,31.3
Japan,JP,JPN,2013,SI.POV.GINI,31.5
Japan,JP,JPN,2012,SI.POV.GINI,32.5
Japan,JP,JPN,2011,SI.POV.GINI,33
Japan,JP,JPN,2010,SI.POV.GINI,31.5
Mexico,MX,MEX,2023,SI.POV.GINI,
Mexico,MX,MEX,2022,SI.POV.GINI,43.5
Mexico,MX,MEX,2021,SI.POV.GINI,
Mexico,MX,MEX,2020,SI.POV.GINI,44.6
Mexico,MX,MEX,2019,SI.POV.GINI,
Mexico,MX,MEX,2018,SI.POV.GINI,46
Mexico,MX,MEX,2017,SI.POV.GINI,
Mexico,MX,MEX,2016,SI.POV.GINI,46.9
Mexico,MX,MEX,2015,SI.POV.GINI,
Mexico,MX,MEX,2014,SI.POV.GINI,48.9
Mexico,MX,MEX,2013,SI.POV.GINI,
Mexico,MX,MEX,2012,SI.POV.GINI,49.6
Mexico,MX,MEX,2011,SI.POV.GINI,
Mexico,MX,MEX,2010,SI.POV.GINI,47.7
Netherlands,NL,NLD,2023,SI.POV.GINI,
Netherlands,NL,NLD,2022,SI.POV.GINI,
Netherlands,NL,NLD,2021,SI.POV.GINI,25.7
Netherlands,NL,NLD,2020,SI.POV.GINI,26
Netherlands,NL,NLD,2019,SI.POV.GINI,29.2
Netherlands,NL,NLD,2018,SI.POV.GINI,28.1
Netherlands,NL,NLD,2017,SI.POV.GINI,28.5
Netherlands,NL,NLD,2016,SI.POV.GINI,28.2
Netherlands,NL,NLD,2015,SI.POV.GINI,28.2
Netherlands,NL,NLD,2014,SI.POV.GINI,28.6
Netherlands,NL,NLD,2013,SI.POV.GINI,28.1
Netherlands,NL,NLD,2012,SI.POV.GINI,27.6
Netherlands,NL,NLD,2011,SI.POV.GINI,27.8
Netherlands,NL,NLD,2010,SI.POV.GINI,27.8
Poland,PL,POL,2023,SI.POV.GINI,28.5
Poland,PL,POL,2022,SI.POV.GINI,28.9
Poland,PL,POL,2021,SI.POV.GINI,28.5
Poland,PL,POL,2020,SI.POV.GINI,28.5
Poland,PL,POL,2019,SI.POV.GINI,28.8
Poland,PL,POL,2018,SI.POV.GINI,30.2
Poland,PL,POL,2017,SI.POV.GINI,29.7
Poland,PL,POL,2016,SI.POV.GINI,31.2
Poland,PL,POL,2015,SI.POV.GINI,31.8
Poland,PL,POL,2014,SI.POV.GINI,32.8
Poland,PL,POL,2013,SI.POV.GINI,33.1
Poland,PL,POL,2012,SI.POV.GINI,33
Poland,PL,POL,2011,SI.POV.GINI,33.2
Poland,PL,POL,2010,SI.POV.GINI,33.2
Sweden,SE,SWE,2023,SI.POV.GINI,29.3
Sweden,SE,SWE,2022,SI.POV.GINI,31.6
Sweden,SE,SWE,2021,SI.POV.GINI,29.8
Sweden,SE,SWE,2020,SI.POV.GINI,28.9
Sweden,SE,SWE,2019,SI.POV.GINI,29.3
Sweden,SE,SWE,2018,SI.POV.GINI,30
Sweden,SE,SWE,2017,SI.POV.GINI,28.8
Sweden,SE,SWE,2016,SI.POV.GINI,29.6
Sweden,SE,SWE,2015,SI.POV.GINI,29.2
Sweden,SE,SWE,2014,SI.POV.GINI,28.4
Sweden,SE,SWE,2013,SI.POV.GINI,28.8
Sweden,SE,SWE,2012,SI.POV.GINI,27.6
Sweden,SE,SWE,2011,SI.POV.GINI,27.6
Sweden,SE,SWE,2010,SI.POV.GINI,27.7
United States,US,USA,2023,SI.POV.GINI,41.8
United States,US,USA,2022,SI.POV.GINI,41.7
United States,US,USA,2021,SI.POV.GINI,39.7
United States,US,USA,2020,SI.POV.GINI,40
United States,US,USA,2019,SI.POV.GINI,41.9
United States,US,USA,2018,SI.POV.GINI,41.8
United States,US,USA,2017,SI.POV.GINI,41.4
United States,US,USA,2016,SI.POV.GINI,41.3
United States,US,USA,2015,SI.POV.GINI,41.5
United States,US,USA,2014,SI.POV.GINI,41.7
United States,US,USA,2013,SI.POV.GINI,40.9
United States,US,USA,2012,SI.POV.GINI,41.2
United States,US,USA,2011,SI.POV.GINI,41.2
United States,US,USA,2010,SI.POV.GINI,40.2
Australia,AU,AUS,2023,SI.POV.GINI,
Australia,AU,AUS,2022,SI.POV.GINI,
Australia,AU,AUS,2021,SI.POV.GINI,
Australia,AU,AUS,2020,SI.POV.GINI,33.8
Australia,AU,AUS,2019,SI.POV.GINI,
Australia,AU,AUS,2018,SI.POV.GINI,34.3
Australia,AU,AUS,2017,SI.POV.GINI,
Australia,AU,AUS,2016,SI.POV.GINI,33.7
Australia,AU,AUS,2015,SI.POV.GINI,
Australia,AU,AUS,2014,SI.POV.GINI,34.4
Australia,AU,AUS,2013,SI.POV.GINI,
Australia,AU,AUS,2012,SI.POV.GINI,
Australia,AU,AUS,2011,SI.POV.GINI,
Australia,AU,AUS,2010,SI.POV.GINI,34.7
Chile,CL,CHL,2023,SI.POV.GINI,
Chile,CL,CHL,2022,SI.POV.GINI,43.2
Chile,CL,CHL,2021,SI.POV.GINI,
Chile,CL,CHL,2020,SI.POV.GINI,47
Chile,CL,CHL,2019,SI.POV.GINI,
Chile,CL,CHL,2018,SI.POV.GINI,
Chile,CL,CHL,2017,SI.POV.GINI,45.3
Chile,CL,CHL,2016,SI.POV.GINI,
Chile,CL,CHL,2015,SI.POV.GINI,45.3
Chile,CL,CHL,2014,SI.POV.GINI,
Chile,CL,CHL,2013,SI.POV.GINI,46.8
Chile,CL,CHL,2012,SI.POV.GINI,
Chile,CL,CHL,2011,SI.POV.GINI,46.9
Chile,CL,CHL,2010,SI.POV.GINI,
Colombia,CO,COL,2023,SI.POV.GINI,54.6
Colombia,CO,COL,2022,SI.POV.GINI,54.8
Colombia,CO,COL,2021,SI.POV.GINI,55.1
Colombia,CO,COL,2020,SI.POV.GINI,54.4
Colombia,CO,COL,2019,SI.POV.GINI,52.5
Colombia,CO,COL,2018,SI.POV.GINI,51.6
Colombia,CO,COL,2017,SI.POV.GINI,50.9
Colombia,CO,COL,2016,SI.POV.GINI,51.7
Colombia,CO,COL,2015,SI.POV.GINI,52
Colombia,CO,COL,2014,SI.POV.GINI,53.6
Colombia,CO,COL,2013,SI.POV.GINI,53.5
Colombia,CO,COL,2012,SI.POV.GINI,53.6
Colombia,CO,COL,2011,SI.POV.GINI,53.3
Colombia,CO,COL,2010,SI.POV.GINI,54.4
"Egypt, Arab Rep.",EG,EGY,2023,SI.POV.GINI,
"Egypt, Arab Rep.",EG,EGY,2022,SI.POV.GINI,
"Egypt, Arab Rep.",EG,EGY,2021,SI.POV.GINI,28.5
"Egypt, Arab Rep.",EG,EGY,2020,SI.POV.GINI,
"Egypt, Arab Rep.",EG,EGY,2019,SI.POV.GINI,31.9
"Egypt, Arab Rep.",EG,EGY,2018,SI.POV.GINI,
"Egypt, Arab Rep.",EG,EGY,2017,SI.POV.GINI,31.5
"Egypt, Arab Rep.",EG,EGY,2016,SI.POV.GINI,
"Egypt, Arab Rep.",EG,EGY,2015,SI.POV.GINI,31.8
"Egypt, Arab Rep.",EG,EGY,2014,SI.POV.GINI,
"Egypt, Arab Rep.",EG,EGY,2013,SI.POV.GINI,
"Egypt, Arab Rep.",EG,EGY,2012,SI.POV.GINI,28.3
"Egypt, Arab Rep.",EG,EGY,2011,SI.POV.GINI,
"Egypt, Arab Rep.",EG,EGY,2010,SI.POV.GINI,30.2
Indonesia,ID,IDN,2023,SI.POV.GINI,36.1
Indonesia,ID,IDN,2022,SI.POV.GINI,35.5
Indonesia,ID,IDN,2021,SI.POV.GINI,35.5
Indonesia,ID,IDN,2020,SI.POV.GINI,35.3
Indonesia,ID,IDN,2019,SI.POV.GINI,35.4
Indonesia,ID,IDN,2018,SI.POV.GINI,36.3
Indonesia,ID,IDN,2017,SI.POV.GINI,36.4
Indonesia,ID,IDN,2016,SI.POV.GINI,36.9
Indonesia,ID,IDN,2015,SI.POV.GINI,38.2
Indonesia,ID,IDN,2014,SI.POV.GINI,38.8
Indonesia,ID,IDN,2013,SI.POV.GINI,38.9
Indonesia,ID,IDN,2012,SI.POV.GINI,37.1
Indonesia,ID,IDN,2011,SI.POV.GINI,37.9
Indonesia,ID,IDN,2010,SI.POV.GINI,34.6
India,IN,IND,2023,SI.POV.GINI,
India,IN,IND,2022,SI.POV.GINI,25.5
India,IN,IND,2021,SI.POV.GINI,
India,IN,IND,2020,SI.POV.GINI,
India,IN,IND,2019,SI.POV.GINI,
India,IN,IND,2018,SI.POV.GINI,
India,IN,IND,2017,SI.POV.GINI,
India,IN,IND,2016,SI.POV.GINI,
India,IN,IND,2015,SI.POV.GINI,
India,IN,IND,2014,SI.POV.GINI,
India,IN,IND,2013,SI.POV.GINI,
India,IN,IND,2012,SI.POV.GINI,
India,IN,IND,2011,SI.POV.GINI,28.8
India,IN,IND,2010,SI.POV.GINI,
"Korea, Rep.",KR,KOR,2023,SI.POV.GINI,
"Korea, Rep.",KR,KOR,2022,SI.POV.GINI,
"Korea, Rep.",KR,KOR,2021,SI.POV.GINI,32.9
"Korea, Rep.",KR,KOR,2020,SI.POV.GINI,32.7
"Korea, Rep.",KR,KOR,2019,SI.POV.GINI,33.2
"Korea, Rep.",KR,KOR,2018,SI.POV.GINI,33.7
"Korea, Rep.",KR,KOR,2017,SI.POV.GINI,34.9
"Korea, Rep.",KR,KOR,2016,SI.POV.GINI,35.2
"Korea, Rep.",KR,KOR,2015,SI.POV.GINI,
"Korea, Rep.",KR,KOR,2014,SI.POV.GINI,31.2
"Korea, Rep.",KR,KOR,2013,SI.POV.GINI,
"Korea, Rep.",KR,KOR,2012,SI.POV.GINI,31.6
"Korea, Rep.",KR,KOR,2011,SI.POV.GINI,
"Korea, Rep.",KR,KOR,2010,SI.POV.GINI,32
Nigeria,NG,NGA,2023,SI.POV.GINI,
Nigeria,NG,NGA,2022,SI.POV.GINI,33.9
Nigeria,NG,NGA,2021,SI.POV.GINI,
Nigeria,NG,NGA,2020,SI.POV.GINI,
Nigeria,NG,NGA,2019,SI.POV.GINI,
Nigeria,NG,NGA,2018,SI.POV.GINI,35.1
Nigeria,NG,NGA,2017,SI.POV.GINI,
Nigeria,NG,NGA,2016,SI.POV.GINI,
Nigeria,NG,NGA,2015,SI.POV.GINI,35.9
Nigeria,NG,NGA,2014,SI.POV.GINI,
Nigeria,NG,NGA,2013,SI.POV.GINI,
Nigeria,NG,NGA,2012,SI.POV.GINI,35.5
Nigeria,NG,NGA,2011,SI.POV.GINI,
Nigeria,NG,NGA,2010,SI.POV.GINI,35.7
Russian Federation,RU,RUS,2023,SI.POV.GINI,33
Russian Federation,RU,RUS,2022,SI.POV.GINI,33.9
Russian Federation,RU,RUS,2021,SI.POV.GINI,35.1
Russian Federation,RU,RUS,2020,SI.POV.GINI,33.7
Russian Federation,RU,RUS,2019,SI.POV.GINI,35.7
Russian Federation,RU,RUS,2018,SI.POV.GINI,35.3
Russian Federation,RU,RUS,2017,SI.POV.GINI,35.5
Russian Federation,RU,RUS,2016,SI.POV.GINI,36.7
Russian Federation,RU,RUS,2015,SI.POV.GINI,36.5
Russian Federation,RU,RUS,2014,SI.POV.GINI,36.9
Russian Federation,RU,RUS,2013,SI.POV.GINI,40.9
Russian Federation,RU,RUS,2012,SI.POV.GINI,40.7
Russian Federation,RU,RUS,2011,SI.POV.GINI,39.7
Russian Federation,RU,RUS,2010,SI.POV.GINI,39.5
Saudi Arabia,SA,SAU,2023,SI.POV.GINI,
Saudi Arabia,SA,SAU,2022,SI.POV.GINI,
Saudi Arabia,SA,SAU,2021,SI.POV.GINI,
Saudi Arabia,SA,SAU,2020,SI.POV.GINI,
Saudi Arabia,SA,SAU,2019,SI.POV.GINI,
Saudi Arabia,SA,SAU,2018,SI.POV.GINI,
Saudi Arabia,SA,SAU,2017,SI.POV.GINI,
Saudi Arabia,SA,SAU,2016,SI.POV.GINI,
Saudi Arabia,SA,SAU,2015,SI.POV.GINI,
Saudi Arabia,SA,SAU,2014,SI.POV.GINI,
Saudi Arabia,SA,SAU,2013,SI.POV.GINI,
Saudi Arabia,SA,SAU,2012,SI.POV.GINI,
Saudi Arabia,SA,SAU,2011,SI.POV.GINI,
Saudi Arabia,SA,SAU,2010,SI.POV.GINI,
Singapore,SG,SGP,2023,SI.POV.GINI,
Singapore,SG,SGP,2022,SI.POV.GINI,
Singapore,SG,SGP,2021,SI.POV.GINI,
Singapore,SG,SGP,2020,SI.POV.GINI,
Singapore,SG,SGP,2019,SI.POV.GINI,
Singapore,SG,SGP,2018,SI.POV.GINI,
Singapore,SG,SGP,2017,SI.POV.GINI,
Singapore,SG,SGP,2016,SI.POV.GINI,
Singapore,SG,SGP,2015,SI.POV.GINI,
Singapore,SG,SGP,2014,SI.POV.GINI,
Singapore,SG,SGP,2013,SI.POV.GINI,
Singapore,SG,SGP,2012,SI.POV.GINI,
Singapore,SG,SGP,2011,SI.POV.GINI,
Singapore,SG,SGP,2010,SI.POV.GINI,
Turkiye,TR,TUR,2023,SI.POV.GINI,43.7
Turkiye,TR,TUR,2022,SI.POV.GINI,44.5
Turkiye,TR,TUR,2021,SI.POV.GINI,44.4
Turkiye,TR,TUR,2020,SI.POV.GINI,43
Turkiye,TR,TUR,2019,SI.POV.GINI,43.8
Turkiye,TR,TUR,2018,SI.POV.GINI,42.4
Turkiye,TR,TUR,2017,SI.POV.GINI,43.5
Turkiye,TR,TUR,2016,SI.POV.GINI,41.9
Turkiye,TR,TUR,2015,SI.POV.GINI,42.9
Turkiye,TR,TUR,2014,SI.POV.GINI,41.2
Turkiye,TR,TUR,2013,SI.POV.GINI,40.2
Turkiye,TR,TUR,2012,SI.POV.GINI,40.2
Turkiye,TR,TUR,2011,SI.POV.GINI,40
Turkiye,TR,TUR,2010,SI.POV.GINI,38.8
Viet Nam,VN,VNM,2023,SI.POV.GINI,
Viet Nam,VN,VNM,2022,SI.POV.GINI,36.1
Viet Nam,VN,VNM,2021,SI.POV.GINI,
Viet Nam,VN,VNM,2020,SI.POV.GINI,36.8
Viet Nam,VN,VNM,2019,SI.POV.GINI,
Viet Nam,VN,VNM,2018,SI.POV.GINI,35.7
Viet Nam,VN,VNM,2017,SI.POV.GINI,
Viet Nam,VN,VNM,2016,SI.POV.GINI,35.3
Viet Nam,VN,VNM,2015,SI.POV.GINI,
Viet Nam,VN,VNM,2014,SI.POV.GINI,34.8
Viet Nam,VN,VNM,2013,SI.POV.GINI,
Viet Nam,VN,VNM,2012,SI.POV.GINI,35.6
Viet Nam,VN,VNM,2011,SI.POV.GINI,
Viet Nam,VN,VNM,2010,SI.POV.GINI,39.3
South Africa,ZA,ZAF,2023,SI.POV.GINI,
South Africa,ZA,ZAF,2022,SI.POV.GINI,54.1
South Africa,ZA,ZAF,2021,SI.POV.GINI,
South Africa,ZA,ZAF,2020,SI.POV.GINI,
South Africa,ZA,ZAF,2019,SI.POV.GINI,
South Africa,ZA,ZAF,2018,SI.POV.GINI,
South Africa,ZA,ZAF,2017,SI.POV.GINI,
South Africa,ZA,ZAF,2016,SI.POV.GINI,
South Africa,ZA,ZAF,2015,SI.POV.GINI,
South Africa,ZA,ZAF,2014,SI.POV.GINI,59.6
South Africa,ZA,ZAF,2013,SI.POV.GINI,
South Africa,ZA,ZAF,2012,SI.POV.GINI,
South Africa,ZA,ZAF,2011,SI.POV.GINI,
South Africa,ZA,ZAF,2010,SI.POV.GINI,60.9
Argentina,AR,ARG,2023,SI.DST.05TH.20,47.8
Argentina,AR,ARG,2022,SI.DST.05TH.20,46.6
Argentina,AR,ARG,2021,SI.DST.05TH.20,47.8
Argentina,AR,ARG,2020,SI.DST.05TH.20,47.7
Argentina,AR,ARG,2019,SI.DST.05TH.20,48.3
Argentina,AR,ARG,2018,SI.DST.05TH.20,46.9
Argentina,AR,ARG,2017,SI.DST.05TH.20,46.7
Argentina,AR,ARG,2016,SI.DST.05TH.20,47.5
Argentina,AR,ARG,2015,SI.DST.05TH.20,
Argentina,AR,ARG,2014,SI.DST.05TH.20,47
Argentina,AR,ARG,2013,SI.DST.05TH.20,46.2
Argentina,AR,ARG,2012,SI.DST.05TH.20,46.6
Argentina,AR,ARG,2011,SI.DST.05TH.20,47.9
Argentina,AR,ARG,2010,SI.DST.05TH.20,48.6
Brazil,BR,BRA,2023,SI.DST.05TH.20,56.5
Brazil,BR,BRA,2022,SI.DST.05TH.20,56.8
Brazil,BR,BRA,2021,SI.DST.05TH.20,57.4
Brazil,BR,BRA,2020,SI.DST.05TH.20,54.6
Brazil,BR,BRA,2019,SI.DST.05TH.20,57.8
Brazil,BR,BRA,2018,SI.DST.05TH.20,58.3
Brazil,BR,BRA,2017,SI.DST.05TH.20,57.8
Brazil,BR,BRA,2016,SI.DST.05TH.20,58
Brazil,BR,BRA,2015,SI.DST.05TH.20,56.7
Brazil,BR,BRA,2014,SI.DST.05TH.20,56.9
Brazil,BR,BRA,2013,SI.DST.05TH.20,57.5
Brazil,BR,BRA,2012,SI.DST.05TH.20,58.1
Brazil,BR,BRA,2011,SI.DST.05TH.20,57.5
Brazil,BR,BRA,2010,SI.DST.05TH.20,
Canada,CA,CAN,2023,SI.DST.05TH.20,
Canada,CA,CAN,2022,SI.DST.05TH.20,39.5
Canada,CA,CAN,2021,SI.DST.05TH.20,39.4
Canada,CA,CAN,2020,SI.DST.05TH.20,38.5
Canada,CA,CAN,2019,SI.DST.05TH.20,39.4
Canada,CA,CAN,2018,SI.DST.05TH.20,40
Canada,CA,CAN,2017,SI.DST.05TH.20,40.6
Canada,CA,CAN,2016,SI.DST.05TH.20,40.2
Canada,CA,CAN,2015,SI.DST.05TH.20,40.9
Canada,CA,CAN,2014,SI.DST.05TH.20,40.4
Canada,CA,CAN,2013,SI.DST.05TH.20,40.6
Canada,CA,CAN,2012,SI.DST.05TH.20,40.6
Canada,CA,CAN,2011,SI.DST.05TH.20,40.2
Canada,CA,CAN,2010,SI.DST.05TH.20,40.9
China,CN,CHN,2023,SI.DST.05TH.20,
China,CN,CHN,2022,SI.DST.05TH.20,43.7
China,CN,CHN,2021,SI.DST.05TH.20,43.6
China,CN,CHN,2020,SI.DST.05TH.20,44.7
China,CN,CHN,2019,SI.DST.05TH.20,45.3
China,CN,CHN,2018,SI.DST.05TH.20,45.4
China,CN,CHN,2017,SI.DST.05TH.20,45.9
China,CN,CHN,2016,SI.DST.05TH.20,45.3
China,CN,CHN,2015,SI.DST.05TH.20,45.4
China,CN,CHN,2014,SI.DST.05TH.20,45.8
China,CN,CHN,2013,SI.DST.05TH.20,46.3
China,CN,CHN,2012,SI.DST.05TH.20,47.8
China,CN,CHN,2011,SI.DST.05TH.20,48.1
China,CN,CHN,2010,SI.DST.05TH.20,49
Germany,DE,DEU,2023,SI.DST.05TH.20,
Germany,DE,DEU,2022,SI.DST.05TH.20,40.9
Germany,DE,DEU,2021,SI.DST.05TH.20,41.1
Germany,DE,DEU,2020,SI.DST.05TH.20,40.4
Germany,DE,DEU,2019,SI.DST.05TH.20,40.2
Germany,DE,DEU,2018,SI.DST.05TH.20,40
Germany,DE,DEU,2017,SI.DST.05TH.20,39.4
Germany,DE,DEU,2016,SI.DST.05TH.20,39.4
Germany,DE,DEU,2015,SI.DST.05TH.20,39.5
Germany,DE,DEU,2014,SI.DST.05TH.20,39
Germany,DE,DEU,2013,SI.DST.05TH.20,39.8
Germany,DE,DEU,2012,SI.DST.05TH.20,39.3
Germany,DE,DEU,2011,SI.DST.05TH.20,39.1
Germany,DE,DEU,2010,SI.DST.05TH.20,38.8
Spain,ES,ESP,2023,SI.DST.05TH.20,40.2
Spain,ES,ESP,2022,SI.DST.05TH.20,40.4
Spain,ES,ESP,2021,SI.DST.05TH.20,40.4
Spain,ES,ESP,2020,SI.DST.05TH.20,41
Spain,ES,ESP,2019,SI.DST.05TH.20,40.6
Spain,ES,ESP,2018,SI.DST.05TH.20,41
Spain,ES,ESP,2017,SI.DST.05TH.20,41
Spain,ES,ESP,2016,SI.DST.05TH.20,41.7
Spain,ES,ESP,2015,SI.DST.05TH.20,42.1
Spain,ES,ESP,2014,SI.DST.05TH.20,41.9
Spain,ES,ESP,2013,SI.DST.05TH.20,41.9
Spain,ES,ESP,2012,SI.DST.05TH.20,41.6
Spain,ES,ESP,2011,SI.DST.05TH.20,41.8
Spain,ES,ESP,2010,SI.DST.05TH.20,41.7
France,FR,FRA,2023,SI.DST.05TH.20,39.7
France,FR,FRA,2022,SI.DST.05TH.20,39.2
France,FR,FRA,2021,SI.DST.05TH.20,39.4
France,FR,FRA,2020,SI.DST.05TH.20,38.8
France,FR,FRA,2019,SI.DST.05TH.20,39.2
France,FR,FRA,2018,SI.DST.05TH.20,40.8
France,FR,FRA,2017,SI.DST.05TH.20,40
France,FR,FRA,2016,SI.DST.05TH.20,40.2
France,FR,FRA,2015,SI.DST.05TH.20,40.9
France,FR,FRA,2014,SI.DST.05TH.20,40.6
France,FR,FRA,2013,SI.DST.05TH.20,40.9
France,FR,FRA,2012,SI.DST.05TH.20,41.3
France,FR,FRA,2011,SI.DST.05TH.20,41.4
France,FR,FRA,2010,SI.DST.05TH.20,41.8
United Kingdom,GB,GBR,2023,SI.DST.05TH.20,
United Kingdom,GB,GBR,2022,SI.DST.05TH.20,
United Kingdom,GB,GBR,2021,SI.DST.05TH.20,40
United Kingdom,GB,GBR,2020,SI.DST.05TH.20,40.3
United Kingdom,GB,GBR,2019,SI.DST.05TH.20,40.3
United Kingdom,GB,GBR,2018,SI.DST.05TH.20,41.1
United Kingdom,GB,GBR,2017,SI.DST.05TH.20,40.2
United Kingdom,GB,GBR,2016,SI.DST.05TH.20,40.6
United Kingdom,GB,GBR,2015,SI.DST.05TH.20,40.9
United Kingdom,GB,GBR,2014,SI.DST.05TH.20,40.8
United Kingdom,GB,GBR,2013,SI.DST.05TH.20,40.5
United Kingdom,GB,GBR,2012,SI.DST.05TH.20,41
United Kingdom,GB,GBR,2011,SI.DST.05TH.20,41
United Kingdom,GB,GBR,2010,SI.DST.05TH.20,41.5
Italy,IT,ITA,2023,SI.DST.05TH.20,41.1
Italy,IT,ITA,2022,SI.DST.05TH.20,40.5
Italy,IT,ITA,2021,SI.DST.05TH.20,41.5
Italy,IT,ITA,2020,SI.DST.05TH.20,41.7
Italy,IT,ITA,2019,SI.DST.05TH.20,41.1
Italy,IT,ITA,2018,SI.DST.05TH.20,41.5
Italy,IT,ITA,2017,SI.DST.05TH.20,42.1
Italy,IT,ITA,2016,SI.DST.05TH.20,41.4
Italy,IT,ITA,2015,SI.DST.05TH.20,41.4
Italy,IT,ITA,2014,SI.DST.05TH.20,41
Italy,IT,ITA,2013,SI.DST.05TH.20,41.4
Italy,IT,ITA,2012,SI.DST.05TH.20,41.7
Italy,IT,ITA,2011,SI.DST.05TH.20,41.7
Italy,IT,ITA,2010,SI.DST.05TH.20,41.4
Japan,JP,JPN,2023,SI.DST.05TH.20,
Japan,JP,JPN,2022,SI.DST.05TH.20,
Japan,JP,JPN,2021,SI.DST.05TH.20,
Japan,JP,JPN,2020,SI.DST.05TH.20,39.4
Japan,JP,JPN,2019,SI.DST.05TH.20,39.9
Japan,JP,JPN,2018,SI.DST.05TH.20,39.9
Japan,JP,JPN,2017,SI.DST.05TH.20,39.2
Japan,JP,JPN,2016,SI.DST.05TH.20,39.2
Japan,JP,JPN,2015,SI.DST.05TH.20,38.6
Japan,JP,JPN,2014,SI.DST.05TH.20,39
Japan,JP,JPN,2013,SI.DST.05TH.20,38.8
Japan,JP,JPN,2012,SI.DST.05TH.20,39.8
Japan,JP,JPN,2011,SI.DST.05TH.20,40.1
Japan,JP,JPN,2010,SI.DST.05TH.20,38.9
Mexico,MX,MEX,2023,SI.DST.05TH.20,
Mexico,MX,MEX,2022,SI.DST.05TH.20,49.8
Mexico,MX,MEX,2021,SI.DST.05TH.20,
Mexico,MX,MEX,2020,SI.DST.05TH.20,50.7
Mexico,MX,MEX,2019,SI.DST.05TH.20,
Mexico,MX,MEX,2018,SI.DST.05TH.20,52.1
Mexico,MX,MEX,2017,SI.DST.05TH.20,
Mexico,MX,MEX,2016,SI.DST.05TH.20,52.9
Mexico,MX,MEX,2015,SI.DST.05TH.20,
Mexico,MX,MEX,2014,SI.DST.05TH.20,54.8
Mexico,MX,MEX,2013,SI.DST.05TH.20,
Mexico,MX,MEX,2012,SI.DST.05TH.20,55.2
Mexico,MX,MEX,2011,SI.DST.05TH.20,
Mexico,MX,MEX,2010,SI.DST.05TH.20,53.2
Netherlands,NL,NLD,2023,SI.DST.05TH.20,
Netherlands,NL,NLD,2022,SI.DST.05TH.20,
Netherlands,NL,NLD,2021,SI.DST.05TH.20,35.2
Netherlands,NL,NLD,2020,SI.DST.05TH.20,35.4
Netherlands,NL,NLD,2019,SI.DST.05TH.20,38
Netherlands,NL,NLD,2018,SI.DST.05TH.20,37.2
Netherlands,NL,NLD,2017,SI.DST.05TH.20,37.6
Netherlands,NL,NLD,2016,SI.DST.05TH.20,37.2
Netherlands,NL,NLD,2015,SI.DST.05TH.20,37.4
Netherlands,NL,NLD,2014,SI.DST.05TH.20,37.7
Netherlands,NL,NLD,2013,SI.DST.05TH.20,37.2
Netherlands,NL,NLD,2012,SI.DST.05TH.20,36.9
Netherlands,NL,NLD,2011,SI.DST.05TH.20,37
Netherlands,NL,NLD,2010,SI.DST.05TH.20,36.9
Poland,PL,POL,2023,SI.DST.05TH.20,37.3
Poland,PL,POL,2022,SI.DST.05TH.20,37.6
Poland,PL,POL,2021,SI.DST.05TH.20,37.3
Poland,PL,POL,2020,SI.DST.05TH.20,37.3
Poland,PL,POL,2019,SI.DST.05TH.20,37.6
Poland,PL,POL,2018,SI.DST.05TH.20,38.6
Poland,PL,POL,2017,SI.DST.05TH.20,38.2
Poland,PL,POL,2016,SI.DST.05TH.20,39.4
Poland,PL,POL,2015,SI.DST.05TH.20,39.3
Poland,PL,POL,2014,SI.DST.05TH.20,40.3
Poland,PL,POL,2013,SI.DST.05TH.20,40.5
Poland,PL,POL,2012,SI.DST.05TH.20,40.4
Poland,PL,POL,2011,SI.DST.05TH.20,40.6
Poland,PL,POL,2010,SI.DST.05TH.20,40.7
Sweden,SE,SWE,2023,SI.DST.05TH.20,37.2
Sweden,SE,SWE,2022,SI.DST.05TH.20,39.1
Sweden,SE,SWE,2021,SI.DST.05TH.20,37.7
Sweden,SE,SWE,2020,SI.DST.05TH.20,37.2
Sweden,SE,SWE,2019,SI.DST.05TH.20,37.5
Sweden,SE,SWE,2018,SI.DST.05TH.20,37.8
Sweden,SE,SWE,2017,SI.DST.05TH.20,37.1
Sweden,SE,SWE,2016,SI.DST.05TH.20,37.8
Sweden,SE,SWE,2015,SI.DST.05TH.20,37.6
Sweden,SE,SWE,2014,SI.DST.05TH.20,37
Sweden,SE,SWE,2013,SI.DST.05TH.20,37
Sweden,SE,SWE,2012,SI.DST.05TH.20,36.4
Sweden,SE,SWE,2011,SI.DST.05TH.20,36.3
Sweden,SE,SWE,2010,SI.DST.05TH.20,36.6
United States,US,USA,2023,SI.DST.05TH.20,47.2
United States,US,USA,2022,SI.DST.05TH.20,47.1
United States,US,USA,2021,SI.DST.05TH.20,46
United States,US,USA,2020,SI.DST.05TH.20,45.8
United States,US,USA,2019,SI.DST.05TH.20,47.3
United States,US,USA,2018,SI.DST.05TH.20,47.2
United States,US,USA,2017,SI.DST.05TH.20,46.8
United States,US,USA,2016,SI.DST.05TH.20,46.9
United States,US,USA,2015,SI.DST.05TH.20,47.1
United States,US,USA,2014,SI.DST.05TH.20,47.4
United States,US,USA,2013,SI.DST.05TH.20,46.4
United States,US,USA,2012,SI.DST.05TH.20,46.6
United States,US,USA,2011,SI.DST.05TH.20,46.6
United States,US,USA,2010,SI.DST.05TH.20,45.8
Australia,AU,AUS,2023,SI.DST.05TH.20,
Australia,AU,AUS,2022,SI.DST.05TH.20,
Australia,AU,AUS,2021,SI.DST.05TH.20,
Australia,AU,AUS,2020,SI.DST.05TH.20,41.3
Australia,AU,AUS,2019,SI.DST.05TH.20,
Australia,AU,AUS,2018,SI.DST.05TH.20,41.8
Australia,AU,AUS,2017,SI.DST.05TH.20,
Australia,AU,AUS,2016,SI.DST.05TH.20,41.1
Australia,AU,AUS,2015,SI.DST.05TH.20,
Australia,AU,AUS,2014,SI.DST.05TH.20,42.2
Australia,AU,AUS,2013,SI.DST.05TH.20,
Australia,AU,AUS,2012,SI.DST.05TH.20,
Australia,AU,AUS,2011,SI.DST.05TH.20,
Australia,AU,AUS,2010,SI.DST.05TH.20,42
Chile,CL,CHL,2023,SI.DST.05TH.20,
Chile,CL,CHL,2022,SI.DST.05TH.20,50
Chile,CL,CHL,2021,SI.DST.05TH.20,
Chile,CL,CHL,2020,SI.DST.05TH.20,53.3
Chile,CL,CHL,2019,SI.DST.05TH.20,
Chile,CL,CHL,2018,SI.DST.05TH.20,
Chile,CL,CHL,2017,SI.DST.05TH.20,52
Chile,CL,CHL,2016,SI.DST.05TH.20,
Chile,CL,CHL,2015,SI.DST.05TH.20,52.1
Chile,CL,CHL,2014,SI.DST.05TH.20,
Chile,CL,CHL,2013,SI.DST.05TH.20,53.6
Chile,CL,CHL,2012,SI.DST.05TH.20,
Chile,CL,CHL,2011,SI.DST.05TH.20,53.4
Chile,CL,CHL,2010,SI.DST.05TH.20,
Colombia,CO,COL,2023,SI.DST.05TH.20,59.2
Colombia,CO,COL,2022,SI.DST.05TH.20,59.6
Colombia,CO,COL,2021,SI.DST.05TH.20,59.8
Colombia,CO,COL,2020,SI.DST.05TH.20,58.3
Colombia,CO,COL,2019,SI.DST.05TH.20,56.7
Colombia,CO,COL,2018,SI.DST.05TH.20,56.1
Colombia,CO,COL,2017,SI.DST.05TH.20,55.5
Colombia,CO,COL,2016,SI.DST.05TH.20,56.1
Colombia,CO,COL,2015,SI.DST.05TH.20,56.3
Colombia,CO,COL,2014,SI.DST.05TH.20,57.8
Colombia,CO,COL,2013,SI.DST.05TH.20,57.8
Colombia,CO,COL,2012,SI.DST.05TH.20,57.8
Colombia,CO,COL,2011,SI.DST.05TH.20,58
Colombia,CO,COL,2010,SI.DST.05TH.20,59
"Egypt, Arab Rep.",EG,EGY,2023,SI.DST.05TH.20,
"Egypt, Arab Rep.",EG,EGY,2022,SI.DST.05TH.20,
"Egypt, Arab Rep.",EG,EGY,2021,SI.DST.05TH.20,38.6
"Egypt, Arab Rep.",EG,EGY,2020,SI.DST.05TH.20,
"Egypt, Arab Rep.",EG,EGY,2019,SI.DST.05TH.20,41.3
"Egypt, Arab Rep.",EG,EGY,2018,SI.DST.05TH.20,
"Egypt, Arab Rep.",EG,EGY,2017,SI.DST.05TH.20,41
"Egypt, Arab Rep.",EG,EGY,2016,SI.DST.05TH.20,
"Egypt, Arab Rep.",EG,EGY,2015,SI.DST.05TH.20,41.5
"Egypt, Arab Rep.",EG,EGY,2014,SI.DST.05TH.20,
"Egypt, Arab Rep.",EG,EGY,2013,SI.DST.05TH.20,
"Egypt, Arab Rep.",EG,EGY,2012,SI.DST.05TH.20,38.6
"Egypt, Arab Rep.",EG,EGY,2011,SI.DST.05TH.20,
"Egypt, Arab Rep.",EG,EGY,2010,SI.DST.05TH.20,40.1
Indonesia,ID,IDN,2023,SI.DST.05TH.20,44.6
Indonesia,ID,IDN,2022,SI.DST.05TH.20,44
Indonesia,ID,IDN,2021,SI.DST.05TH.20,43.5
Indonesia,ID,IDN,2020,SI.DST.05TH.20,43.3
Indonesia,ID,IDN,2019,SI.DST.05TH.20,43.2
Indonesia,ID,IDN,2018,SI.DST.05TH.20,44
Indonesia,ID,IDN,2017,SI.DST.05TH.20,44.1
Indonesia,ID,IDN,2016,SI.DST.05TH.20,44.6
Indonesia,ID,IDN,2015,SI.DST.05TH.20,46.3
Indonesia,ID,IDN,2014,SI.DST.05TH.20,46.7
Indonesia,ID,IDN,2013,SI.DST.05TH.20,47
Indonesia,ID,IDN,2012,SI.DST.05TH.20,45.4
Indonesia,ID,IDN,2011,SI.DST.05TH.20,46
Indonesia,ID,IDN,2010,SI.DST.05TH.20,42.9
India,IN,IND,2023,SI.DST.05TH.20,
India,IN,IND,2022,SI.DST.05TH.20,36.1
India,IN,IND,2021,SI.DST.05TH.20,
India,IN,IND,2020,SI.DST.05TH.20,
India,IN,IND,2019,SI.DST.05TH.20,
India,IN,IND,2018,SI.DST.05TH.20,
India,IN,IND,2017,SI.DST.05TH.20,
India,IN,IND,2016,SI.DST.05TH.20,
India,IN,IND,2015,SI.DST.05TH.20,
India,IN,IND,2014,SI.DST.05TH.20,
India,IN,IND,2013,SI.DST.05TH.20,
India,IN,IND,2012,SI.DST.05TH.20,
India,IN,IND,2011,SI.DST.05TH.20,38.8
India,IN,IND,2010,SI.DST.05TH.20,
"Korea, Rep.",KR,KOR,2023,SI.DST.05TH.20,
"Korea, Rep.",KR,KOR,2022,SI.DST.05TH.20,
"Korea, Rep.",KR,KOR,2021,SI.DST.05TH.20,40.3
"Korea, Rep.",KR,KOR,2020,SI.DST.05TH.20,40.3
"Korea, Rep.",KR,KOR,2019,SI.DST.05TH.20,40.5
"Korea, Rep.",KR,KOR,2018,SI.DST.05TH.20,40.7
"Korea, Rep.",KR,KOR,2017,SI.DST.05TH.20,41.6
"Korea, Rep.",KR,KOR,2016,SI.DST.05TH.20,41.9
"Korea, Rep.",KR,KOR,2015,SI.DST.05TH.20,
"Korea, Rep.",KR,KOR,2014,SI.DST.05TH.20,38.9
"Korea, Rep.",KR,KOR,2013,SI.DST.05TH.20,
"Korea, Rep.",KR,KOR,2012,SI.DST.05TH.20,39
"Korea, Rep.",KR,KOR,2011,SI.DST.05TH.20,
"Korea, Rep.",KR,KOR,2010,SI.DST.05TH.20,39.5
Nigeria,NG,NGA,2023,SI.DST.05TH.20,
Nigeria,NG,NGA,2022,SI.DST.05TH.20,41.6
Nigeria,NG,NGA,2021,SI.DST.05TH.20,
Nigeria,NG,NGA,2020,SI.DST.05TH.20,
Nigeria,NG,NGA,2019,SI.DST.05TH.20,
Nigeria,NG,NGA,2018,SI.DST.05TH.20,42.4
Nigeria,NG,NGA,2017,SI.DST.05TH.20,
Nigeria,NG,NGA,2016,SI.DST.05TH.20,
Nigeria,NG,NGA,2015,SI.DST.05TH.20,43.1
Nigeria,NG,NGA,2014,SI.DST.05TH.20,
Nigeria,NG,NGA,2013,SI.DST.05TH.20,
Nigeria,NG,NGA,2012,SI.DST.05TH.20,42.8
Nigeria,NG,NGA,2011,SI.DST.05TH.20,
Nigeria,NG,NGA,2010,SI.DST.05TH.20,42.9
Russian Federation,RU,RUS,2023,SI.DST.05TH.20,41
Russian Federation,RU,RUS,2022,SI.DST.05TH.20,41.6
Russian Federation,RU,RUS,2021,SI.DST.05TH.20,42.4
Russian Federation,RU,RUS,2020,SI.DST.05TH.20,41.3
Russian Federation,RU,RUS,2019,SI.DST.05TH.20,42.7
Russian Federation,RU,RUS,2018,SI.DST.05TH.20,42.3
Russian Federation,RU,RUS,2017,SI.DST.05TH.20,42.3
Russian Federation,RU,RUS,2016,SI.DST.05TH.20,43.2
Russian Federation,RU,RUS,2015,SI.DST.05TH.20,42.9
Russian Federation,RU,RUS,2014,SI.DST.05TH.20,43.4
Russian Federation,RU,RUS,2013,SI.DST.05TH.20,48
Russian Federation,RU,RUS,2012,SI.DST.05TH.20,47.8
Russian Federation,RU,RUS,2011,SI.DST.05TH.20,47
Russian Federation,RU,RUS,2010,SI.DST.05TH.20,46.6
Saudi Arabia,SA,SAU,2023,SI.DST.05TH.20,
Saudi Arabia,SA,SAU,2022,SI.DST.05TH.20,
Saudi Arabia,SA,SAU,2021,SI.DST.05TH.20,
Saudi Arabia,SA,SAU,2020,SI.DST.05TH.20,
Saudi Arabia,SA,SAU,2019,SI.DST.05TH.20,
Saudi Arabia,SA,SAU,2018,SI.DST.05TH.20,
Saudi Arabia,SA,SAU,2017,SI.DST.05TH.20,
Saudi Arabia,SA,SAU,2016,SI.DST.05TH.20,
Saudi Arabia,SA,SAU,2015,SI.DST.05TH.20,
Saudi Arabia,SA,SAU,2014,SI.DST.05TH.20,
Saudi Arabia,SA,SAU,2013,SI.DST.05TH.20,
Saudi Arabia,SA,SAU,2012,SI.DST.05TH.20,
Saudi Arabia,SA,SAU,2011,SI.DST.05TH.20,
Saudi Arabia,SA,SAU,2010,SI.DST.05TH.20,
Singapore,SG,SGP,2023,SI.DST.05TH.20,
Singapore,SG,SGP,2022,SI.DST.05TH.20,
Singapore,SG,SGP,2021,SI.DST.05TH.20,
Singapore,SG,SGP,2020,SI.DST.05TH.20,
Singapore,SG,SGP,2019,SI.DST.05TH.20,
Singapore,SG,SGP,2018,SI.DST.05TH.20,
Singapore,SG,SGP,2017,SI.DST.05TH.20,
Singapore,SG,SGP,2016,SI.DST.05TH.20,
Singapore,SG,SGP,2015,SI.DST.05TH.20,
Singapore,SG,SGP,2014,SI.DST.05TH.20,
Singapore,SG,SGP,2013,SI.DST.05TH.20,
Singapore,SG,SGP,2012,SI.DST.05TH.20,
Singapore,SG,SGP,2011,SI.DST.05TH.20,
Singapore,SG,SGP,2010,SI.DST.05TH.20,
Turkiye,TR,TUR,2023,SI.DST.05TH.20,49.7
Turkiye,TR,TUR,2022,SI.DST.05TH.20,50.5
Turkiye,TR,TUR,2021,SI.DST.05TH.20,50.1
Turkiye,TR,TUR,2020,SI.DST.05TH.20,48.8
Turkiye,TR,TUR,2019,SI.DST.05TH.20,49.6
Turkiye,TR,TUR,2018,SI.DST.05TH.20,48.3
Turkiye,TR,TUR,2017,SI.DST.05TH.20,49.4
Turkiye,TR,TUR,2016,SI.DST.05TH.20,48.3
Turkiye,TR,TUR,2015,SI.DST.05TH.20,49.2
Turkiye,TR,TUR,2014,SI.DST.05TH.20,47.7
Turkiye,TR,TUR,2013,SI.DST.05TH.20,46.6
Turkiye,TR,TUR,2012,SI.DST.05TH.20,46.6
Turkiye,TR,TUR,2011,SI.DST.05TH.20,46.5
Turkiye,TR,TUR,2010,SI.DST.05TH.20,45.2
Viet Nam,VN,VNM,2023,SI.DST.05TH.20,
Viet Nam,VN,VNM,2022,SI.DST.05TH.20,43.2
Viet Nam,VN,VNM,2021,SI.DST.05TH.20,
Viet Nam,VN,VNM,2020,SI.DST.05TH.20,43.9
Viet Nam,VN,VNM,2019,SI.DST.05TH.20,
Viet Nam,VN,VNM,2018,SI.DST.05TH.20,42.9
Viet Nam,VN,VNM,2017,SI.DST.05TH.20,
Viet Nam,VN,VNM,2016,SI.DST.05TH.20,42.5
Viet Nam,VN,VNM,2015,SI.DST.05TH.20,
Viet Nam,VN,VNM,2014,SI.DST.05TH.20,42.2
Viet Nam,VN,VNM,2013,SI.DST.05TH.20,
Viet Nam,VN,VNM,2012,SI.DST.05TH.20,43
Viet Nam,VN,VNM,2011,SI.DST.05TH.20,
Viet Nam,VN,VNM,2010,SI.DST.05TH.20,46.3
South Africa,ZA,ZAF,2023,SI.DST.05TH.20,
South Africa,ZA,ZAF,2022,SI.DST.05TH.20,59.5
South Africa,ZA,ZAF,2021,SI.DST.05TH.20,
South Africa,ZA,ZAF,2020,SI.DST.05TH.20,
South Africa,ZA,ZAF,2019,SI.DST.05TH.20,
South Africa,ZA,ZAF,2018,SI.DST.05TH.20,
South Africa,ZA,ZAF,2017,SI.DST.05TH.20,
South Africa,ZA,ZAF,2016,SI.DST.05TH.20,
South Africa,ZA,ZAF,2015,SI.DST.05TH.20,
South Africa,ZA,ZAF,2014,SI.DST.05TH.20,65
South Africa,ZA,ZAF,2013,SI.DST.05TH.20,
South Africa,ZA,ZAF,2012,SI.DST.05TH.20,
South Africa,ZA,ZAF,2011,SI.DST.05TH.20,
South Africa,ZA,ZAF,2010,SI.DST.05TH.20,66.5
Argentina,AR,ARG,2023,SI.DST.FRST.20,5.1
Argentina,AR,ARG,2022,SI.DST.FRST.20,5.4
Argentina,AR,ARG,2021,SI.DST.FRST.20,5
Argentina,AR,ARG,2020,SI.DST.FRST.20,4.7
Argentina,AR,ARG,2019,SI.DST.FRST.20,4.6
Argentina,AR,ARG,2018,SI.DST.FRST.20,4.9
Argentina,AR,ARG,2017,SI.DST.FRST.20,5
Argentina,AR,ARG,2016,SI.DST.FRST.20,4.9
Argentina,AR,ARG,2015,SI.DST.FRST.20,
Argentina,AR,ARG,2014,SI.DST.FRST.20,5
Argentina,AR,ARG,2013,SI.DST.FRST.20,5
Argentina,AR,ARG,2012,SI.DST.FRST.20,5
Argentina,AR,ARG,2011,SI.DST.FRST.20,4.8
Argentina,AR,ARG,2010,SI.DST.FRST.20,4.5
Brazil,BR,BRA,2023,SI.DST.FRST.20,3.7
Brazil,BR,BRA,2022,SI.DST.FRST.20,3.6
Brazil,BR,BRA,2021,SI.DST.FRST.20,3.3
Brazil,BR,BRA,2020,SI.DST.FRST.20,4.5
Brazil,BR,BRA,2019,SI.DST.FRST.20,3.1
Brazil,BR,BRA,2018,SI.DST.FRST.20,3.1
Brazil,BR,BRA,2017,SI.DST.FRST.20,3.2
Brazil,BR,BRA,2016,SI.DST.FRST.20,3.3
Brazil,BR,BRA,2015,SI.DST.FRST.20,3.6
Brazil,BR,BRA,2014,SI.DST.FRST.20,3.6
Brazil,BR,BRA,2013,SI.DST.FRST.20,3.5
Brazil,BR,BRA,2012,SI.DST.FRST.20,3.4
Brazil,BR,BRA,2011,SI.DST.FRST.20,3.3
Brazil,BR,BRA,2010,SI.DST.FRST.20,
Canada,CA,CAN,2023,SI.DST.FRST.20,
Canada,CA,CAN,2022,SI.DST.FRST.20,7.7
Canada,CA,CAN,2021,SI.DST.FRST.20,8.1
Canada,CA,CAN,2020,SI.DST.FRST.20,8.5
Canada,CA,CAN,2019,SI.DST.FRST.20,7.6
Canada,CA,CAN,2018,SI.DST.FRST.20,7.4
Canada,CA,CAN,2017,SI.DST.FRST.20,7.1
Canada,CA,CAN,2016,SI.DST.FRST.20,7.3
Canada,CA,CAN,2015,SI.DST.FRST.20,6.9
Canada,CA,CAN,2014,SI.DST.FRST.20,7.1
Canada,CA,CAN,2013,SI.DST.FRST.20,6.7
Canada,CA,CAN,2012,SI.DST.FRST.20,6.9
Canada,CA,CAN,2011,SI.DST.FRST.20,7.3
Canada,CA,CAN,2010,SI.DST.FRST.20,7.1
China,CN,CHN,2023,SI.DST.FRST.20,
China,CN,CHN,2022,SI.DST.FRST.20,7.3
China,CN,CHN,2021,SI.DST.FRST.20,7.4
China,CN,CHN,2020,SI.DST.FRST.20,7.2
China,CN,CHN,2019,SI.DST.FRST.20,6.7
China,CN,CHN,2018,SI.DST.FRST.20,6.5
China,CN,CHN,2017,SI.DST.FRST.20,6.4
China,CN,CHN,2016,SI.DST.FRST.20,6.5
China,CN,CHN,2015,SI.DST.FRST.20,6.4
China,CN,CHN,2014,SI.DST.FRST.20,6.2
China,CN,CHN,2013,SI.DST.FRST.20,6.2
China,CN,CHN,2012,SI.DST.FRST.20,5.3
China,CN,CHN,2011,SI.DST.FRST.20,5.4
China,CN,CHN,2010,SI.DST.FRST.20,5.1
Germany,DE,DEU,2023,SI.DST.FRST.20,
Germany,DE,DEU,2022,SI.DST.FRST.20,6.9
Germany,DE,DEU,2021,SI.DST.FRST.20,7.2
Germany,DE,DEU,2020,SI.DST.FRST.20,7.6
Germany,DE,DEU,2019,SI.DST.FRST.20,7.7
Germany,DE,DEU,2018,SI.DST.FRST.20,7.9
Germany,DE,DEU,2017,SI.DST.FRST.20,7.9
Germany,DE,DEU,2016,SI.DST.FRST.20,7.9
Germany,DE,DEU,2015,SI.DST.FRST.20,8
Germany,DE,DEU,2014,SI.DST.FRST.20,8.1
Germany,DE,DEU,2013,SI.DST.FRST.20,8.2
Germany,DE,DEU,2012,SI.DST.FRST.20,8.2
Germany,DE,DEU,2011,SI.DST.FRST.20,8.5
Germany,DE,DEU,2010,SI.DST.FRST.20,8.4
Spain,ES,ESP,2023,SI.DST.FRST.20,6.5
Spain,ES,ESP,2022,SI.DST.FRST.20,6.6
Spain,ES,ESP,2021,SI.DST.FRST.20,6.4
Spain,ES,ESP,2020,SI.DST.FRST.20,6
Spain,ES,ESP,2019,SI.DST.FRST.20,6.2
Spain,ES,ESP,2018,SI.DST.FRST.20,6.2
Spain,ES,ESP,2017,SI.DST.FRST.20,6.2
Spain,ES,ESP,2016,SI.DST.FRST.20,5.8
Spain,ES,ESP,2015,SI.DST.FRST.20,5.8
Spain,ES,ESP,2014,SI.DST.FRST.20,5.7
Spain,ES,ESP,2013,SI.DST.FRST.20,5.7
Spain,ES,ESP,2012,SI.DST.FRST.20,6.1
Spain,ES,ESP,2011,SI.DST.FRST.20,6
Spain,ES,ESP,2010,SI.DST.FRST.20,6.3
France,FR,FRA,2023,SI.DST.FRST.20,7.7
France,FR,FRA,2022,SI.DST.FRST.20,7.8
France,FR,FRA,2021,SI.DST.FRST.20,7.7
France,FR,FRA,2020,SI.DST.FRST.20,8
France,FR,FRA,2019,SI.DST.FRST.20,7.8
France,FR,FRA,2018,SI.DST.FRST.20,8
France,FR,FRA,2017,SI.DST.FRST.20,8.1
France,FR,FRA,2016,SI.DST.FRST.20,8
France,FR,FRA,2015,SI.DST.FRST.20,7.9
France,FR,FRA,2014,SI.DST.FRST.20,8
France,FR,FRA,2013,SI.DST.FRST.20,8
France,FR,FRA,2012,SI.DST.FRST.20,7.9
France,FR,FRA,2011,SI.DST.FRST.20,7.8
France,FR,FRA,2010,SI.DST.FRST.20,7.7
United Kingdom,GB,GBR,2023,SI.DST.FRST.20,
United Kingdom,GB,GBR,2022,SI.DST.FRST.20,
United Kingdom,GB,GBR,2021,SI.DST.FRST.20,7.6
United Kingdom,GB,GBR,2020,SI.DST.FRST.20,7.6
United Kingdom,GB,GBR,2019,SI.DST.FRST.20,7.3
United Kingdom,GB,GBR,2018,SI.DST.FRST.20,7.3
United Kingdom,GB,GBR,2017,SI.DST.FRST.20,7.5
United Kingdom,GB,GBR,2016,SI.DST.FRST.20,7.4
United Kingdom,GB,GBR,2015,SI.DST.FRST.20,7.5
United Kingdom,GB,GBR,2014,SI.DST.FRST.20,7.5
United Kingdom,GB,GBR,2013,SI.DST.FRST.20,7.7
United Kingdom,GB,GBR,2012,SI.DST.FRST.20,7.6
United Kingdom,GB,GBR,2011,SI.DST.FRST.20,7.6
United Kingdom,GB,GBR,2010,SI.DST.FRST.20,7.5
Italy,IT,ITA,2023,SI.DST.FRST.20,6.6
Italy,IT,ITA,2022,SI.DST.FRST.20,6.8
Italy,IT,ITA,2021,SI.DST.FRST.20,6.5
Italy,IT,ITA,2020,SI.DST.FRST.20,6.3
Italy,IT,ITA,2019,SI.DST.FRST.20,6.3
Italy,IT,ITA,2018,SI.DST.FRST.20,6.1
Italy,IT,ITA,2017,SI.DST.FRST.20,6
Italy,IT,ITA,2016,SI.DST.FRST.20,6.1
Italy,IT,ITA,2015,SI.DST.FRST.20,5.9
Italy,IT,ITA,2014,SI.DST.FRST.20,6.2
Italy,IT,ITA,2013,SI.DST.FRST.20,6.2
Italy,IT,ITA,2012,SI.DST.FRST.20,6.3
Italy,IT,ITA,2011,SI.DST.FRST.20,6.4
Italy,IT,ITA,2010,SI.DST.FRST.20,6.4
Japan,JP,JPN,2023,SI.DST.FRST.20,
Japan,JP,JPN,2022,SI.DST.FRST.20,
Japan,JP,JPN,2021,SI.DST.FRST.20,
Japan,JP,JPN,2020,SI.DST.FRST.20,6.8
Japan,JP,JPN,2019,SI.DST.FRST.20,6.7
Japan,JP,JPN,2018,SI.DST.FRST.20,6.7
Japan,JP,JPN,2017,SI.DST.FRST.20,7.3
Japan,JP,JPN,2016,SI.DST.FRST.20,7.2
Japan,JP,JPN,2015,SI.DST.FRST.20,7.8
Japan,JP,JPN,2014,SI.DST.FRST.20,7.7
Japan,JP,JPN,2013,SI.DST.FRST.20,7.1
Japan,JP,JPN,2012,SI.DST.FRST.20,7.1
Japan,JP,JPN,2011,SI.DST.FRST.20,6.9
Japan,JP,JPN,2010,SI.DST.FRST.20,7.3
Mexico,MX,MEX,2023,SI.DST.FRST.20,
Mexico,MX,MEX,2022,SI.DST.FRST.20,5.6
Mexico,MX,MEX,2021,SI.DST.FRST.20,
Mexico,MX,MEX,2020,SI.DST.FRST.20,5.3
Mexico,MX,MEX,2019,SI.DST.FRST.20,
Mexico,MX,MEX,2018,SI.DST.FRST.20,5.2
Mexico,MX,MEX,2017,SI.DST.FRST.20,
Mexico,MX,MEX,2016,SI.DST.FRST.20,5
Mexico,MX,MEX,2015,SI.DST.FRST.20,
Mexico,MX,MEX,2014,SI.DST.FRST.20,4.7
Mexico,MX,MEX,2013,SI.DST.FRST.20,
Mexico,MX,MEX,2012,SI.DST.FRST.20,4.4
Mexico,MX,MEX,2011,SI.DST.FRST.20,
Mexico,MX,MEX,2010,SI.DST.FRST.20,4.6
Netherlands,NL,NLD,2023,SI.DST.FRST.20,
Netherlands,NL,NLD,2022,SI.DST.FRST.20,
Netherlands,NL,NLD,2021,SI.DST.FRST.20,9.4
Netherlands,NL,NLD,2020,SI.DST.FRST.20,9.2
Netherlands,NL,NLD,2019,SI.DST.FRST.20,8.6
Netherlands,NL,NLD,2018,SI.DST.FRST.20,8.9
Netherlands,NL,NLD,2017,SI.DST.FRST.20,8.8
Netherlands,NL,NLD,2016,SI.DST.FRST.20,8.8
Netherlands,NL,NLD,2015,SI.DST.FRST.20,8.9
Netherlands,NL,NLD,2014,SI.DST.FRST.20,8.8
Netherlands,NL,NLD,2013,SI.DST.FRST.20,8.9
Netherlands,NL,NLD,2012,SI.DST.FRST.20,9.1
Netherlands,NL,NLD,2011,SI.DST.FRST.20,9.1
Netherlands,NL,NLD,2010,SI.DST.FRST.20,9
Poland,PL,POL,2023,SI.DST.FRST.20,8.6
Poland,PL,POL,2022,SI.DST.FRST.20,8.5
Poland,PL,POL,2021,SI.DST.FRST.20,8.6
Poland,PL,POL,2020,SI.DST.FRST.20,8.6
Poland,PL,POL,2019,SI.DST.FRST.20,8.6
Poland,PL,POL,2018,SI.DST.FRST.20,8.2
Poland,PL,POL,2017,SI.DST.FRST.20,8.3
Poland,PL,POL,2016,SI.DST.FRST.20,8
Poland,PL,POL,2015,SI.DST.FRST.20,7.4
Poland,PL,POL,2014,SI.DST.FRST.20,7.3
Poland,PL,POL,2013,SI.DST.FRST.20,7.2
Poland,PL,POL,2012,SI.DST.FRST.20,7.3
Poland,PL,POL,2011,SI.DST.FRST.20,7.3
Poland,PL,POL,2010,SI.DST.FRST.20,7.3
Sweden,SE,SWE,2023,SI.DST.FRST.20,7.9
Sweden,SE,SWE,2022,SI.DST.FRST.20,7.4
Sweden,SE,SWE,2021,SI.DST.FRST.20,7.8
Sweden,SE,SWE,2020,SI.DST.FRST.20,8.2
Sweden,SE,SWE,2019,SI.DST.FRST.20,8.1
Sweden,SE,SWE,2018,SI.DST.FRST.20,7.8
Sweden,SE,SWE,2017,SI.DST.FRST.20,8.3
Sweden,SE,SWE,2016,SI.DST.FRST.20,8.1
Sweden,SE,SWE,2015,SI.DST.FRST.20,8.2
Sweden,SE,SWE,2014,SI.DST.FRST.20,8.4
Sweden,SE,SWE,2013,SI.DST.FRST.20,8.1
Sweden,SE,SWE,2012,SI.DST.FRST.20,8.5
Sweden,SE,SWE,2011,SI.DST.FRST.20,8.5
Sweden,SE,SWE,2010,SI.DST.FRST.20,8.6
United States,US,USA,2023,SI.DST.FRST.20,5
United States,US,USA,2022,SI.DST.FRST.20,5.1
United States,US,USA,2021,SI.DST.FRST.20,6
United States,US,USA,2020,SI.DST.FRST.20,5.6
United States,US,USA,2019,SI.DST.FRST.20,5.1
United States,US,USA,2018,SI.DST.FRST.20,5.1
United States,US,USA,2017,SI.DST.FRST.20,5.1
United States,US,USA,2016,SI.DST.FRST.20,5.2
United States,US,USA,2015,SI.DST.FRST.20,5.3
United States,US,USA,2014,SI.DST.FRST.20,5.2
United States,US,USA,2013,SI.DST.FRST.20,5.3
United States,US,USA,2012,SI.DST.FRST.20,5.2
United States,US,USA,2011,SI.DST.FRST.20,5.2
United States,US,USA,2010,SI.DST.FRST.20,5.3
Australia,AU,AUS,2023,SI.DST.FRST.20,
Australia,AU,AUS,2022,SI.DST.FRST.20,
Australia,AU,AUS,2021,SI.DST.FRST.20,
Australia,AU,AUS,2020,SI.DST.FRST.20,7.2
Australia,AU,AUS,2019,SI.DST.FRST.20,
Australia,AU,AUS,2018,SI.DST.FRST.20,7.3
Australia,AU,AUS,2017,SI.DST.FRST.20,
Australia,AU,AUS,2016,SI.DST.FRST.20,7.4
Australia,AU,AUS,2015,SI.DST.FRST.20,
Australia,AU,AUS,2014,SI.DST.FRST.20,7.4
Australia,AU,AUS,2013,SI.DST.FRST.20,
Australia,AU,AUS,2012,SI.DST.FRST.20,
Australia,AU,AUS,2011,SI.DST.FRST.20,
Australia,AU,AUS,2010,SI.DST.FRST.20,7.3
Chile,CL,CHL,2023,SI.DST.FRST.20,
Chile,CL,CHL,2022,SI.DST.FRST.20,5.8
Chile,CL,CHL,2021,SI.DST.FRST.20,
Chile,CL,CHL,2020,SI.DST.FRST.20,4.9
Chile,CL,CHL,2019,SI.DST.FRST.20,
Chile,CL,CHL,2018,SI.DST.FRST.20,
Chile,CL,CHL,2017,SI.DST.FRST.20,5.6
Chile,CL,CHL,2016,SI.DST.FRST.20,
Chile,CL,CHL,2015,SI.DST.FRST.20,5.6
Chile,CL,CHL,2014,SI.DST.FRST.20,
Chile,CL,CHL,2013,SI.DST.FRST.20,5.4
Chile,CL,CHL,2012,SI.DST.FRST.20,
Chile,CL,CHL,2011,SI.DST.FRST.20,5.2
Chile,CL,CHL,2010,SI.DST.FRST.20,
Colombia,CO,COL,2023,SI.DST.FRST.20,3.2
Colombia,CO,COL,2022,SI.DST.FRST.20,3.2
Colombia,CO,COL,2021,SI.DST.FRST.20,3.1
Colombia,CO,COL,2020,SI.DST.FRST.20,2.7
Colombia,CO,COL,2019,SI.DST.FRST.20,3.2
Colombia,CO,COL,2018,SI.DST.FRST.20,3.5
Colombia,CO,COL,2017,SI.DST.FRST.20,3.6
Colombia,CO,COL,2016,SI.DST.FRST.20,3.5
Colombia,CO,COL,2015,SI.DST.FRST.20,3.4
Colombia,CO,COL,2014,SI.DST.FRST.20,3.2
Colombia,CO,COL,2013,SI.DST.FRST.20,3.2
Colombia,CO,COL,2012,SI.DST.FRST.20,3.2
Colombia,CO,COL,2011,SI.DST.FRST.20,3.5
Colombia,CO,COL,2010,SI.DST.FRST.20,3.3
"Egypt, Arab Rep.",EG,EGY,2023,SI.DST.FRST.20,
"Egypt, Arab Rep.",EG,EGY,2022,SI.DST.FRST.20,
"Egypt, Arab Rep.",EG,EGY,2021,SI.DST.FRST.20,9.7
"Egypt, Arab Rep.",EG,EGY,2020,SI.DST.FRST.20,
"Egypt, Arab Rep.",EG,EGY,2019,SI.DST.FRST.20,9
"Egypt, Arab Rep.",EG,EGY,2018,SI.DST.FRST.20,
"Egypt, Arab Rep.",EG,EGY,2017,SI.DST.FRST.20,9
"Egypt, Arab Rep.",EG,EGY,2016,SI.DST.FRST.20,
"Egypt, Arab Rep.",EG,EGY,2015,SI.DST.FRST.20,9.1
"Egypt, Arab Rep.",EG,EGY,2014,SI.DST.FRST.20,
"Egypt, Arab Rep.",EG,EGY,2013,SI.DST.FRST.20,
"Egypt, Arab Rep.",EG,EGY,2012,SI.DST.FRST.20,9.8
"Egypt, Arab Rep.",EG,EGY,2011,SI.DST.FRST.20,
"Egypt, Arab Rep.",EG,EGY,2010,SI.DST.FRST.20,9.4
Indonesia,ID,IDN,2023,SI.DST.FRST.20,7.9
Indonesia,ID,IDN,2022,SI.DST.FRST.20,7.8
Indonesia,ID,IDN,2021,SI.DST.FRST.20,7.6
Indonesia,ID,IDN,2020,SI.DST.FRST.20,7.6
Indonesia,ID,IDN,2019,SI.DST.FRST.20,7.6
Indonesia,ID,IDN,2018,SI.DST.FRST.20,7.4
Indonesia,ID,IDN,2017,SI.DST.FRST.20,7.4
Indonesia,ID,IDN,2016,SI.DST.FRST.20,7.4
Indonesia,ID,IDN,2015,SI.DST.FRST.20,7.4
Indonesia,ID,IDN,2014,SI.DST.FRST.20,7.4
Indonesia,ID,IDN,2013,SI.DST.FRST.20,7.4
Indonesia,ID,IDN,2012,SI.DST.FRST.20,7.7
Indonesia,ID,IDN,2011,SI.DST.FRST.20,7.5
Indonesia,ID,IDN,2010,SI.DST.FRST.20,8.1
India,IN,IND,2023,SI.DST.FRST.20,
India,IN,IND,2022,SI.DST.FRST.20,10.4
India,IN,IND,2021,SI.DST.FRST.20,
India,IN,IND,2020,SI.DST.FRST.20,
India,IN,IND,2019,SI.DST.FRST.20,
India,IN,IND,2018,SI.DST.FRST.20,
India,IN,IND,2017,SI.DST.FRST.20,
India,IN,IND,2016,SI.DST.FRST.20,
India,IN,IND,2015,SI.DST.FRST.20,
India,IN,IND,2014,SI.DST.FRST.20,
India,IN,IND,2013,SI.DST.FRST.20,
India,IN,IND,2012,SI.DST.FRST.20,
India,IN,IND,2011,SI.DST.FRST.20,9.7
India,IN,IND,2010,SI.DST.FRST.20,
"Korea, Rep.",KR,KOR,2023,SI.DST.FRST.20,
"Korea, Rep.",KR,KOR,2022,SI.DST.FRST.20,
"Korea, Rep.",KR,KOR,2021,SI.DST.FRST.20,7.4
"Korea, Rep.",KR,KOR,2020,SI.DST.FRST.20,7.5
"Korea, Rep.",KR,KOR,2019,SI.DST.FRST.20,7.2
"Korea, Rep.",KR,KOR,2018,SI.DST.FRST.20,7
"Korea, Rep.",KR,KOR,2017,SI.DST.FRST.20,6.6
"Korea, Rep.",KR,KOR,2016,SI.DST.FRST.20,6.5
"Korea, Rep.",KR,KOR,2015,SI.DST.FRST.20,
"Korea, Rep.",KR,KOR,2014,SI.DST.FRST.20,7.5
"Korea, Rep.",KR,KOR,2013,SI.DST.FRST.20,
"Korea, Rep.",KR,KOR,2012,SI.DST.FRST.20,7.3
"Korea, Rep.",KR,KOR,2011,SI.DST.FRST.20,
"Korea, Rep.",KR,KOR,2010,SI.DST.FRST.20,7.3
Nigeria,NG,NGA,2023,SI.DST.FRST.20,
Nigeria,NG,NGA,2022,SI.DST.FRST.20,7.5
Nigeria,NG,NGA,2021,SI.DST.FRST.20,
Nigeria,NG,NGA,2020,SI.DST.FRST.20,
Nigeria,NG,NGA,2019,SI.DST.FRST.20,
Nigeria,NG,NGA,2018,SI.DST.FRST.20,7.1
Nigeria,NG,NGA,2017,SI.DST.FRST.20,
Nigeria,NG,NGA,2016,SI.DST.FRST.20,
Nigeria,NG,NGA,2015,SI.DST.FRST.20,7
Nigeria,NG,NGA,2014,SI.DST.FRST.20,
Nigeria,NG,NGA,2013,SI.DST.FRST.20,
Nigeria,NG,NGA,2012,SI.DST.FRST.20,7.1
Nigeria,NG,NGA,2011,SI.DST.FRST.20,
Nigeria,NG,NGA,2010,SI.DST.FRST.20,7.1
Russian Federation,RU,RUS,2023,SI.DST.FRST.20,7.7
Russian Federation,RU,RUS,2022,SI.DST.FRST.20,7.5
Russian Federation,RU,RUS,2021,SI.DST.FRST.20,6.9
Russian Federation,RU,RUS,2020,SI.DST.FRST.20,7.4
Russian Federation,RU,RUS,2019,SI.DST.FRST.20,6.7
Russian Federation,RU,RUS,2018,SI.DST.FRST.20,6.7
Russian Federation,RU,RUS,2017,SI.DST.FRST.20,6.5
Russian Federation,RU,RUS,2016,SI.DST.FRST.20,6.2
Russian Federation,RU,RUS,2015,SI.DST.FRST.20,6.2
Russian Federation,RU,RUS,2014,SI.DST.FRST.20,6.2
Russian Federation,RU,RUS,2013,SI.DST.FRST.20,6.4
Russian Federation,RU,RUS,2012,SI.DST.FRST.20,6.3
Russian Federation,RU,RUS,2011,SI.DST.FRST.20,6.5
Russian Federation,RU,RUS,2010,SI.DST.FRST.20,6.4
Saudi Arabia,SA,SAU,2023,SI.DST.FRST.20,
Saudi Arabia,SA,SAU,2022,SI.DST.FRST.20,
Saudi Arabia,SA,SAU,2021,SI.DST.FRST.20,
Saudi Arabia,SA,SAU,2020,SI.DST.FRST.20,
Saudi Arabia,SA,SAU,2019,SI.DST.FRST.20,
Saudi Arabia,SA,SAU,2018,SI.DST.FRST.20,
Saudi Arabia,SA,SAU,2017,SI.DST.FRST.20,
Saudi Arabia,SA,SAU,2016,SI.DST.FRST.20,
Saudi Arabia,SA,SAU,2015,SI.DST.FRST.20,
Saudi Arabia,SA,SAU,2014,SI.DST.FRST.20,
Saudi Arabia,SA,SAU,2013,SI.DST.FRST.20,
Saudi Arabia,SA,SAU,2012,SI.DST.FRST.20,
Saudi Arabia,SA,SAU,2011,SI.DST.FRST.20,
Saudi Arabia,SA,SAU,2010,SI.DST.FRST.20,
Singapore,SG,SGP,2023,SI.DST.FRST.20,
Singapore,SG,SGP,2022,SI.DST.FRST.20,
Singapore,SG,SGP,2021,SI.DST.FRST.20,
Singapore,SG,SGP,2020,SI.DST.FRST.20,
Singapore,SG,SGP,2019,SI.DST.FRST.20,
Singapore,SG,SGP,2018,SI.DST.FRST.20,
Singapore,SG,SGP,2017,SI.DST.FRST.20,
Singapore,SG,SGP,2016,SI.DST.FRST.20,
Singapore,SG,SGP,2015,SI.DST.FRST.20,
Singapore,SG,SGP,2014,SI.DST.FRST.20,
Singapore,SG,SGP,2013,SI.DST.FRST.20,
Singapore,SG,SGP,2012,SI.DST.FRST.20,
Singapore,SG,SGP,2011,SI.DST.FRST.20,
Singapore,SG,SGP,2010,SI.DST.FRST.20,
Turkiye,TR,TUR,2023,SI.DST.FRST.20,5.5
Turkiye,TR,TUR,2022,SI.DST.FRST.20,5.4
Turkiye,TR,TUR,2021,SI.DST.FRST.20,5.2
Turkiye,TR,TUR,2020,SI.DST.FRST.20,5.3
Turkiye,TR,TUR,2019,SI.DST.FRST.20,5.2
Turkiye,TR,TUR,2018,SI.DST.FRST.20,5.4
Turkiye,TR,TUR,2017,SI.DST.FRST.20,5.4
Turkiye,TR,TUR,2016,SI.DST.FRST.20,5.7
Turkiye,TR,TUR,2015,SI.DST.FRST.20,5.6
Turkiye,TR,TUR,2014,SI.DST.FRST.20,5.8
Turkiye,TR,TUR,2013,SI.DST.FRST.20,5.8
Turkiye,TR,TUR,2012,SI.DST.FRST.20,5.8
Turkiye,TR,TUR,2011,SI.DST.FRST.20,5.8
Turkiye,TR,TUR,2010,SI.DST.FRST.20,5.9
Viet Nam,VN,VNM,2023,SI.DST.FRST.20,
Viet Nam,VN,VNM,2022,SI.DST.FRST.20,6.8
Viet Nam,VN,VNM,2021,SI.DST.FRST.20,
Viet Nam,VN,VNM,2020,SI.DST.FRST.20,6.6
Viet Nam,VN,VNM,2019,SI.DST.FRST.20,
Viet Nam,VN,VNM,2018,SI.DST.FRST.20,6.7
Viet Nam,VN,VNM,2017,SI.DST.FRST.20,
Viet Nam,VN,VNM,2016,SI.DST.FRST.20,6.9
Viet Nam,VN,VNM,2015,SI.DST.FRST.20,
Viet Nam,VN,VNM,2014,SI.DST.FRST.20,7.1
Viet Nam,VN,VNM,2013,SI.DST.FRST.20,
Viet Nam,VN,VNM,2012,SI.DST.FRST.20,7.1
Viet Nam,VN,VNM,2011,SI.DST.FRST.20,
Viet Nam,VN,VNM,2010,SI.DST.FRST.20,6.5
South Africa,ZA,ZAF,2023,SI.DST.FRST.20,
South Africa,ZA,ZAF,2022,SI.DST.FRST.20,3.7
South Africa,ZA,ZAF,2021,SI.DST.FRST.20,
South Africa,ZA,ZAF,2020,SI.DST.FRST.20,
South Africa,ZA,ZAF,2019,SI.DST.FRST.20,
South Africa,ZA,ZAF,2018,SI.DST.FRST.20,
South Africa,ZA,ZAF,2017,SI.DST.FRST.20,
South Africa,ZA,ZAF,2016,SI.DST.FRST.20,
South Africa,ZA,ZAF,2015,SI.DST.FRST.20,
South Africa,ZA,ZAF,2014,SI.DST.FRST.20,2.8
South Africa,ZA,ZAF,2013,SI.DST.FRST.20,
South Africa,ZA,ZAF,2012,SI.DST.FRST.20,
South Africa,ZA,ZAF,2011,SI.DST.FRST.20,
South Africa,ZA,ZAF,2010,SI.DST.FRST.20,2.7
Argentina,AR,ARG,2023,SI.POV.DDAY,1.2
Argentina,AR,ARG,2022,SI.POV.DDAY,1.3
Argentina,AR,ARG,2021,SI.POV.DDAY,1.4
Argentina,AR,ARG,2020,SI.POV.DDAY,2.2
Argentina,AR,ARG,2019,SI.POV.DDAY,1.7
Argentina,AR,ARG,2018,SI.POV.DDAY,1.6
Argentina,AR,ARG,2017,SI.POV.DDAY,1.1
Argentina,AR,ARG,2016,SI.POV.DDAY,1.3
Argentina,AR,ARG,2015,SI.POV.DDAY,
Argentina,AR,ARG,2014,SI.POV.DDAY,1.1
Argentina,AR,ARG,2013,SI.POV.DDAY,1.1
Argentina,AR,ARG,2012,SI.POV.DDAY,1.3
Argentina,AR,ARG,2011,SI.POV.DDAY,1.2
Argentina,AR,ARG,2010,SI.POV.DDAY,1.5
Brazil,BR,BRA,2023,SI.POV.DDAY,3.8
Brazil,BR,BRA,2022,SI.POV.DDAY,4.9
Brazil,BR,BRA,2021,SI.POV.DDAY,7.5
Brazil,BR,BRA,2020,SI.POV.DDAY,2.8
Brazil,BR,BRA,2019,SI.POV.DDAY,7
Brazil,BR,BRA,2018,SI.POV.DDAY,6.9
Brazil,BR,BRA,2017,SI.POV.DDAY,7
Brazil,BR,BRA,2016,SI.POV.DDAY,6.5
Brazil,BR,BRA,2015,SI.POV.DDAY,5.4
Brazil,BR,BRA,2014,SI.POV.DDAY,4.8
Brazil,BR,BRA,2013,SI.POV.DDAY,5.4
Brazil,BR,BRA,2012,SI.POV.DDAY,6.4
Brazil,BR,BRA,2011,SI.POV.DDAY,7.1
Brazil,BR,BRA,2010,SI.POV.DDAY,
Canada,CA,CAN,2023,SI.POV.DDAY,
Canada,CA,CAN,2022,SI.POV.DDAY,0.3
Canada,CA,CAN,2021,SI.POV.DDAY,0.2
Canada,CA,CAN,2020,SI.POV.DDAY,0.1
Canada,CA,CAN,2019,SI.POV.DDAY,0.4
Canada,CA,CAN,2018,SI.POV.DDAY,0.4
Canada,CA,CAN,2017,SI.POV.DDAY,0.4
Canada,CA,CAN,2016,SI.POV.DDAY,0.4
Canada,CA,CAN,2015,SI.POV.DDAY,0.4
Canada,CA,CAN,2014,SI.POV.DDAY,0.3
Canada,CA,CAN,2013,SI.POV.DDAY,0.5
Canada,CA,CAN,2012,SI.POV.DDAY,0.3
Canada,CA,CAN,2011,SI.POV.DDAY,0.3
Canada,CA,CAN,2010,SI.POV.DDAY,0.3
China,CN,CHN,2023,SI.POV.DDAY,
China,CN,CHN,2022,SI.POV.DDAY,0
China,CN,CHN,2021,SI.POV.DDAY,0
China,CN,CHN,2020,SI.POV.DDAY,0
China,CN,CHN,2019,SI.POV.DDAY,0
China,CN,CHN,2018,SI.POV.DDAY,0.7
China,CN,CHN,2017,SI.POV.DDAY,1.6
China,CN,CHN,2016,SI.POV.DDAY,2.1
China,CN,CHN,2015,SI.POV.DDAY,2.9
China,CN,CHN,2014,SI.POV.DDAY,4.6
China,CN,CHN,2013,SI.POV.DDAY,6
China,CN,CHN,2012,SI.POV.DDAY,12.9
China,CN,CHN,2011,SI.POV.DDAY,15.3
China,CN,CHN,2010,SI.POV.DDAY,20.6
Germany,DE,DEU,2023,SI.POV.DDAY,
Germany,DE,DEU,2022,SI.POV.DDAY,0.7
Germany,DE,DEU,2021,SI.POV.DDAY,0.6
Germany,DE,DEU,2020,SI.POV.DDAY,0.3
Germany,DE,DEU,2019,SI.POV.DDAY,0.2
Germany,DE,DEU,2018,SI.POV.DDAY,0.1
Germany,DE,DEU,2017,SI.POV.DDAY,0.2
Germany,DE,DEU,2016,SI.POV.DDAY,0.1
Germany,DE,DEU,2015,SI.POV.DDAY,0.1
Germany,DE,DEU,2014,SI.POV.DDAY,0.1
Germany,DE,DEU,2013,SI.POV.DDAY,0.1
Germany,DE,DEU,2012,SI.POV.DDAY,0.1
Germany,DE,DEU,2011,SI.POV.DDAY,0.1
Germany,DE,DEU,2010,SI.POV.DDAY,0.1
Spain,ES,ESP,2023,SI.POV.DDAY,0.8
Spain,ES,ESP,2022,SI.POV.DDAY,0.8
Spain,ES,ESP,2021,SI.POV.DDAY,0.7
Spain,ES,ESP,2020,SI.POV.DDAY,1.1
Spain,ES,ESP,2019,SI.POV.DDAY,0.9
Spain,ES,ESP,2018,SI.POV.DDAY,1
Spain,ES,ESP,2017,SI.POV.DDAY,0.8
Spain,ES,ESP,2016,SI.POV.DDAY,1.3
Spain,ES,ESP,2015,SI.POV.DDAY,1.1
Spain,ES,ESP,2014,SI.POV.DDAY,0.9
Spain,ES,ESP,2013,SI.POV.DDAY,1.3
Spain,ES,ESP,2012,SI.POV.DDAY,1
Spain,ES,ESP,2011,SI.POV.DDAY,1.3
Spain,ES,ESP,2010,SI.POV.DDAY,0.7
France,FR,FRA,2023,SI.POV.DDAY,0.1
France,FR,FRA,2022,SI.POV.DDAY,0.1
France,FR,FRA,2021,SI.POV.DDAY,0.1
France,FR,FRA,2020,SI.POV.DDAY,0.1
France,FR,FRA,2019,SI.POV.DDAY,0.1
France,FR,FRA,2018,SI.POV.DDAY,0
France,FR,FRA,2017,SI.POV.DDAY,0
France,FR,FRA,2016,SI.POV.DDAY,0.1
France,FR,FRA,2015,SI.POV.DDAY,0.1
France,FR,FRA,2014,SI.POV.DDAY,0
France,FR,FRA,2013,SI.POV.DDAY,0.1
France,FR,FRA,2012,SI.POV.DDAY,0.1
France,FR,FRA,2011,SI.POV.DDAY,0
France,FR,FRA,2010,SI.POV.DDAY,0.1
United Kingdom,GB,GBR,2023,SI.POV.DDAY,
United Kingdom,GB,GBR,2022,SI.POV.DDAY,
United Kingdom,GB,GBR,2021,SI.POV.DDAY,0.4
United Kingdom,GB,GBR,2020,SI.POV.DDAY,0.5
United Kingdom,GB,GBR,2019,SI.POV.DDAY,0.4
United Kingdom,GB,GBR,2018,SI.POV.DDAY,0.4
United Kingdom,GB,GBR,2017,SI.POV.DDAY,0.4
United Kingdom,GB,GBR,2016,SI.POV.DDAY,0.4
United Kingdom,GB,GBR,2015,SI.POV.DDAY,0.3
United Kingdom,GB,GBR,2014,SI.POV.DDAY,0.4
United Kingdom,GB,GBR,2013,SI.POV.DDAY,0.2
United Kingdom,GB,GBR,2012,SI.POV.DDAY,0.4
United Kingdom,GB,GBR,2011,SI.POV.DDAY,0.3
United Kingdom,GB,GBR,2010,SI.POV.DDAY,0.3
Italy,IT,ITA,2023,SI.POV.DDAY,0.9
Italy,IT,ITA,2022,SI.POV.DDAY,0.7
Italy,IT,ITA,2021,SI.POV.DDAY,0.9
Italy,IT,ITA,2020,SI.POV.DDAY,0.9
Italy,IT,ITA,2019,SI.POV.DDAY,1
Italy,IT,ITA,2018,SI.POV.DDAY,1.7
Italy,IT,ITA,2017,SI.POV.DDAY,1.5
Italy,IT,ITA,2016,SI.POV.DDAY,1.8
Italy,IT,ITA,2015,SI.POV.DDAY,2.1
Italy,IT,ITA,2014,SI.POV.DDAY,1.4
Italy,IT,ITA,2013,SI.POV.DDAY,1.6
Italy,IT,ITA,2012,SI.POV.DDAY,1.4
Italy,IT,ITA,2011,SI.POV.DDAY,1.3
Italy,IT,ITA,2010,SI.POV.DDAY,1.4
Japan,JP,JPN,2023,SI.POV.DDAY,
Japan,JP,JPN,2022,SI.POV.DDAY,
Japan,JP,JPN,2021,SI.POV.DDAY,
Japan,JP,JPN,2020,SI.POV.DDAY,1.2
Japan,JP,JPN,2019,SI.POV.DDAY,1.3
Japan,JP,JPN,2018,SI.POV.DDAY,1
Japan,JP,JPN,2017,SI.POV.DDAY,0.6
Japan,JP,JPN,2016,SI.POV.DDAY,0.7
Japan,JP,JPN,2015,SI.POV.DDAY,0.4
Japan,JP,JPN,2014,SI.POV.DDAY,0.7
Japan,JP,JPN,2013,SI.POV.DDAY,0.9
Japan,JP,JPN,2012,SI.POV.DDAY,1.4
Japan,JP,JPN,2011,SI.POV.DDAY,0.5
Japan,JP,JPN,2010,SI.POV.DDAY,0.6
Mexico,MX,MEX,2023,SI.POV.DDAY,
Mexico,MX,MEX,2022,SI.POV.DDAY,2.3
Mexico,MX,MEX,2021,SI.POV.DDAY,
Mexico,MX,MEX,2020,SI.POV.DDAY,4.3
Mexico,MX,MEX,2019,SI.POV.DDAY,
Mexico,MX,MEX,2018,SI.POV.DDAY,3.9
Mexico,MX,MEX,2017,SI.POV.DDAY,
Mexico,MX,MEX,2016,SI.POV.DDAY,4.4
Mexico,MX,MEX,2015,SI.POV.DDAY,
Mexico,MX,MEX,2014,SI.POV.DDAY,7.2
Mexico,MX,MEX,2013,SI.POV.DDAY,
Mexico,MX,MEX,2012,SI.POV.DDAY,7.3
Mexico,MX,MEX,2011,SI.POV.DDAY,
Mexico,MX,MEX,2010,SI.POV.DDAY,8.4
Netherlands,NL,NLD,2023,SI.POV.DDAY,
Netherlands,NL,NLD,2022,SI.POV.DDAY,
Netherlands,NL,NLD,2021,SI.POV.DDAY,0.1
Netherlands,NL,NLD,2020,SI.POV.DDAY,0
Netherlands,NL,NLD,2019,SI.POV.DDAY,0.1
Netherlands,NL,NLD,2018,SI.POV.DDAY,0.1
Netherlands,NL,NLD,2017,SI.POV.DDAY,0.2
Netherlands,NL,NLD,2016,SI.POV.DDAY,0.1
Netherlands,NL,NLD,2015,SI.POV.DDAY,0.1
Netherlands,NL,NLD,2014,SI.POV.DDAY,0.1
Netherlands,NL,NLD,2013,SI.POV.DDAY,0.1
Netherlands,NL,NLD,2012,SI.POV.DDAY,0.1
Netherlands,NL,NLD,2011,SI.POV.DDAY,0.1
Netherlands,NL,NLD,2010,SI.POV.DDAY,0
Poland,PL,POL,2023,SI.POV.DDAY,0.2
Poland,PL,POL,2022,SI.POV.DDAY,0.3
Poland,PL,POL,2021,SI.POV.DDAY,0.1
Poland,PL,POL,2020,SI.POV.DDAY,0.2
Poland,PL,POL,2019,SI.POV.DDAY,0.1
Poland,PL,POL,2018,SI.POV.DDAY,0.3
Poland,PL,POL,2017,SI.POV.DDAY,0.4
Poland,PL,POL,2016,SI.POV.DDAY,0.4
Poland,PL,POL,2015,SI.POV.DDAY,0.5
Poland,PL,POL,2014,SI.POV.DDAY,0.6
Poland,PL,POL,2013,SI.POV.DDAY,0.6
Poland,PL,POL,2012,SI.POV.DDAY,0.4
Poland,PL,POL,2011,SI.POV.DDAY,0.6
Poland,PL,POL,2010,SI.POV.DDAY,0.6
Sweden,SE,SWE,2023,SI.POV.DDAY,0.8
Sweden,SE,SWE,2022,SI.POV.DDAY,1.3
Sweden,SE,SWE,2021,SI.POV.DDAY,0.6
Sweden,SE,SWE,2020,SI.POV.DDAY,0.5
Sweden,SE,SWE,2019,SI.POV.DDAY,0.4
Sweden,SE,SWE,2018,SI.POV.DDAY,0.9
Sweden,SE,SWE,2017,SI.POV.DDAY,0.3
Sweden,SE,SWE,2016,SI.POV.DDAY,0.4
Sweden,SE,SWE,2015,SI.POV.DDAY,0.6
Sweden,SE,SWE,2014,SI.POV.DDAY,0.5
Sweden,SE,SWE,2013,SI.POV.DDAY,0.7
Sweden,SE,SWE,2012,SI.POV.DDAY,0.5
Sweden,SE,SWE,2011,SI.POV.DDAY,0.7
Sweden,SE,SWE,2010,SI.POV.DDAY,0.6
United States,US,USA,2023,SI.POV.DDAY,1.2
United States,US,USA,2022,SI.POV.DDAY,1.4
United States,US,USA,2021,SI.POV.DDAY,0.3
United States,US,USA,2020,SI.POV.DDAY,0.4
United States,US,USA,2019,SI.POV.DDAY,1
United States,US,USA,2018,SI.POV.DDAY,1.1
United States,US,USA,2017,SI.POV.DDAY,1.3
United States,US,USA,2016,SI.POV.DDAY,1.2
United States,US,USA,2015,SI.POV.DDAY,1.2
United States,US,USA,2014,SI.POV.DDAY,1.3
United States,US,USA,2013,SI.POV.DDAY,1.1
United States,US,USA,2012,SI.POV.DDAY,1.1
United States,US,USA,2011,SI.POV.DDAY,1.1
United States,US,USA,2010,SI.POV.DDAY,1.1
Australia,AU,AUS,2023,SI.POV.DDAY,
Australia,AU,AUS,2022,SI.POV.DDAY,
Australia,AU,AUS,2021,SI.POV.DDAY,
Australia,AU,AUS,2020,SI.POV.DDAY,0.9
Australia,AU,AUS,2019,SI.POV.DDAY,
Australia,AU,AUS,2018,SI.POV.DDAY,0.6
Australia,AU,AUS,2017,SI.POV.DDAY,
Australia,AU,AUS,2016,SI.POV.DDAY,0.5
Australia,AU,AUS,2015,SI.POV.DDAY,
Australia,AU,AUS,2014,SI.POV.DDAY,0.6
Australia,AU,AUS,2013,SI.POV.DDAY,
Australia,AU,AUS,2012,SI.POV.DDAY,
Australia,AU,AUS,2011,SI.POV.DDAY,
Australia,AU,AUS,2010,SI.POV.DDAY,0.5
Chile,CL,CHL,2023,SI.POV.DDAY,
Chile,CL,CHL,2022,SI.POV.DDAY,0.6
Chile,CL,CHL,2021,SI.POV.DDAY,
Chile,CL,CHL,2020,SI.POV.DDAY,1.7
Chile,CL,CHL,2019,SI.POV.DDAY,
Chile,CL,CHL,2018,SI.POV.DDAY,
Chile,CL,CHL,2017,SI.POV.DDAY,0.5
Chile,CL,CHL,2016,SI.POV.DDAY,
Chile,CL,CHL,2015,SI.POV.DDAY,0.7
Chile,CL,CHL,2014,SI.POV.DDAY,
Chile,CL,CHL,2013,SI.POV.DDAY,0.8
Chile,CL,CHL,2012,SI.POV.DDAY,
Chile,CL,CHL,2011,SI.POV.DDAY,1.7
Chile,CL,CHL,2010,SI.POV.DDAY,
Colombia,CO,COL,2023,SI.POV.DDAY,8.6
Colombia,CO,COL,2022,SI.POV.DDAY,9.3
Colombia,CO,COL,2021,SI.POV.DDAY,11.2
Colombia,CO,COL,2020,SI.POV.DDAY,15.8
Colombia,CO,COL,2019,SI.POV.DDAY,11.3
Colombia,CO,COL,2018,SI.POV.DDAY,9.8
Colombia,CO,COL,2017,SI.POV.DDAY,9.5
Colombia,CO,COL,2016,SI.POV.DDAY,10.1
Colombia,CO,COL,2015,SI.POV.DDAY,10.2
Colombia,CO,COL,2014,SI.POV.DDAY,10.9
Colombia,CO,COL,2013,SI.POV.DDAY,11.8
Colombia,CO,COL,2012,SI.POV.DDAY,12.7
Colombia,CO,COL,2011,SI.POV.DDAY,11.3
Colombia,CO,COL,2010,SI.POV.DDAY,13.3
"Egypt, Arab Rep.",EG,EGY,2023,SI.POV.DDAY,
"Egypt, Arab Rep.",EG,EGY,2022,SI.POV.DDAY,
"Egypt, Arab Rep.",EG,EGY,2021,SI.POV.DDAY,1.4
"Egypt, Arab Rep.",EG,EGY,2020,SI.POV.DDAY,
"Egypt, Arab Rep.",EG,EGY,2019,SI.POV.DDAY,2
"Egypt, Arab Rep.",EG,EGY,2018,SI.POV.DDAY,
"Egypt, Arab Rep.",EG,EGY,2017,SI.POV.DDAY,3.1
"Egypt, Arab Rep.",EG,EGY,2016,SI.POV.DDAY,
"Egypt, Arab Rep.",EG,EGY,2015,SI.POV.DDAY,1.2
"Egypt, Arab Rep.",EG,EGY,2014,SI.POV.DDAY,
"Egypt, Arab Rep.",EG,EGY,2013,SI.POV.DDAY,
"Egypt, Arab Rep.",EG,EGY,2012,SI.POV.DDAY,1.2
"Egypt, Arab Rep.",EG,EGY,2011,SI.POV.DDAY,
"Egypt, Arab Rep.",EG,EGY,2010,SI.POV.DDAY,1.5
Indonesia,ID,IDN,2023,SI.POV.DDAY,6.7
Indonesia,ID,IDN,2022,SI.POV.DDAY,7.9
Indonesia,ID,IDN,2021,SI.POV.DDAY,8.6
Indonesia,ID,IDN,2020,SI.POV.DDAY,9.8
Indonesia,ID,IDN,2019,SI.POV.DDAY,10.9
Indonesia,ID,IDN,2018,SI.POV.DDAY,12.5
Indonesia,ID,IDN,2017,SI.POV.DDAY,14.8
Indonesia,ID,IDN,2016,SI.POV.DDAY,18
Indonesia,ID,IDN,2015,SI.POV.DDAY,21.6
Indonesia,ID,IDN,2014,SI.POV.DDAY,25.7
Indonesia,ID,IDN,2013,SI.POV.DDAY,27.2
Indonesia,ID,IDN,2012,SI.POV.DDAY,26.6
Indonesia,ID,IDN,2011,SI.POV.DDAY,31.2
Indonesia,ID,IDN,2010,SI.POV.DDAY,34.1
India,IN,IND,2023,SI.POV.DDAY,
India,IN,IND,2022,SI.POV.DDAY,5.3
India,IN,IND,2021,SI.POV.DDAY,
India,IN,IND,2020,SI.POV.DDAY,
India,IN,IND,2019,SI.POV.DDAY,
India,IN,IND,2018,SI.POV.DDAY,
India,IN,IND,2017,SI.POV.DDAY,
India,IN,IND,2016,SI.POV.DDAY,
India,IN,IND,2015,SI.POV.DDAY,
India,IN,IND,2014,SI.POV.DDAY,
India,IN,IND,2013,SI.POV.DDAY,
India,IN,IND,2012,SI.POV.DDAY,
India,IN,IND,2011,SI.POV.DDAY,27.1
India,IN,IND,2010,SI.POV.DDAY,
"Korea, Rep.",KR,KOR,2023,SI.POV.DDAY,
"Korea, Rep.",KR,KOR,2022,SI.POV.DDAY,
"Korea, Rep.",KR,KOR,2021,SI.POV.DDAY,0.1
"Korea, Rep.",KR,KOR,2020,SI.POV.DDAY,0.1
"Korea, Rep.",KR,KOR,2019,SI.POV.DDAY,0.2
"Korea, Rep.",KR,KOR,2018,SI.POV.DDAY,0.2
"Korea, Rep.",KR,KOR,2017,SI.POV.DDAY,0.2
"Korea, Rep.",KR,KOR,2016,SI.POV.DDAY,0.2
"Korea, Rep.",KR,KOR,2015,SI.POV.DDAY,
"Korea, Rep.",KR,KOR,2014,SI.POV.DDAY,0.3
"Korea, Rep.",KR,KOR,2013,SI.POV.DDAY,
"Korea, Rep.",KR,KOR,2012,SI.POV.DDAY,0.5
"Korea, Rep.",KR,KOR,2011,SI.POV.DDAY,
"Korea, Rep.",KR,KOR,2010,SI.POV.DDAY,0.5
Nigeria,NG,NGA,2023,SI.POV.DDAY,
Nigeria,NG,NGA,2022,SI.POV.DDAY,41.8
Nigeria,NG,NGA,2021,SI.POV.DDAY,
Nigeria,NG,NGA,2020,SI.POV.DDAY,
Nigeria,NG,NGA,2019,SI.POV.DDAY,
Nigeria,NG,NGA,2018,SI.POV.DDAY,34.2
Nigeria,NG,NGA,2017,SI.POV.DDAY,
Nigeria,NG,NGA,2016,SI.POV.DDAY,
Nigeria,NG,NGA,2015,SI.POV.DDAY,35.8
Nigeria,NG,NGA,2014,SI.POV.DDAY,
Nigeria,NG,NGA,2013,SI.POV.DDAY,
Nigeria,NG,NGA,2012,SI.POV.DDAY,37.4
Nigeria,NG,NGA,2011,SI.POV.DDAY,
Nigeria,NG,NGA,2010,SI.POV.DDAY,38.5
Russian Federation,RU,RUS,2023,SI.POV.DDAY,0.1
Russian Federation,RU,RUS,2022,SI.POV.DDAY,0.1
Russian Federation,RU,RUS,2021,SI.POV.DDAY,0.2
Russian Federation,RU,RUS,2020,SI.POV.DDAY,0.1
Russian Federation,RU,RUS,2019,SI.POV.DDAY,0.3
Russian Federation,RU,RUS,2018,SI.POV.DDAY,0.2
Russian Federation,RU,RUS,2017,SI.POV.DDAY,0.4
Russian Federation,RU,RUS,2016,SI.POV.DDAY,0.4
Russian Federation,RU,RUS,2015,SI.POV.DDAY,0.4
Russian Federation,RU,RUS,2014,SI.POV.DDAY,0.4
Russian Federation,RU,RUS,2013,SI.POV.DDAY,0.1
Russian Federation,RU,RUS,2012,SI.POV.DDAY,0.1
Russian Federation,RU,RUS,2011,SI.POV.DDAY,0.1
Russian Federation,RU,RUS,2010,SI.POV.DDAY,0.2
Saudi Arabia,SA,SAU,2023,SI.POV.DDAY,
Saudi Arabia,SA,SAU,2022,SI.POV.DDAY,
Saudi Arabia,SA,SAU,2021,SI.POV.DDAY,
Saudi Arabia,SA,SAU,2020,SI.POV.DDAY,
Saudi Arabia,SA,SAU,2019,SI.POV.DDAY,
Saudi Arabia,SA,SAU,2018,SI.POV.DDAY,
Saudi Arabia,SA,SAU,2017,SI.POV.DDAY,
Saudi Arabia,SA,SAU,2016,SI.POV.DDAY,
Saudi Arabia,SA,SAU,2015,SI.POV.DDAY,
Saudi Arabia,SA,SAU,2014,SI.POV.DDAY,
Saudi Arabia,SA,SAU,2013,SI.POV.DDAY,
Saudi Arabia,SA,SAU,2012,SI.POV.DDAY,
Saudi Arabia,SA,SAU,2011,SI.POV.DDAY,
Saudi Arabia,SA,SAU,2010,SI.POV.DDAY,
Singapore,SG,SGP,2023,SI.POV.DDAY,
Singapore,SG,SGP,2022,SI.POV.DDAY,
Singapore,SG,SGP,2021,SI.POV.DDAY,
Singapore,SG,SGP,2020,SI.POV.DDAY,
Singapore,SG,SGP,2019,SI.POV.DDAY,
Singapore,SG,SGP,2018,SI.POV.DDAY,
Singapore,SG,SGP,2017,SI.POV.DDAY,
Singapore,SG,SGP,2016,SI.POV.DDAY,
Singapore,SG,SGP,2015,SI.POV.DDAY,
Singapore,SG,SGP,2014,SI.POV.DDAY,
Singapore,SG,SGP,2013,SI.POV.DDAY,
Singapore,SG,SGP,2012,SI.POV.DDAY,
Singapore,SG,SGP,2011,SI.POV.DDAY,
Singapore,SG,SGP,2010,SI.POV.DDAY,
Turkiye,TR,TUR,2023,SI.POV.DDAY,0.2
Turkiye,TR,TUR,2022,SI.POV.DDAY,0.5
Turkiye,TR,TUR,2021,SI.POV.DDAY,0.9
Turkiye,TR,TUR,2020,SI.POV.DDAY,1.1
Turkiye,TR,TUR,2019,SI.POV.DDAY,1.3
Turkiye,TR,TUR,2018,SI.POV.DDAY,1
Turkiye,TR,TUR,2017,SI.POV.DDAY,1.1
Turkiye,TR,TUR,2016,SI.POV.DDAY,0.9
Turkiye,TR,TUR,2015,SI.POV.DDAY,1.3
Turkiye,TR,TUR,2014,SI.POV.DDAY,1
Turkiye,TR,TUR,2013,SI.POV.DDAY,1.5
Turkiye,TR,TUR,2012,SI.POV.DDAY,1.7
Turkiye,TR,TUR,2011,SI.POV.DDAY,2
Turkiye,TR,TUR,2010,SI.POV.DDAY,2.8
Viet Nam,VN,VNM,2023,SI.POV.DDAY,
Viet Nam,VN,VNM,2022,SI.POV.DDAY,1.6
Viet Nam,VN,VNM,2021,SI.POV.DDAY,
Viet Nam,VN,VNM,2020,SI.POV.DDAY,1.3
Viet Nam,VN,VNM,2019,SI.POV.DDAY,
Viet Nam,VN,VNM,2018,SI.POV.DDAY,2.2
Viet Nam,VN,VNM,2017,SI.POV.DDAY,
Viet Nam,VN,VNM,2016,SI.POV.DDAY,2.5
Viet Nam,VN,VNM,2015,SI.POV.DDAY,
Viet Nam,VN,VNM,2014,SI.POV.DDAY,3.4
Viet Nam,VN,VNM,2013,SI.POV.DDAY,
Viet Nam,VN,VNM,2012,SI.POV.DDAY,3.7
Viet Nam,VN,VNM,2011,SI.POV.DDAY,
Viet Nam,VN,VNM,2010,SI.POV.DDAY,5.2
South Africa,ZA,ZAF,2023,SI.POV.DDAY,
South Africa,ZA,ZAF,2022,SI.POV.DDAY,17.4
South Africa,ZA,ZAF,2021,SI.POV.DDAY,
South Africa,ZA,ZAF,2020,SI.POV.DDAY,
South Africa,ZA,ZAF,2019,SI.POV.DDAY,
South Africa,ZA,ZAF,2018,SI.POV.DDAY,
South Africa,ZA,ZAF,2017,SI.POV.DDAY,
South Africa,ZA,ZAF,2016,SI.POV.DDAY,
South Africa,ZA,ZAF,2015,SI.POV.DDAY,
South Africa,ZA,ZAF,2014,SI.POV.DDAY,27.9
South Africa,ZA,ZAF,2013,SI.POV.DDAY,
South Africa,ZA,ZAF,2012,SI.POV.DDAY,
South Africa,ZA,ZAF,2011,SI.POV.DDAY,
South Africa,ZA,ZAF,2010,SI.POV.DDAY,27.8
Argentina,AR,ARG,2023,NY.GNP.PCAP.CD,12920
Argentina,AR,ARG,2022,NY.GNP.PCAP.CD,11890
Argentina,AR,ARG,2021,NY.GNP.PCAP.CD,10070
Argentina,AR,ARG,2020,NY.GNP.PCAP.CD,9040
Argentina,AR,ARG,2019,NY.GNP.PCAP.CD,11210
Argentina,AR,ARG,2018,NY.GNP.PCAP.CD,12390
Argentina,AR,ARG,2017,NY.GNP.PCAP.CD,13070
Argentina,AR,ARG,2016,NY.GNP.PCAP.CD,12130
Argentina,AR,ARG,2015,NY.GNP.PCAP.CD,12500
Argentina,AR,ARG,2014,NY.GNP.PCAP.CD,12240
Argentina,AR,ARG,2013,NY.GNP.PCAP.CD,12760
Argentina,AR,ARG,2012,NY.GNP.PCAP.CD,11770
Argentina,AR,ARG,2011,NY.GNP.PCAP.CD,10590
Argentina,AR,ARG,2010,NY.GNP.PCAP.CD,9160
Brazil,BR,BRA,2023,NY.GNP.PCAP.CD,9310
Brazil,BR,BRA,2022,NY.GNP.PCAP.CD,8440
Brazil,BR,BRA,2021,NY.GNP.PCAP.CD,8060
Brazil,BR,BRA,2020,NY.GNP.PCAP.CD,8080
Brazil,BR,BRA,2019,NY.GNP.PCAP.CD,9410
Brazil,BR,BRA,2018,NY.GNP.PCAP.CD,9320
Brazil,BR,BRA,2017,NY.GNP.PCAP.CD,8830
Brazil,BR,BRA,2016,NY.GNP.PCAP.CD,9050
Brazil,BR,BRA,2015,NY.GNP.PCAP.CD,10330
Brazil,BR,BRA,2014,NY.GNP.PCAP.CD,12280
Brazil,BR,BRA,2013,NY.GNP.PCAP.CD,12950
Brazil,BR,BRA,2012,NY.GNP.PCAP.CD,12460
Brazil,BR,BRA,2011,NY.GNP.PCAP.CD,11210
Brazil,BR,BRA,2010,NY.GNP.PCAP.CD,9750
Canada,CA,CAN,2023,NY.GNP.PCAP.CD,55340
Canada,CA,CAN,2022,NY.GNP.PCAP.CD,54070
Canada,CA,CAN,2021,NY.GNP.PCAP.CD,49080
Canada,CA,CAN,2020,NY.GNP.PCAP.CD,43900
Canada,CA,CAN,2019,NY.GNP.PCAP.CD,46580
Canada,CA,CAN,2018,NY.GNP.PCAP.CD,45060
Canada,CA,CAN,2017,NY.GNP.PCAP.CD,42900
Canada,CA,CAN,2016,NY.GNP.PCAP.CD,43900
Canada,CA,CAN,2015,NY.GNP.PCAP.CD,47580
Canada,CA,CAN,2014,NY.GNP.PCAP.CD,52200
Canada,CA,CAN,2013,NY.GNP.PCAP.CD,52800
Canada,CA,CAN,2012,NY.GNP.PCAP.CD,51080
Canada,CA,CAN,2011,NY.GNP.PCAP.CD,47190
Canada,CA,CAN,2010,NY.GNP.PCAP.CD,44490
China,CN,CHN,2023,NY.GNP.PCAP.CD,13750
China,CN,CHN,2022,NY.GNP.PCAP.CD,13170
China,CN,CHN,2021,NY.GNP.PCAP.CD,12220
China,CN,CHN,2020,NY.GNP.PCAP.CD,10740
China,CN,CHN,2019,NY.GNP.PCAP.CD,10510
China,CN,CHN,2018,NY.GNP.PCAP.CD,9720
China,CN,CHN,2017,NY.GNP.PCAP.CD,8830
China,CN,CHN,2016,NY.GNP.PCAP.CD,8360
China,CN,CHN,2015,NY.GNP.PCAP.CD,8040
China,CN,CHN,2014,NY.GNP.PCAP.CD,7600
China,CN,CHN,2013,NY.GNP.PCAP.CD,6860
China,CN,CHN,2012,NY.GNP.PCAP.CD,6010
China,CN,CHN,2011,NY.GNP.PCAP.CD,5130
China,CN,CHN,2010,NY.GNP.PCAP.CD,4410
Germany,DE,DEU,2023,NY.GNP.PCAP.CD,55420
Germany,DE,DEU,2022,NY.GNP.PCAP.CD,55200
Germany,DE,DEU,2021,NY.GNP.PCAP.CD,52850
Germany,DE,DEU,2020,NY.GNP.PCAP.CD,48540
Germany,DE,DEU,2019,NY.GNP.PCAP.CD,50350
Germany,DE,DEU,2018,NY.GNP.PCAP.CD,48770
Germany,DE,DEU,2017,NY.GNP.PCAP.CD,44730
Germany,DE,DEU,2016,NY.GNP.PCAP.CD,45340
Germany,DE,DEU,2015,NY.GNP.PCAP.CD,46590
Germany,DE,DEU,2014,NY.GNP.PCAP.CD,48610
Germany,DE,DEU,2013,NY.GNP.PCAP.CD,48160
Germany,DE,DEU,2012,NY.GNP.PCAP.CD,47480
Germany,DE,DEU,2011,NY.GNP.PCAP.CD,48200
Germany,DE,DEU,2010,NY.GNP.PCAP.CD,45530
Spain,ES,ESP,2023,NY.GNP.PCAP.CD,32980
Spain,ES,ESP,2022,NY.GNP.PCAP.CD,32690
Spain,ES,ESP,2021,NY.GNP.PCAP.CD,30380
Spain,ES,ESP,2020,NY.GNP.PCAP.CD,27410
Spain,ES,ESP,2019,NY.GNP.PCAP.CD,30560
Spain,ES,ESP,2018,NY.GNP.PCAP.CD,29530
Spain,ES,ESP,2017,NY.GNP.PCAP.CD,27290
Spain,ES,ESP,2016,NY.GNP.PCAP.CD,27760
Spain,ES,ESP,2015,NY.GNP.PCAP.CD,28700
Spain,ES,ESP,2014,NY.GNP.PCAP.CD,29350
Spain,ES,ESP,2013,NY.GNP.PCAP.CD,29400
Spain,ES,ESP,2012,NY.GNP.PCAP.CD,29710
Spain,ES,ESP,2011,NY.GNP.PCAP.CD,31170
Spain,ES,ESP,2010,NY.GNP.PCAP.CD,32060
France,FR,FRA,2023,NY.GNP.PCAP.CD,45770
France,FR,FRA,2022,NY.GNP.PCAP.CD,46010
France,FR,FRA,2021,NY.GNP.PCAP.CD,44300
France,FR,FRA,2020,NY.GNP.PCAP.CD,39690
France,FR,FRA,2019,NY.GNP.PCAP.CD,42720
France,FR,FRA,2018,NY.GNP.PCAP.CD,40960
France,FR,FRA,2017,NY.GNP.PCAP.CD,38120
France,FR,FRA,2016,NY.GNP.PCAP.CD,39020
France,FR,FRA,2015,NY.GNP.PCAP.CD,41130
France,FR,FRA,2014,NY.GNP.PCAP.CD,43470
France,FR,FRA,2013,NY.GNP.PCAP.CD,43950
France,FR,FRA,2012,NY.GNP.PCAP.CD,43500
France,FR,FRA,2011,NY.GNP.PCAP.CD,44610
France,FR,FRA,2010,NY.GNP.PCAP.CD,44040
United Kingdom,GB,GBR,2023,NY.GNP.PCAP.CD,48800
United Kingdom,GB,GBR,2022,NY.GNP.PCAP.CD,49690
United Kingdom,GB,GBR,2021,NY.GNP.PCAP.CD,45880
United Kingdom,GB,GBR,2020,NY.GNP.PCAP.CD,39350
United Kingdom,GB,GBR,2019,NY.GNP.PCAP.CD,43640
United Kingdom,GB,GBR,2018,NY.GNP.PCAP.CD,42540
United Kingdom,GB,GBR,2017,NY.GNP.PCAP.CD,42140
United Kingdom,GB,GBR,2016,NY.GNP.PCAP.CD,43310
United Kingdom,GB,GBR,2015,NY.GNP.PCAP.CD,44630
United Kingdom,GB,GBR,2014,NY.GNP.PCAP.CD,44780
United Kingdom,GB,GBR,2013,NY.GNP.PCAP.CD,42960
United Kingdom,GB,GBR,2012,NY.GNP.PCAP.CD,41940
United Kingdom,GB,GBR,2011,NY.GNP.PCAP.CD,41240
United Kingdom,GB,GBR,2010,NY.GNP.PCAP.CD,42010
Italy,IT,ITA,2023,NY.GNP.PCAP.CD,38750
Italy,IT,ITA,2022,NY.GNP.PCAP.CD,39060
Italy,IT,ITA,2021,NY.GNP.PCAP.CD,36760
Italy,IT,ITA,2020,NY.GNP.PCAP.CD,32600
Italy,IT,ITA,2019,NY.GNP.PCAP.CD,35030
Italy,IT,ITA,2018,NY.GNP.PCAP.CD,34270
Italy,IT,ITA,2017,NY.GNP.PCAP.CD,31790
Italy,IT,ITA,2016,NY.GNP.PCAP.CD,32400
Italy,IT,ITA,2015,NY.GNP.PCAP.CD,33460
Italy,IT,ITA,2014,NY.GNP.PCAP.CD,35370
Italy,IT,ITA,2013,NY.GNP.PCAP.CD,35700
Italy,IT,ITA,2012,NY.GNP.PCAP.CD,35970
Italy,IT,ITA,2011,NY.GNP.PCAP.CD,37710
Italy,IT,ITA,2010,NY.GNP.PCAP.CD,37720
Japan,JP,JPN,2023,NY.GNP.PCAP.CD,40740
Japan,JP,JPN,2022,NY.GNP.PCAP.CD,44300
Japan,JP,JPN,2021,NY.GNP.PCAP.CD,45160
Japan,JP,JPN,2020,NY.GNP.PCAP.CD,41880
Japan,JP,JPN,2019,NY.GNP.PCAP.CD,42960
Japan,JP,JPN,2018,NY.GNP.PCAP.CD,42720
Japan,JP,JPN,2017,NY.GNP.PCAP.CD,39700
Japan,JP,JPN,2016,NY.GNP.PCAP.CD,39220
Japan,JP,JPN,2015,NY.GNP.PCAP.CD,40140
Japan,JP,JPN,2014,NY.GNP.PCAP.CD,45180
Japan,JP,JPN,2013,NY.GNP.PCAP.CD,49350
Japan,JP,JPN,2012,NY.GNP.PCAP.CD,50540
Japan,JP,JPN,2011,NY.GNP.PCAP.CD,47800
Japan,JP,JPN,2010,NY.GNP.PCAP.CD,44290
Mexico,MX,MEX,2023,NY.GNP.PCAP.CD,11990
Mexico,MX,MEX,2022,NY.GNP.PCAP.CD,10730
Mexico,MX,MEX,2021,NY.GNP.PCAP.CD,9880
Mexico,MX,MEX,2020,NY.GNP.PCAP.CD,8920
Mexico,MX,MEX,2019,NY.GNP.PCAP.CD,9860
Mexico,MX,MEX,2018,NY.GNP.PCAP.CD,9560
Mexico,MX,MEX,2017,NY.GNP.PCAP.CD,9270
Mexico,MX,MEX,2016,NY.GNP.PCAP.CD,9740
Mexico,MX,MEX,2015,NY.GNP.PCAP.CD,10580
Mexico,MX,MEX,2014,NY.GNP.PCAP.CD,10950
Mexico,MX,MEX,2013,NY.GNP.PCAP.CD,10710
Mexico,MX,MEX,2012,NY.GNP.PCAP.CD,10500
Mexico,MX,MEX,2011,NY.GNP.PCAP.CD,9760
Mexico,MX,MEX,2010,NY.GNP.PCAP.CD,9470
Netherlands,NL,NLD,2023,NY.GNP.PCAP.CD,62550
Netherlands,NL,NLD,2022,NY.GNP.PCAP.CD,62110
Netherlands,NL,NLD,2021,NY.GNP.PCAP.CD,59560
Netherlands,NL,NLD,2020,NY.GNP.PCAP.CD,51490
Netherlands,NL,NLD,2019,NY.GNP.PCAP.CD,52940
Netherlands,NL,NLD,2018,NY.GNP.PCAP.CD,51290
Netherlands,NL,NLD,2017,NY.GNP.PCAP.CD,46710
Netherlands,NL,NLD,2016,NY.GNP.PCAP.CD,46960
Netherlands,NL,NLD,2015,NY.GNP.PCAP.CD,49670
Netherlands,NL,NLD,2014,NY.GNP.PCAP.CD,52220
Netherlands,NL,NLD,2013,NY.GNP.PCAP.CD,52460
Netherlands,NL,NLD,2012,NY.GNP.PCAP.CD,52070
Netherlands,NL,NLD,2011,NY.GNP.PCAP.CD,54270
Netherlands,NL,NLD,2010,NY.GNP.PCAP.CD,54000
Poland,PL,POL,2023,NY.GNP.PCAP.CD,19890
Poland,PL,POL,2022,NY.GNP.PCAP.CD,19110
Poland,PL,POL,2021,NY.GNP.PCAP.CD,17470
Poland,PL,POL,2020,NY.GNP.PCAP.CD,15640
Poland,PL,POL,2019,NY.GNP.PCAP.CD,15510
Poland,PL,POL,2018,NY.GNP.PCAP.CD,14310
Poland,PL,POL,2017,NY.GNP.PCAP.CD,12780
Poland,PL,POL,2016,NY.GNP.PCAP.CD,12740
Poland,PL,POL,2015,NY.GNP.PCAP.CD,13320
Poland,PL,POL,2014,NY.GNP.PCAP.CD,13540
Poland,PL,POL,2013,NY.GNP.PCAP.CD,13290
Poland,PL,POL,2012,NY.GNP.PCAP.CD,13170
Poland,PL,POL,2011,NY.GNP.PCAP.CD,12900
Poland,PL,POL,2010,NY.GNP.PCAP.CD,12730
Sweden,SE,SWE,2023,NY.GNP.PCAP.CD,60540
Sweden,SE,SWE,2022,NY.GNP.PCAP.CD,61930
Sweden,SE,SWE,2021,NY.GNP.PCAP.CD,59840
Sweden,SE,SWE,2020,NY.GNP.PCAP.CD,54590
Sweden,SE,SWE,2019,NY.GNP.PCAP.CD,56100
Sweden,SE,SWE,2018,NY.GNP.PCAP.CD,54930
Sweden,SE,SWE,2017,NY.GNP.PCAP.CD,52240
Sweden,SE,SWE,2016,NY.GNP.PCAP.CD,53850
Sweden,SE,SWE,2015,NY.GNP.PCAP.CD,57900
Sweden,SE,SWE,2014,NY.GNP.PCAP.CD,61350
Sweden,SE,SWE,2013,NY.GNP.PCAP.CD,61530
Sweden,SE,SWE,2012,NY.GNP.PCAP.CD,58840
Sweden,SE,SWE,2011,NY.GNP.PCAP.CD,56450
Sweden,SE,SWE,2010,NY.GNP.PCAP.CD,54380
United States,US,USA,2023,NY.GNP.PCAP.CD,79950
United States,US,USA,2022,NY.GNP.PCAP.CD,77230
United States,US,USA,2021,NY.GNP.PCAP.CD,71510
United States,US,USA,2020,NY.GNP.PCAP.CD,64630
United States,US,USA,2019,NY.GNP.PCAP.CD,65840
United States,US,USA,2018,NY.GNP.PCAP.CD,63040
United States,US,USA,2017,NY.GNP.PCAP.CD,58860
United States,US,USA,2016,NY.GNP.PCAP.CD,56830
United States,US,USA,2015,NY.GNP.PCAP.CD,56320
United States,US,USA,2014,NY.GNP.PCAP.CD,55520
United States,US,USA,2013,NY.GNP.PCAP.CD,53750
United States,US,USA,2012,NY.GNP.PCAP.CD,52610
United States,US,USA,2011,NY.GNP.PCAP.CD,50620
United States,US,USA,2010,NY.GNP.PCAP.CD,49180
Australia,AU,AUS,2023,NY.GNP.PCAP.CD,63320
Australia,AU,AUS,2022,NY.GNP.PCAP.CD,60790
Australia,AU,AUS,2021,NY.GNP.PCAP.CD,57220
Australia,AU,AUS,2020,NY.GNP.PCAP.CD,53770
Australia,AU,AUS,2019,NY.GNP.PCAP.CD,55090
Australia,AU,AUS,2018,NY.GNP.PCAP.CD,53280
Australia,AU,AUS,2017,NY.GNP.PCAP.CD,51700
Australia,AU,AUS,2016,NY.GNP.PCAP.CD,54330
Australia,AU,AUS,2015,NY.GNP.PCAP.CD,60780
Australia,AU,AUS,2014,NY.GNP.PCAP.CD,65500
Australia,AU,AUS,2013,NY.GNP.PCAP.CD,66360
Australia,AU,AUS,2012,NY.GNP.PCAP.CD,60500
Australia,AU,AUS,2011,NY.GNP.PCAP.CD,50570
Australia,AU,AUS,2010,NY.GNP.PCAP.CD,46900
Chile,CL,CHL,2023,NY.GNP.PCAP.CD,15970
Chile,CL,CHL,2022,NY.GNP.PCAP.CD,15430
Chile,CL,CHL,2021,NY.GNP.PCAP.CD,14790
Chile,CL,CHL,2020,NY.GNP.PCAP.CD,12960
Chile,CL,CHL,2019,NY.GNP.PCAP.CD,14700
Chile,CL,CHL,2018,NY.GNP.PCAP.CD,14460
Chile,CL,CHL,2017,NY.GNP.PCAP.CD,13200
Chile,CL,CHL,2016,NY.GNP.PCAP.CD,13310
Chile,CL,CHL,2015,NY.GNP.PCAP.CD,14080
Chile,CL,CHL,2014,NY.GNP.PCAP.CD,14690
Chile,CL,CHL,2013,NY.GNP.PCAP.CD,15080
Chile,CL,CHL,2012,NY.GNP.PCAP.CD,14170
Chile,CL,CHL,2011,NY.GNP.PCAP.CD,11860
Chile,CL,CHL,2010,NY.GNP.PCAP.CD,10720
Colombia,CO,COL,2023,NY.GNP.PCAP.CD,6760
Colombia,CO,COL,2022,NY.GNP.PCAP.CD,6560
Colombia,CO,COL,2021,NY.GNP.PCAP.CD,6310
Colombia,CO,COL,2020,NY.GNP.PCAP.CD,5850
Colombia,CO,COL,2019,NY.GNP.PCAP.CD,6630
Colombia,CO,COL,2018,NY.GNP.PCAP.CD,6350
Colombia,CO,COL,2017,NY.GNP.PCAP.CD,6030
Colombia,CO,COL,2016,NY.GNP.PCAP.CD,6560
Colombia,CO,COL,2015,NY.GNP.PCAP.CD,7420
Colombia,CO,COL,2014,NY.GNP.PCAP.CD,8280
Colombia,CO,COL,2013,NY.GNP.PCAP.CD,8010
Colombia,CO,COL,2012,NY.GNP.PCAP.CD,7340
Colombia,CO,COL,2011,NY.GNP.PCAP.CD,6370
Colombia,CO,COL,2010,NY.GNP.PCAP.CD,5690
"Egypt, Arab Rep.",EG,EGY,2023,NY.GNP.PCAP.CD,3840
"Egypt, Arab Rep.",EG,EGY,2022,NY.GNP.PCAP.CD,4040
"Egypt, Arab Rep.",EG,EGY,2021,NY.GNP.PCAP.CD,3470
"Egypt, Arab Rep.",EG,EGY,2020,NY.GNP.PCAP.CD,2960
"Egypt, Arab Rep.",EG,EGY,2019,NY.GNP.PCAP.CD,2640
"Egypt, Arab Rep.",EG,EGY,2018,NY.GNP.PCAP.CD,2710
"Egypt, Arab Rep.",EG,EGY,2017,NY.GNP.PCAP.CD,2880
"Egypt, Arab Rep.",EG,EGY,2016,NY.GNP.PCAP.CD,3200
"Egypt, Arab Rep.",EG,EGY,2015,NY.GNP.PCAP.CD,3100
"Egypt, Arab Rep.",EG,EGY,2014,NY.GNP.PCAP.CD,3000
"Egypt, Arab Rep.",EG,EGY,2013,NY.GNP.PCAP.CD,2810
"Egypt, Arab Rep.",EG,EGY,2012,NY.GNP.PCAP.CD,2630
"Egypt, Arab Rep.",EG,EGY,2011,NY.GNP.PCAP.CD,2380
"Egypt, Arab Rep.",EG,EGY,2010,NY.GNP.PCAP.CD,2200
Indonesia,ID,IDN,2023,NY.GNP.PCAP.CD,4810
Indonesia,ID,IDN,2022,NY.GNP.PCAP.CD,4520
Indonesia,ID,IDN,2021,NY.GNP.PCAP.CD,4130
Indonesia,ID,IDN,2020,NY.GNP.PCAP.CD,3850
Indonesia,ID,IDN,2019,NY.GNP.PCAP.CD,4020
Indonesia,ID,IDN,2018,NY.GNP.PCAP.CD,3810
Indonesia,ID,IDN,2017,NY.GNP.PCAP.CD,3490
Indonesia,ID,IDN,2016,NY.GNP.PCAP.CD,3370
Indonesia,ID,IDN,2015,NY.GNP.PCAP.CD,3390
Indonesia,ID,IDN,2014,NY.GNP.PCAP.CD,3570
Indonesia,ID,IDN,2013,NY.GNP.PCAP.CD,3670
Indonesia,ID,IDN,2012,NY.GNP.PCAP.CD,3520
Indonesia,ID,IDN,2011,NY.GNP.PCAP.CD,2960
Indonesia,ID,IDN,2010,NY.GNP.PCAP.CD,2490
India,IN,IND,2023,NY.GNP.PCAP.CD,2490
India,IN,IND,2022,NY.GNP.PCAP.CD,2360
India,IN,IND,2021,NY.GNP.PCAP.CD,2170
India,IN,IND,2020,NY.GNP.PCAP.CD,1900
India,IN,IND,2019,NY.GNP.PCAP.CD,2070
India,IN,IND,2018,NY.GNP.PCAP.CD,1970
India,IN,IND,2017,NY.GNP.PCAP.CD,1790
India,IN,IND,2016,NY.GNP.PCAP.CD,1670
India,IN,IND,2015,NY.GNP.PCAP.CD,1580
India,IN,IND,2014,NY.GNP.PCAP.CD,1540
India,IN,IND,2013,NY.GNP.PCAP.CD,1500
India,IN,IND,2012,NY.GNP.PCAP.CD,1460
India,IN,IND,2011,NY.GNP.PCAP.CD,1350
India,IN,IND,2010,NY.GNP.PCAP.CD,1210
"Korea, Rep.",KR,KOR,2023,NY.GNP.PCAP.CD,38020
"Korea, Rep.",KR,KOR,2022,NY.GNP.PCAP.CD,38590
"Korea, Rep.",KR,KOR,2021,NY.GNP.PCAP.CD,37450
"Korea, Rep.",KR,KOR,2020,NY.GNP.PCAP.CD,35000
"Korea, Rep.",KR,KOR,2019,NY.GNP.PCAP.CD,35790
"Korea, Rep.",KR,KOR,2018,NY.GNP.PCAP.CD,34610
"Korea, Rep.",KR,KOR,2017,NY.GNP.PCAP.CD,31940
"Korea, Rep.",KR,KOR,2016,NY.GNP.PCAP.CD,30850
"Korea, Rep.",KR,KOR,2015,NY.GNP.PCAP.CD,30130
"Korea, Rep.",KR,KOR,2014,NY.GNP.PCAP.CD,29480
"Korea, Rep.",KR,KOR,2013,NY.GNP.PCAP.CD,28210
"Korea, Rep.",KR,KOR,2012,NY.GNP.PCAP.CD,26780
"Korea, Rep.",KR,KOR,2011,NY.GNP.PCAP.CD,24590
"Korea, Rep.",KR,KOR,2010,NY.GNP.PCAP.CD,23250
Nigeria,NG,NGA,2023,NY.GNP.PCAP.CD,2590
Nigeria,NG,NGA,2022,NY.GNP.PCAP.CD,2940
Nigeria,NG,NGA,2021,NY.GNP.PCAP.CD,2860
Nigeria,NG,NGA,2020,NY.GNP.PCAP.CD,2460
Nigeria,NG,NGA,2019,NY.GNP.PCAP.CD,2260
Nigeria,NG,NGA,2018,NY.GNP.PCAP.CD,1950
Nigeria,NG,NGA,2017,NY.GNP.PCAP.CD,2020
Nigeria,NG,NGA,2016,NY.GNP.PCAP.CD,2370
Nigeria,NG,NGA,2015,NY.GNP.PCAP.CD,2760
Nigeria,NG,NGA,2014,NY.GNP.PCAP.CD,2870
Nigeria,NG,NGA,2013,NY.GNP.PCAP.CD,2600
Nigeria,NG,NGA,2012,NY.GNP.PCAP.CD,2360
Nigeria,NG,NGA,2011,NY.GNP.PCAP.CD,2100
Nigeria,NG,NGA,2010,NY.GNP.PCAP.CD,2050
Russian Federation,RU,RUS,2023,NY.GNP.PCAP.CD,14400
Russian Federation,RU,RUS,2022,NY.GNP.PCAP.CD,12890
Russian Federation,RU,RUS,2021,NY.GNP.PCAP.CD,11710
Russian Federation,RU,RUS,2020,NY.GNP.PCAP.CD,10660
Russian Federation,RU,RUS,2019,NY.GNP.PCAP.CD,11190
Russian Federation,RU,RUS,2018,NY.GNP.PCAP.CD,10180
Russian Federation,RU,RUS,2017,NY.GNP.PCAP.CD,9160
Russian Federation,RU,RUS,2016,NY.GNP.PCAP.CD,9680
Russian Federation,RU,RUS,2015,NY.GNP.PCAP.CD,11740
Russian Federation,RU,RUS,2014,NY.GNP.PCAP.CD,14590
Russian Federation,RU,RUS,2013,NY.GNP.PCAP.CD,15160
Russian Federation,RU,RUS,2012,NY.GNP.PCAP.CD,13470
Russian Federation,RU,RUS,2011,NY.GNP.PCAP.CD,11060
Russian Federation,RU,RUS,2010,NY.GNP.PCAP.CD,9980
Saudi Arabia,SA,SAU,2023,NY.GNP.PCAP.CD,36330
Saudi Arabia,SA,SAU,2022,NY.GNP.PCAP.CD,35110
Saudi Arabia,SA,SAU,2021,NY.GNP.PCAP.CD,30480
Saudi Arabia,SA,SAU,2020,NY.GNP.PCAP.CD,26940
Saudi Arabia,SA,SAU,2019,NY.GNP.PCAP.CD,29140
Saudi Arabia,SA,SAU,2018,NY.GNP.PCAP.CD,26570
Saudi Arabia,SA,SAU,2017,NY.GNP.PCAP.CD,23130
Saudi Arabia,SA,SAU,2016,NY.GNP.PCAP.CD,23940
Saudi Arabia,SA,SAU,2015,NY.GNP.PCAP.CD,26580
Saudi Arabia,SA,SAU,2014,NY.GNP.PCAP.CD,29080
Saudi Arabia,SA,SAU,2013,NY.GNP.PCAP.CD,28620
Saudi Arabia,SA,SAU,2012,NY.GNP.PCAP.CD,27610
Saudi Arabia,SA,SAU,2011,NY.GNP.PCAP.CD,24110
Saudi Arabia,SA,SAU,2010,NY.GNP.PCAP.CD,21820
Singapore,SG,SGP,2023,NY.GNP.PCAP.CD,69530
Singapore,SG,SGP,2022,NY.GNP.PCAP.CD,68100
Singapore,SG,SGP,2021,NY.GNP.PCAP.CD,65540
Singapore,SG,SGP,2020,NY.GNP.PCAP.CD,56290
Singapore,SG,SGP,2019,NY.GNP.PCAP.CD,58510
Singapore,SG,SGP,2018,NY.GNP.PCAP.CD,56440
Singapore,SG,SGP,2017,NY.GNP.PCAP.CD,55360
Singapore,SG,SGP,2016,NY.GNP.PCAP.CD,53600
Singapore,SG,SGP,2015,NY.GNP.PCAP.CD,53160
Singapore,SG,SGP,2014,NY.GNP.PCAP.CD,56380
Singapore,SG,SGP,2013,NY.GNP.PCAP.CD,54470
Singapore,SG,SGP,2012,NY.GNP.PCAP.CD,51710
Singapore,SG,SGP,2011,NY.GNP.PCAP.CD,48250
Singapore,SG,SGP,2010,NY.GNP.PCAP.CD,44930
Turkiye,TR,TUR,2023,NY.GNP.PCAP.CD,11980
Turkiye,TR,TUR,2022,NY.GNP.PCAP.CD,10870
Turkiye,TR,TUR,2021,NY.GNP.PCAP.CD,10230
Turkiye,TR,TUR,2020,NY.GNP.PCAP.CD,9330
Turkiye,TR,TUR,2019,NY.GNP.PCAP.CD,9970
Turkiye,TR,TUR,2018,NY.GNP.PCAP.CD,10760
Turkiye,TR,TUR,2017,NY.GNP.PCAP.CD,11140
Turkiye,TR,TUR,2016,NY.GNP.PCAP.CD,11350
Turkiye,TR,TUR,2015,NY.GNP.PCAP.CD,12080
Turkiye,TR,TUR,2014,NY.GNP.PCAP.CD,12670
Turkiye,TR,TUR,2013,NY.GNP.PCAP.CD,12640
Turkiye,TR,TUR,2012,NY.GNP.PCAP.CD,11950
Turkiye,TR,TUR,2011,NY.GNP.PCAP.CD,11260
Turkiye,TR,TUR,2010,NY.GNP.PCAP.CD,10460
Viet Nam,VN,VNM,2023,NY.GNP.PCAP.CD,4140
Viet Nam,VN,VNM,2022,NY.GNP.PCAP.CD,3980
Viet Nam,VN,VNM,2021,NY.GNP.PCAP.CD,3540
Viet Nam,VN,VNM,2020,NY.GNP.PCAP.CD,3400
Viet Nam,VN,VNM,2019,NY.GNP.PCAP.CD,3290
Viet Nam,VN,VNM,2018,NY.GNP.PCAP.CD,3020
Viet Nam,VN,VNM,2017,NY.GNP.PCAP.CD,2680
Viet Nam,VN,VNM,2016,NY.GNP.PCAP.CD,2560
Viet Nam,VN,VNM,2015,NY.GNP.PCAP.CD,2460
Viet Nam,VN,VNM,2014,NY.GNP.PCAP.CD,2390
Viet Nam,VN,VNM,2013,NY.GNP.PCAP.CD,2200
Viet Nam,VN,VNM,2012,NY.GNP.PCAP.CD,1980
Viet Nam,VN,VNM,2011,NY.GNP.PCAP.CD,1630
Viet Nam,VN,VNM,2010,NY.GNP.PCAP.CD,1370
South Africa,ZA,ZAF,2023,NY.GNP.PCAP.CD,6490
South Africa,ZA,ZAF,2022,NY.GNP.PCAP.CD,6530
South Africa,ZA,ZAF,2021,NY.GNP.PCAP.CD,6320
South Africa,ZA,ZAF,2020,NY.GNP.PCAP.CD,5930
South Africa,ZA,ZAF,2019,NY.GNP.PCAP.CD,6570
South Africa,ZA,ZAF,2018,NY.GNP.PCAP.CD,6250
South Africa,ZA,ZAF,2017,NY.GNP.PCAP.CD,5850
South Africa,ZA,ZAF,2016,NY.GNP.PCAP.CD,5880
South Africa,ZA,ZAF,2015,NY.GNP.PCAP.CD,6450
South Africa,ZA,ZAF,2014,NY.GNP.PCAP.CD,7230
South Africa,ZA,ZAF,2013,NY.GNP.PCAP.CD,7930
South Africa,ZA,ZAF,2012,NY.GNP.PCAP.CD,8220
South Africa,ZA,ZAF,2011,NY.GNP.PCAP.CD,7620
South Africa,ZA,ZAF,2010,NY.GNP.PCAP.CD,6730
Argentina,AR,ARG,2023,SP.URB.TOTL.IN.ZS,92.1945132257907
Argentina,AR,ARG,2022,SP.URB.TOTL.IN.ZS,92.112838186126
Argentina,AR,ARG,2021,SP.URB.TOTL.IN.ZS,92.0292776175651
Argentina,AR,ARG,2020,SP.URB.TOTL.IN.ZS,91.9439026594897
Argentina,AR,ARG,2019,SP.URB.TOTL.IN.ZS,91.8567844513802
Argentina,AR,ARG,2018,SP.URB.TOTL.IN.ZS,91.7679941327998
Argentina,AR,ARG,2017,SP.URB.TOTL.IN.ZS,91.6776028433824
Argentina,AR,ARG,2016,SP.URB.TOTL.IN.ZS,91.5856817228217
Argentina,AR,ARG,2015,SP.URB.TOTL.IN.ZS,91.4923019108628
Argentina,AR,ARG,2014,SP.URB.TOTL.IN.ZS,91.3975345472954
Argentina,AR,ARG,2013,SP.URB.TOTL.IN.ZS,91.3014507719473
Argentina,AR,ARG,2012,SP.URB.TOTL.IN.ZS,91.2041217246797
Argentina,AR,ARG,2011,SP.URB.TOTL.IN.ZS,91.1072286738406
Argentina,AR,ARG,2010,SP.URB.TOTL.IN.ZS,90.9930051940977
Brazil,BR,BRA,2023,SP.URB.TOTL.IN.ZS,87.6159710235763
Brazil,BR,BRA,2022,SP.URB.TOTL.IN.ZS,87.349556243881
Brazil,BR,BRA,2021,SP.URB.TOTL.IN.ZS,87.1360781715439
Brazil,BR,BRA,2020,SP.URB.TOTL.IN.ZS,86.9112186503004
Brazil,BR,BRA,2019,SP.URB.TOTL.IN.ZS,86.6797991084296
Brazil,BR,BRA,2018,SP.URB.TOTL.IN.ZS,86.4420719945072
Brazil,BR,BRA,2017,SP.URB.TOTL.IN.ZS,86.1982897571091
Brazil,BR,BRA,2016,SP.URB.TOTL.IN.ZS,85.9487048448108
Brazil,BR,BRA,2015,SP.URB.TOTL.IN.ZS,85.6935697061881
Brazil,BR,BRA,2014,SP.URB.TOTL.IN.ZS,85.4331367898168
Brazil,BR,BRA,2013,SP.URB.TOTL.IN.ZS,85.1676585442726
Brazil,BR,BRA,2012,SP.URB.TOTL.IN.ZS,84.8973874181312
Brazil,BR,BRA,2011,SP.URB.TOTL.IN.ZS,84.6225758599683
Brazil,BR,BRA,2010,SP.URB.TOTL.IN.ZS,84.343846036308
Canada,CA,CAN,2023,SP.URB.TOTL.IN.ZS,82.5250564408346
Canada,CA,CAN,2022,SP.URB.TOTL.IN.ZS,82.3500897353968
Canada,CA,CAN,2021,SP.URB.TOTL.IN.ZS,82.1779279079275
Canada,CA,CAN,2020,SP.URB.TOTL.IN.ZS,81.9509888710566
Canada,CA,CAN,2019,SP.URB.TOTL.IN.ZS,81.7363672047941
Canada,CA,CAN,2018,SP.URB.TOTL.IN.ZS,81.5500341646653
Canada,CA,CAN,2017,SP.URB.TOTL.IN.ZS,81.4018945832226
Canada,CA,CAN,2016,SP.URB.TOTL.IN.ZS,81.3023011093703
Canada,CA,CAN,2015,SP.URB.TOTL.IN.ZS,81.2465670276699
Canada,CA,CAN,2014,SP.URB.TOTL.IN.ZS,81.211183161556
Canada,CA,CAN,2013,SP.URB.TOTL.IN.ZS,81.183439957458
Canada,CA,CAN,2012,SP.URB.TOTL.IN.ZS,81.1513483248791
Canada,CA,CAN,2011,SP.URB.TOTL.IN.ZS,81.1031425434213
Canada,CA,CAN,2010,SP.URB.TOTL.IN.ZS,81.0120892252937
China,CN,CHN,2023,SP.URB.TOTL.IN.ZS,65.5301448035523
China,CN,CHN,2022,SP.URB.TOTL.IN.ZS,65.2176361083984
China,CN,CHN,2021,SP.URB.TOTL.IN.ZS,64.721076965332
China,CN,CHN,2020,SP.URB.TOTL.IN.ZS,63.5234230266258
China,CN,CHN,2019,SP.URB.TOTL.IN.ZS,62.7099151611328
China,CN,CHN,2018,SP.URB.TOTL.IN.ZS,61.5001983642578
China,CN,CHN,2017,SP.URB.TOTL.IN.ZS,60.2402687072754
China,CN,CHN,2016,SP.URB.TOTL.IN.ZS,58.8399238586426
China,CN,CHN,2015,SP.URB.TOTL.IN.ZS,57.3297843933105
China,CN,CHN,2014,SP.URB.TOTL.IN.ZS,55.7502555847168
China,CN,CHN,2013,SP.URB.TOTL.IN.ZS,54.4900016784668
China,CN,CHN,2012,SP.URB.TOTL.IN.ZS,53.1003112792969
China,CN,CHN,2011,SP.URB.TOTL.IN.ZS,51.8300285339355
China,CN,CHN,2010,SP.URB.TOTL.IN.ZS,49.2340270628041
Germany,DE,DEU,2023,SP.URB.TOTL.IN.ZS,81.9034366692129
Germany,DE,DEU,2022,SP.URB.TOTL.IN.ZS,81.7867852780995
Germany,DE,DEU,2021,SP.URB.TOTL.IN.ZS,81.6325870653934
Germany,DE,DEU,2020,SP.URB.TOTL.IN.ZS,81.4700055002738
Germany,DE,DEU,2019,SP.URB.TOTL.IN.ZS,81.3053991689039
Germany,DE,DEU,2018,SP.URB.TOTL.IN.ZS,81.1423036204018
Germany,DE,DEU,2017,SP.URB.TOTL.IN.ZS,80.9842544038853
Germany,DE,DEU,2016,SP.URB.TOTL.IN.ZS,80.8347870684725
Germany,DE,DEU,2015,SP.URB.TOTL.IN.ZS,80.6974371632814
Germany,DE,DEU,2014,SP.URB.TOTL.IN.ZS,80.57574023743
Germany,DE,DEU,2013,SP.URB.TOTL.IN.ZS,80.4732318400362
Germany,DE,DEU,2012,SP.URB.TOTL.IN.ZS,80.393447520218
Germany,DE,DEU,2011,SP.URB.TOTL.IN.ZS,80.3405762928198
Germany,DE,DEU,2010,SP.URB.TOTL.IN.ZS,80.305702559949
Spain,ES,ESP,2023,SP.URB.TOTL.IN.ZS,80.128491001856
Spain,ES,ESP,2022,SP.URB.TOTL.IN.ZS,79.9548794567814
Spain,ES,ESP,2021,SP.URB.TOTL.IN.ZS,79.7846242983598
Spain,ES,ESP,2020,SP.URB.TOTL.IN.ZS,79.6955674617799
Spain,ES,ESP,2019,SP.URB.TOTL.IN.ZS,79.6349761108307
Spain,ES,ESP,2018,SP.URB.TOTL.IN.ZS,79.5580057813361
Spain,ES,ESP,2017,SP.URB.TOTL.IN.ZS,79.4663233085683
Spain,ES,ESP,2016,SP.URB.TOTL.IN.ZS,79.3615955277997
Spain,ES,ESP,2015,SP.URB.TOTL.IN.ZS,79.2454892743023
Spain,ES,ESP,2014,SP.URB.TOTL.IN.ZS,79.1196713833488
Spain,ES,ESP,2013,SP.URB.TOTL.IN.ZS,78.9858086902112
Spain,ES,ESP,2012,SP.URB.TOTL.IN.ZS,78.8455680301618
Spain,ES,ESP,2011,SP.URB.TOTL.IN.ZS,78.695397956495
Spain,ES,ESP,2010,SP.URB.TOTL.IN.ZS,78.5138156234888
France,FR,FRA,2023,SP.URB.TOTL.IN.ZS,78.7804323126547
France,FR,FRA,2022,SP.URB.TOTL.IN.ZS,78.7591921123356
France,FR,FRA,2021,SP.URB.TOTL.IN.ZS,78.7364603392338
France,FR,FRA,2020,SP.URB.TOTL.IN.ZS,78.7119131765249
France,FR,FRA,2019,SP.URB.TOTL.IN.ZS,78.6890784549356
France,FR,FRA,2018,SP.URB.TOTL.IN.ZS,78.6714432536599
France,FR,FRA,2017,SP.URB.TOTL.IN.ZS,78.6467804026368
France,FR,FRA,2016,SP.URB.TOTL.IN.ZS,78.5999114705779
France,FR,FRA,2015,SP.URB.TOTL.IN.ZS,77.7610919150066
France,FR,FRA,2014,SP.URB.TOTL.IN.ZS,77.3524296788613
France,FR,FRA,2013,SP.URB.TOTL.IN.ZS,77.2440721470918
France,FR,FRA,2012,SP.URB.TOTL.IN.ZS,77.1669464919916
France,FR,FRA,2011,SP.URB.TOTL.IN.ZS,77.1182717387509
France,FR,FRA,2010,SP.URB.TOTL.IN.ZS,77.0962844808803
United Kingdom,GB,GBR,2023,SP.URB.TOTL.IN.ZS,83.1601932891335
United Kingdom,GB,GBR,2022,SP.URB.TOTL.IN.ZS,83.0753982997505
United Kingdom,GB,GBR,2021,SP.URB.TOTL.IN.ZS,82.9886431523641
United Kingdom,GB,GBR,2020,SP.URB.TOTL.IN.ZS,82.9000015258789
United Kingdom,GB,GBR,2019,SP.URB.TOTL.IN.ZS,82.6699420738913
United Kingdom,GB,GBR,2018,SP.URB.TOTL.IN.ZS,82.4465657551295
United Kingdom,GB,GBR,2017,SP.URB.TOTL.IN.ZS,82.23065673273
United Kingdom,GB,GBR,2016,SP.URB.TOTL.IN.ZS,82.0229991698295
United Kingdom,GB,GBR,2015,SP.URB.TOTL.IN.ZS,81.8243772295647
United Kingdom,GB,GBR,2014,SP.URB.TOTL.IN.ZS,81.6355750750722
United Kingdom,GB,GBR,2013,SP.URB.TOTL.IN.ZS,81.4573768694887
United Kingdom,GB,GBR,2012,SP.URB.TOTL.IN.ZS,81.2905667759508
United Kingdom,GB,GBR,2011,SP.URB.TOTL.IN.ZS,81.1359685592627
United Kingdom,GB,GBR,2010,SP.URB.TOTL.IN.ZS,80.995165116277
Italy,IT,ITA,2023,SP.URB.TOTL.IN.ZS,69.5381540123301
Italy,IT,ITA,2022,SP.URB.TOTL.IN.ZS,69.4839779766539
Italy,IT,ITA,2021,SP.URB.TOTL.IN.ZS,69.4812507629394
Italy,IT,ITA,2020,SP.URB.TOTL.IN.ZS,69.5187492370606
Italy,IT,ITA,2019,SP.URB.TOTL.IN.ZS,69.5050010681153
Italy,IT,ITA,2018,SP.URB.TOTL.IN.ZS,69.4800033569336
Italy,IT,ITA,2017,SP.URB.TOTL.IN.ZS,69.5180784259382
Italy,IT,ITA,2016,SP.URB.TOTL.IN.ZS,69.5969232525286
Italy,IT,ITA,2015,SP.URB.TOTL.IN.ZS,69.6100006103516
Italy,IT,ITA,2014,SP.URB.TOTL.IN.ZS,69.5807638614879
Italy,IT,ITA,2013,SP.URB.TOTL.IN.ZS,69.3073989916076
Italy,IT,ITA,2012,SP.URB.TOTL.IN.ZS,68.7608794235259
Italy,IT,ITA,2011,SP.URB.TOTL.IN.ZS,68.4015073889511
Italy,IT,ITA,2010,SP.URB.TOTL.IN.ZS,68.2163741829857
Japan,JP,JPN,2023,SP.URB.TOTL.IN.ZS,92.0826903891473
Japan,JP,JPN,2022,SP.URB.TOTL.IN.ZS,91.9776532428406
Japan,JP,JPN,2021,SP.URB.TOTL.IN.ZS,91.8741049279527
Japan,JP,JPN,2020,SP.URB.TOTL.IN.ZS,91.7809926267889
Japan,JP,JPN,2019,SP.URB.TOTL.IN.ZS,91.7164207898107
Japan,JP,JPN,2018,SP.URB.TOTL.IN.ZS,91.6377318609728
Japan,JP,JPN,2017,SP.URB.TOTL.IN.ZS,91.5498419685883
Japan,JP,JPN,2016,SP.URB.TOTL.IN.ZS,91.4541254852142
Japan,JP,JPN,2015,SP.URB.TOTL.IN.ZS,91.3532644103625
Japan,JP,JPN,2014,SP.URB.TOTL.IN.ZS,91.2548945132333
Japan,JP,JPN,2013,SP.URB.TOTL.IN.ZS,91.1516595654317
Japan,JP,JPN,2012,SP.URB.TOTL.IN.ZS,91.0265277326652
Japan,JP,JPN,2011,SP.URB.TOTL.IN.ZS,90.8631654434251
Japan,JP,JPN,2010,SP.URB.TOTL.IN.ZS,90.6228586840649
Mexico,MX,MEX,2023,SP.URB.TOTL.IN.ZS,79.4734935748046
Mexico,MX,MEX,2022,SP.URB.TOTL.IN.ZS,79.199683215791
Mexico,MX,MEX,2021,SP.URB.TOTL.IN.ZS,78.9324007418057
Mexico,MX,MEX,2020,SP.URB.TOTL.IN.ZS,78.677960602824
Mexico,MX,MEX,2019,SP.URB.TOTL.IN.ZS,78.355984332992
Mexico,MX,MEX,2018,SP.URB.TOTL.IN.ZS,78.0271223924494
Mexico,MX,MEX,2017,SP.URB.TOTL.IN.ZS,77.7206924598541
Mexico,MX,MEX,2016,SP.URB.TOTL.IN.ZS,77.4405087351486
Mexico,MX,MEX,2015,SP.URB.TOTL.IN.ZS,77.1903854182753
Mexico,MX,MEX,2014,SP.URB.TOTL.IN.ZS,76.9741367091766
Mexico,MX,MEX,2013,SP.URB.TOTL.IN.ZS,76.7955768077952
Mexico,MX,MEX,2012,SP.URB.TOTL.IN.ZS,76.6585199140734
Mexico,MX,MEX,2011,SP.URB.TOTL.IN.ZS,76.5667802279537
Mexico,MX,MEX,2010,SP.URB.TOTL.IN.ZS,76.5244441414713
Netherlands,NL,NLD,2023,SP.URB.TOTL.IN.ZS,95.3221682092129
Netherlands,NL,NLD,2022,SP.URB.TOTL.IN.ZS,94.9856177734136
Netherlands,NL,NLD,2021,SP.URB.TOTL.IN.ZS,94.6294783220315
Netherlands,NL,NLD,2020,SP.URB.TOTL.IN.ZS,94.2532277765935
Netherlands,NL,NLD,2019,SP.URB.TOTL.IN.ZS,93.8898028856479
Netherlands,NL,NLD,2018,SP.URB.TOTL.IN.ZS,92.6062472401044
Netherlands,NL,NLD,2017,SP.URB.TOTL.IN.ZS,91.1219700676602
Netherlands,NL,NLD,2016,SP.URB.TOTL.IN.ZS,90.5803239452777
Netherlands,NL,NLD,2015,SP.URB.TOTL.IN.ZS,90.2787737214621
Netherlands,NL,NLD,2014,SP.URB.TOTL.IN.ZS,89.8364787097165
Netherlands,NL,NLD,2013,SP.URB.TOTL.IN.ZS,89.1749992370605
Netherlands,NL,NLD,2012,SP.URB.TOTL.IN.ZS,88.5342462391333
Netherlands,NL,NLD,2011,SP.URB.TOTL.IN.ZS,88.0059204972573
Netherlands,NL,NLD,2010,SP.URB.TOTL.IN.ZS,87.3502790247129
Poland,PL,POL,2023,SP.URB.TOTL.IN.ZS,59.8859561370214
Poland,PL,POL,2022,SP.URB.TOTL.IN.ZS,59.8315488048321
Poland,PL,POL,2021,SP.URB.TOTL.IN.ZS,59.8096513205543
Poland,PL,POL,2020,SP.URB.TOTL.IN.ZS,59.8738141138092
Poland,PL,POL,2019,SP.URB.TOTL.IN.ZS,59.9626184068963
Poland,PL,POL,2018,SP.URB.TOTL.IN.ZS,60.0533306480907
Poland,PL,POL,2017,SP.URB.TOTL.IN.ZS,60.145888199417
Poland,PL,POL,2016,SP.URB.TOTL.IN.ZS,60.2402284228997
Poland,PL,POL,2015,SP.URB.TOTL.IN.ZS,60.3362886805635
Poland,PL,POL,2014,SP.URB.TOTL.IN.ZS,60.4340063344328
Poland,PL,POL,2013,SP.URB.TOTL.IN.ZS,60.5333187465323
Poland,PL,POL,2012,SP.URB.TOTL.IN.ZS,60.6341632788866
Poland,PL,POL,2011,SP.URB.TOTL.IN.ZS,60.7357090652544
Poland,PL,POL,2010,SP.URB.TOTL.IN.ZS,60.8474783987677
Sweden,SE,SWE,2023,SP.URB.TOTL.IN.ZS,88.631216160938
Sweden,SE,SWE,2022,SP.URB.TOTL.IN.ZS,88.4038576504809
Sweden,SE,SWE,2021,SP.URB.TOTL.IN.ZS,88.1741651958315
Sweden,SE,SWE,2020,SP.URB.TOTL.IN.ZS,87.9424046895699
Sweden,SE,SWE,2019,SP.URB.TOTL.IN.ZS,87.7088420242759
Sweden,SE,SWE,2018,SP.URB.TOTL.IN.ZS,87.4737430925296
Sweden,SE,SWE,2017,SP.URB.TOTL.IN.ZS,87.237373786911
Sweden,SE,SWE,2016,SP.URB.TOTL.IN.ZS,87
Sweden,SE,SWE,2015,SP.URB.TOTL.IN.ZS,86.6158654081858
Sweden,SE,SWE,2014,SP.URB.TOTL.IN.ZS,86.2563838747314
Sweden,SE,SWE,2013,SP.URB.TOTL.IN.ZS,85.9249771259894
Sweden,SE,SWE,2012,SP.URB.TOTL.IN.ZS,85.6250668883122
Sweden,SE,SWE,2011,SP.URB.TOTL.IN.ZS,85.3600748880524
Sweden,SE,SWE,2010,SP.URB.TOTL.IN.ZS,85.1334228515625
United States,US,USA,2023,SP.URB.TOTL.IN.ZS,80.071561119178
United States,US,USA,2022,SP.URB.TOTL.IN.ZS,80.0324978239707
United States,US,USA,2021,SP.URB.TOTL.IN.ZS,80.0074765140272
United States,US,USA,2020,SP.URB.TOTL.IN.ZS,79.997451762548
United States,US,USA,2019,SP.URB.TOTL.IN.ZS,80.1304793353594
United States,US,USA,2018,SP.URB.TOTL.IN.ZS,80.2804567987377
United States,US,USA,2017,SP.URB.TOTL.IN.ZS,80.4018678392891
United States,US,USA,2016,SP.URB.TOTL.IN.ZS,80.4976645324131
United States,US,USA,2015,SP.URB.TOTL.IN.ZS,80.5707989535091
United States,US,USA,2014,SP.URB.TOTL.IN.ZS,80.6242231779766
United States,US,USA,2013,SP.URB.TOTL.IN.ZS,80.660889281215
United States,US,USA,2012,SP.URB.TOTL.IN.ZS,80.6837493386238
United States,US,USA,2011,SP.URB.TOTL.IN.ZS,80.6957554256024
United States,US,USA,2010,SP.URB.TOTL.IN.ZS,80.6997744673366
Australia,AU,AUS,2023,SP.URB.TOTL.IN.ZS,87.4866955653765
Australia,AU,AUS,2022,SP.URB.TOTL.IN.ZS,87.3343268253813
Australia,AU,AUS,2021,SP.URB.TOTL.IN.ZS,87.2353407632761
Australia,AU,AUS,2020,SP.URB.TOTL.IN.ZS,87.2713470458985
Australia,AU,AUS,2019,SP.URB.TOTL.IN.ZS,87.3019647888406
Australia,AU,AUS,2018,SP.URB.TOTL.IN.ZS,87.2267680845925
Australia,AU,AUS,2017,SP.URB.TOTL.IN.ZS,87.12809266445
Australia,AU,AUS,2016,SP.URB.TOTL.IN.ZS,87.0166295249235
Australia,AU,AUS,2015,SP.URB.TOTL.IN.ZS,86.8778642539361
Australia,AU,AUS,2014,SP.URB.TOTL.IN.ZS,86.7221289343356
Australia,AU,AUS,2013,SP.URB.TOTL.IN.ZS,86.5740515760243
Australia,AU,AUS,2012,SP.URB.TOTL.IN.ZS,86.4451259136625
Australia,AU,AUS,2011,SP.URB.TOTL.IN.ZS,86.3268946146423
Australia,AU,AUS,2010,SP.URB.TOTL.IN.ZS,86.2198600512143
Chile,CL,CHL,2023,SP.URB.TOTL.IN.ZS,88.8158617217972
Chile,CL,CHL,2022,SP.URB.TOTL.IN.ZS,88.6395352768685
Chile,CL,CHL,2021,SP.URB.TOTL.IN.ZS,88.4660511664452
Chile,CL,CHL,2020,SP.URB.TOTL.IN.ZS,88.2953490438375
Chile,CL,CHL,2019,SP.URB.TOTL.IN.ZS,88.1273685623538
Chile,CL,CHL,2018,SP.URB.TOTL.IN.ZS,87.9620493753008
Chile,CL,CHL,2017,SP.URB.TOTL.IN.ZS,87.8000295757281
Chile,CL,CHL,2016,SP.URB.TOTL.IN.ZS,87.6306290578181
Chile,CL,CHL,2015,SP.URB.TOTL.IN.ZS,87.4653320342387
Chile,CL,CHL,2014,SP.URB.TOTL.IN.ZS,87.3133701497978
Chile,CL,CHL,2013,SP.URB.TOTL.IN.ZS,87.1827777654221
Chile,CL,CHL,2012,SP.URB.TOTL.IN.ZS,87.0824943735696
Chile,CL,CHL,2011,SP.URB.TOTL.IN.ZS,87.0109164653326
Chile,CL,CHL,2010,SP.URB.TOTL.IN.ZS,86.9560135592209
Colombia,CO,COL,2023,SP.URB.TOTL.IN.ZS,78.275571579544
Colombia,CO,COL,2022,SP.URB.TOTL.IN.ZS,78.0464633137335
Colombia,CO,COL,2021,SP.URB.TOTL.IN.ZS,77.8339570326128
Colombia,CO,COL,2020,SP.URB.TOTL.IN.ZS,77.6382533537045
Colombia,CO,COL,2019,SP.URB.TOTL.IN.ZS,77.4595528518377
Colombia,CO,COL,2018,SP.URB.TOTL.IN.ZS,77.2804816598084
Colombia,CO,COL,2017,SP.URB.TOTL.IN.ZS,77.2245191706503
Colombia,CO,COL,2016,SP.URB.TOTL.IN.ZS,77.2036266362166
Colombia,CO,COL,2015,SP.URB.TOTL.IN.ZS,77.1636280538646
Colombia,CO,COL,2014,SP.URB.TOTL.IN.ZS,77.1058449419909
Colombia,CO,COL,2013,SP.URB.TOTL.IN.ZS,77.0315988189922
Colombia,CO,COL,2012,SP.URB.TOTL.IN.ZS,76.942211203265
Colombia,CO,COL,2011,SP.URB.TOTL.IN.ZS,76.839003613206
Colombia,CO,COL,2010,SP.URB.TOTL.IN.ZS,76.7232975672119
"Egypt, Arab Rep.",EG,EGY,2023,SP.URB.TOTL.IN.ZS,42.7098115041919
"Egypt, Arab Rep.",EG,EGY,2022,SP.URB.TOTL.IN.ZS,42.6325129008032
"Egypt, Arab Rep.",EG,EGY,2021,SP.URB.TOTL.IN.ZS,42.5686062621468
"Egypt, Arab Rep.",EG,EGY,2020,SP.URB.TOTL.IN.ZS,42.5181534630674
"Egypt, Arab Rep.",EG,EGY,2019,SP.URB.TOTL.IN.ZS,42.4812027332648
"Egypt, Arab Rep.",EG,EGY,2018,SP.URB.TOTL.IN.ZS,42.4577177449969
"Egypt, Arab Rep.",EG,EGY,2017,SP.URB.TOTL.IN.ZS,42.4486008687179
"Egypt, Arab Rep.",EG,EGY,2016,SP.URB.TOTL.IN.ZS,42.5210717266225
"Egypt, Arab Rep.",EG,EGY,2015,SP.URB.TOTL.IN.ZS,42.6056314089048
"Egypt, Arab Rep.",EG,EGY,2014,SP.URB.TOTL.IN.ZS,42.6825522284408
"Egypt, Arab Rep.",EG,EGY,2013,SP.URB.TOTL.IN.ZS,42.7514277188751
"Egypt, Arab Rep.",EG,EGY,2012,SP.URB.TOTL.IN.ZS,42.8118514138525
"Egypt, Arab Rep.",EG,EGY,2011,SP.URB.TOTL.IN.ZS,42.8634168470177
"Egypt, Arab Rep.",EG,EGY,2010,SP.URB.TOTL.IN.ZS,42.9057175520154
Indonesia,ID,IDN,2023,SP.URB.TOTL.IN.ZS,58.1179353397878
Indonesia,ID,IDN,2022,SP.URB.TOTL.IN.ZS,57.4934704226599
Indonesia,ID,IDN,2021,SP.URB.TOTL.IN.ZS,56.8761702464027
Indonesia,ID,IDN,2020,SP.URB.TOTL.IN.ZS,56.2785287648768
Indonesia,ID,IDN,2019,SP.URB.TOTL.IN.ZS,55.7382049560547
Indonesia,ID,IDN,2018,SP.URB.TOTL.IN.ZS,55.0956840515137
Indonesia,ID,IDN,2017,SP.URB.TOTL.IN.ZS,54.4541015625
Indonesia,ID,IDN,2016,SP.URB.TOTL.IN.ZS,53.812557220459
Indonesia,ID,IDN,2015,SP.URB.TOTL.IN.ZS,53.1720771789551
Indonesia,ID,IDN,2014,SP.URB.TOTL.IN.ZS,52.5002136230469
Indonesia,ID,IDN,2013,SP.URB.TOTL.IN.ZS,51.8307495117188
Indonesia,ID,IDN,2012,SP.URB.TOTL.IN.ZS,51.1593933105469
Indonesia,ID,IDN,2011,SP.URB.TOTL.IN.ZS,50.4830017089844
Indonesia,ID,IDN,2010,SP.URB.TOTL.IN.ZS,49.8521375148888
India,IN,IND,2023,SP.URB.TOTL.IN.ZS,35.0676918424186
India,IN,IND,2022,SP.URB.TOTL.IN.ZS,34.7555673994206
India,IN,IND,2021,SP.URB.TOTL.IN.ZS,34.4425517181304
India,IN,IND,2020,SP.URB.TOTL.IN.ZS,34.1286726088333
India,IN,IND,2019,SP.URB.TOTL.IN.ZS,33.8139578818147
India,IN,IND,2018,SP.URB.TOTL.IN.ZS,33.4984353473598
India,IN,IND,2017,SP.URB.TOTL.IN.ZS,33.1821328157539
India,IN,IND,2016,SP.URB.TOTL.IN.ZS,32.8650780972823
India,IN,IND,2015,SP.URB.TOTL.IN.ZS,32.5472990022299
India,IN,IND,2014,SP.URB.TOTL.IN.ZS,32.2288233408821
India,IN,IND,2013,SP.URB.TOTL.IN.ZS,31.9096789235237
India,IN,IND,2012,SP.URB.TOTL.IN.ZS,31.5898935604399
India,IN,IND,2011,SP.URB.TOTL.IN.ZS,31.2746502853309
India,IN,IND,2010,SP.URB.TOTL.IN.ZS,30.9042190810094
"Korea, Rep.",KR,KOR,2023,SP.URB.TOTL.IN.ZS,81.1645551720421
"Korea, Rep.",KR,KOR,2022,SP.URB.TOTL.IN.ZS,81.1624941626873
"Korea, Rep.",KR,KOR,2021,SP.URB.TOTL.IN.ZS,81.1616526507785
"Korea, Rep.",KR,KOR,2020,SP.URB.TOTL.IN.ZS,81.1759595622913
"Korea, Rep.",KR,KOR,2019,SP.URB.TOTL.IN.ZS,81.2901063535619
"Korea, Rep.",KR,KOR,2018,SP.URB.TOTL.IN.ZS,81.3823523035196
"Korea, Rep.",KR,KOR,2017,SP.URB.TOTL.IN.ZS,81.471030429984
"Korea, Rep.",KR,KOR,2016,SP.URB.TOTL.IN.ZS,81.5559241797057
"Korea, Rep.",KR,KOR,2015,SP.URB.TOTL.IN.ZS,81.639489860678
"Korea, Rep.",KR,KOR,2014,SP.URB.TOTL.IN.ZS,81.7315682816954
"Korea, Rep.",KR,KOR,2013,SP.URB.TOTL.IN.ZS,81.8269383502703
"Korea, Rep.",KR,KOR,2012,SP.URB.TOTL.IN.ZS,81.9087898200378
"Korea, Rep.",KR,KOR,2011,SP.URB.TOTL.IN.ZS,81.9615408086376
"Korea, Rep.",KR,KOR,2010,SP.URB.TOTL.IN.ZS,81.9685075986486
Nigeria,NG,NGA,2023,SP.URB.TOTL.IN.ZS,62.1746763155343
Nigeria,NG,NGA,2022,SP.URB.TOTL.IN.ZS,61.3727650622225
Nigeria,NG,NGA,2021,SP.URB.TOTL.IN.ZS,60.5698545383604
Nigeria,NG,NGA,2020,SP.URB.TOTL.IN.ZS,59.7659654848781
Nigeria,NG,NGA,2019,SP.URB.TOTL.IN.ZS,58.9611186427056
Nigeria,NG,NGA,2018,SP.URB.TOTL.IN.ZS,58.1553347527729
Nigeria,NG,NGA,2017,SP.URB.TOTL.IN.ZS,57.3486345560101
Nigeria,NG,NGA,2016,SP.URB.TOTL.IN.ZS,56.541038793347
Nigeria,NG,NGA,2015,SP.URB.TOTL.IN.ZS,55.7325682057138
Nigeria,NG,NGA,2014,SP.URB.TOTL.IN.ZS,54.9232435340404
Nigeria,NG,NGA,2013,SP.URB.TOTL.IN.ZS,54.1130855192568
Nigeria,NG,NGA,2012,SP.URB.TOTL.IN.ZS,53.302114902293
Nigeria,NG,NGA,2011,SP.URB.TOTL.IN.ZS,52.490352424079
Nigeria,NG,NGA,2010,SP.URB.TOTL.IN.ZS,51.6778188255446
Russian Federation,RU,RUS,2023,SP.URB.TOTL.IN.ZS,74.9805047873279
Russian Federation,RU,RUS,2022,SP.URB.TOTL.IN.ZS,74.8544893625017
Russian Federation,RU,RUS,2021,SP.URB.TOTL.IN.ZS,74.7516840220252
Russian Federation,RU,RUS,2020,SP.URB.TOTL.IN.ZS,74.6932216791674
Russian Federation,RU,RUS,2019,SP.URB.TOTL.IN.ZS,74.6222859951926
Russian Federation,RU,RUS,2018,SP.URB.TOTL.IN.ZS,74.5442926137992
Russian Federation,RU,RUS,2017,SP.URB.TOTL.IN.ZS,74.460036813029
Russian Federation,RU,RUS,2016,SP.URB.TOTL.IN.ZS,74.3703138709243
Russian Federation,RU,RUS,2015,SP.URB.TOTL.IN.ZS,74.275919065527
Russian Federation,RU,RUS,2014,SP.URB.TOTL.IN.ZS,74.1776476748791
Russian Federation,RU,RUS,2013,SP.URB.TOTL.IN.ZS,74.0762949770228
Russian Federation,RU,RUS,2012,SP.URB.TOTL.IN.ZS,73.97265625
Russian Federation,RU,RUS,2011,SP.URB.TOTL.IN.ZS,73.8534851074219
Russian Federation,RU,RUS,2010,SP.URB.TOTL.IN.ZS,73.6696307887624
Saudi Arabia,SA,SAU,2023,SP.URB.TOTL.IN.ZS,84.2962388315415
Saudi Arabia,SA,SAU,2022,SP.URB.TOTL.IN.ZS,84.1349430023993
Saudi Arabia,SA,SAU,2021,SP.URB.TOTL.IN.ZS,83.9716349986538
Saudi Arabia,SA,SAU,2020,SP.URB.TOTL.IN.ZS,83.8064352851942
Saudi Arabia,SA,SAU,2019,SP.URB.TOTL.IN.ZS,83.6394643268678
Saudi Arabia,SA,SAU,2018,SP.URB.TOTL.IN.ZS,83.4708425884849
Saudi Arabia,SA,SAU,2017,SP.URB.TOTL.IN.ZS,83.300690534822
Saudi Arabia,SA,SAU,2016,SP.URB.TOTL.IN.ZS,83.129128630626
Saudi Arabia,SA,SAU,2015,SP.URB.TOTL.IN.ZS,82.9562773406163
Saudi Arabia,SA,SAU,2014,SP.URB.TOTL.IN.ZS,82.7822571294871
Saudi Arabia,SA,SAU,2013,SP.URB.TOTL.IN.ZS,82.6071884619102
Saudi Arabia,SA,SAU,2012,SP.URB.TOTL.IN.ZS,82.4311918025358
Saudi Arabia,SA,SAU,2011,SP.URB.TOTL.IN.ZS,82.2543876159947
Saudi Arabia,SA,SAU,2010,SP.URB.TOTL.IN.ZS,82.0791668544465
Singapore,SG,SGP,2023,SP.URB.TOTL.IN.ZS,100
Singapore,SG,SGP,2022,SP.URB.TOTL.IN.ZS,100
Singapore,SG,SGP,2021,SP.URB.TOTL.IN.ZS,100
Singapore,SG,SGP,2020,SP.URB.TOTL.IN.ZS,100
Singapore,SG,SGP,2019,SP.URB.TOTL.IN.ZS,100
Singapore,SG,SGP,2018,SP.URB.TOTL.IN.ZS,100
Singapore,SG,SGP,2017,SP.URB.TOTL.IN.ZS,100
Singapore,SG,SGP,2016,SP.URB.TOTL.IN.ZS,100
Singapore,SG,SGP,2015,SP.URB.TOTL.IN.ZS,100
Singapore,SG,SGP,2014,SP.URB.TOTL.IN.ZS,100
Singapore,SG,SGP,2013,SP.URB.TOTL.IN.ZS,100
Singapore,SG,SGP,2012,SP.URB.TOTL.IN.ZS,100
Singapore,SG,SGP,2011,SP.URB.TOTL.IN.ZS,100
Singapore,SG,SGP,2010,SP.URB.TOTL.IN.ZS,100
Turkiye,TR,TUR,2023,SP.URB.TOTL.IN.ZS,89.0218446796121
Turkiye,TR,TUR,2022,SP.URB.TOTL.IN.ZS,89.0381164550781
Turkiye,TR,TUR,2021,SP.URB.TOTL.IN.ZS,89.1762048153239
Turkiye,TR,TUR,2020,SP.URB.TOTL.IN.ZS,88.9303114965222
Turkiye,TR,TUR,2019,SP.URB.TOTL.IN.ZS,88.6618152857124
Turkiye,TR,TUR,2018,SP.URB.TOTL.IN.ZS,88.1655749576173
Turkiye,TR,TUR,2017,SP.URB.TOTL.IN.ZS,88.0320472717286
Turkiye,TR,TUR,2016,SP.URB.TOTL.IN.ZS,88.1020958581776
Turkiye,TR,TUR,2015,SP.URB.TOTL.IN.ZS,87.2167107972537
Turkiye,TR,TUR,2014,SP.URB.TOTL.IN.ZS,83.6024850744433
Turkiye,TR,TUR,2013,SP.URB.TOTL.IN.ZS,78.5218368384696
Turkiye,TR,TUR,2012,SP.URB.TOTL.IN.ZS,73.7788680234324
Turkiye,TR,TUR,2011,SP.URB.TOTL.IN.ZS,71.0028723528334
Turkiye,TR,TUR,2010,SP.URB.TOTL.IN.ZS,69.3471253941487
Viet Nam,VN,VNM,2023,SP.URB.TOTL.IN.ZS,38.1298904418945
Viet Nam,VN,VNM,2022,SP.URB.TOTL.IN.ZS,37.5478515625
Viet Nam,VN,VNM,2021,SP.URB.TOTL.IN.ZS,36.6540656426603
Viet Nam,VN,VNM,2020,SP.URB.TOTL.IN.ZS,35.5706676299742
Viet Nam,VN,VNM,2019,SP.URB.TOTL.IN.ZS,34.6239134999511
Viet Nam,VN,VNM,2018,SP.URB.TOTL.IN.ZS,33.9410227821412
Viet Nam,VN,VNM,2017,SP.URB.TOTL.IN.ZS,33.3625963003742
Viet Nam,VN,VNM,2016,SP.URB.TOTL.IN.ZS,32.8476189285136
Viet Nam,VN,VNM,2015,SP.URB.TOTL.IN.ZS,32.3810945365679
Viet Nam,VN,VNM,2014,SP.URB.TOTL.IN.ZS,31.9480269945454
Viet Nam,VN,VNM,2013,SP.URB.TOTL.IN.ZS,31.5334201724543
Viet Nam,VN,VNM,2012,SP.URB.TOTL.IN.ZS,31.1222779403029
Viet Nam,VN,VNM,2011,SP.URB.TOTL.IN.ZS,30.6996041680996
Viet Nam,VN,VNM,2010,SP.URB.TOTL.IN.ZS,30.2504027258526
South Africa,ZA,ZAF,2023,SP.URB.TOTL.IN.ZS,63.5823705163545
South Africa,ZA,ZAF,2022,SP.URB.TOTL.IN.ZS,63.4766699210327
South Africa,ZA,ZAF,2021,SP.URB.TOTL.IN.ZS,63.4503925883909
South Africa,ZA,ZAF,2020,SP.URB.TOTL.IN.ZS,63.4373088310982
South Africa,ZA,ZAF,2019,SP.URB.TOTL.IN.ZS,63.4127255007908
South Africa,ZA,ZAF,2018,SP.URB.TOTL.IN.ZS,63.3771545246841
South Africa,ZA,ZAF,2017,SP.URB.TOTL.IN.ZS,63.3311078299936
South Africa,ZA,ZAF,2016,SP.URB.TOTL.IN.ZS,63.2750973439347
South Africa,ZA,ZAF,2015,SP.URB.TOTL.IN.ZS,63.2096349937231
South Africa,ZA,ZAF,2014,SP.URB.TOTL.IN.ZS,63.1352327065742
South Africa,ZA,ZAF,2013,SP.URB.TOTL.IN.ZS,63.0524024097034
South Africa,ZA,ZAF,2012,SP.URB.TOTL.IN.ZS,62.9616560303263
South Africa,ZA,ZAF,2011,SP.URB.TOTL.IN.ZS,62.850627754452
South Africa,ZA,ZAF,2010,SP.URB.TOTL.IN.ZS,62.6299120560569
