country,iso2,iso3,year,indicator_code,value
Argentina,AR,ARG,2023,NE.EXP.GNFS.ZS,12.8223120961047
Argentina,AR,ARG,2022,NE.EXP.GNFS.ZS,16.2816677253254
Argentina,AR,ARG,2021,NE.EXP.GNFS.ZS,18.0667091690365
Argentina,AR,ARG,2020,NE.EXP.GNFS.ZS,16.6054144372484
Argentina,AR,ARG,2019,NE.EXP.GNFS.ZS,17.9248783778462
Argentina,AR,ARG,2018,NE.EXP.GNFS.ZS,14.4366857499034
Argentina,AR,ARG,2017,NE.EXP.GNFS.ZS,11.3202833596733
Argentina,AR,ARG,2016,NE.EXP.GNFS.ZS,12.5270951690009
Argentina,AR,ARG,2015,NE.EXP.GNFS.ZS,10.7056520504538
Argentina,AR,ARG,2014,NE.EXP.GNFS.ZS,14.4054785893756
Argentina,AR,ARG,2013,NE.EXP.GNFS.ZS,14.6171733884386
Argentina,AR,ARG,2012,NE.EXP.GNFS.ZS,16.2378594620246
Argentina,AR,ARG,2011,NE.EXP.GNFS.ZS,18.4492091453155
Argentina,AR,ARG,2010,NE.EXP.GNFS.ZS,18.9338234053709
Brazil,BR,BRA,2023,NE.EXP.GNFS.ZS,17.9693243032741
Brazil,BR,BRA,2022,NE.EXP.GNFS.ZS,19.6307650034371
Brazil,BR,BRA,2021,NE.EXP.GNFS.ZS,19.1094303688709
Brazil,BR,BRA,2020,NE.EXP.GNFS.ZS,16.4535520094071
Brazil,BR,BRA,2019,NE.EXP.GNFS.ZS,14.1229191913178
Brazil,BR,BRA,2018,NE.EXP.GNFS.ZS,14.6349994955075
Brazil,BR,BRA,2017,NE.EXP.GNFS.ZS,12.5189678698768
Brazil,BR,BRA,2016,NE.EXP.GNFS.ZS,12.4666790429968
Brazil,BR,BRA,2015,NE.EXP.GNFS.ZS,12.900191418386
Brazil,BR,BRA,2014,NE.EXP.GNFS.ZS,11.0119428190539
Brazil,BR,BRA,2013,NE.EXP.GNFS.ZS,11.7422306460189
Brazil,BR,BRA,2012,NE.EXP.GNFS.ZS,11.8775390704316
Brazil,BR,BRA,2011,NE.EXP.GNFS.ZS,11.5825126785455
Brazil,BR,BRA,2010,NE.EXP.GNFS.ZS,10.8655847752557
Canada,CA,CAN,2023,NE.EXP.GNFS.ZS,33.3416520498948
Canada,CA,CAN,2022,NE.EXP.GNFS.ZS,33.7212083293036
Canada,CA,CAN,2021,NE.EXP.GNFS.ZS,31.1750905922479
Canada,CA,CAN,2020,NE.EXP.GNFS.ZS,29.47360741517
Canada,CA,CAN,2019,NE.EXP.GNFS.ZS,32.3526259007732
Canada,CA,CAN,2018,NE.EXP.GNFS.ZS,32.3253748086707
Canada,CA,CAN,2017,NE.EXP.GNFS.ZS,31.4543366815438
Canada,CA,CAN,2016,NE.EXP.GNFS.ZS,31.5025413039024
Canada,CA,CAN,2015,NE.EXP.GNFS.ZS,31.8499289605736
Canada,CA,CAN,2014,NE.EXP.GNFS.ZS,31.7365440556138
Canada,CA,CAN,2013,NE.EXP.GNFS.ZS,30.3321619042863
Canada,CA,CAN,2012,NE.EXP.GNFS.ZS,30.3531418051027
Canada,CA,CAN,2011,NE.EXP.GNFS.ZS,30.678236283533
Canada,CA,CAN,2010,NE.EXP.GNFS.ZS,29.1672768917177
China,CN,CHN,2023,NE.EXP.GNFS.ZS,19.4023091648376
China,CN,CHN,2022,NE.EXP.GNFS.ZS,20.227756033041
China,CN,CHN,2021,NE.EXP.GNFS.ZS,19.4350556514909
China,CN,CHN,2020,NE.EXP.GNFS.ZS,18.2696013805051
China,CN,CHN,2019,NE.EXP.GNFS.ZS,18.1398222864053
China,CN,CHN,2018,NE.EXP.GNFS.ZS,18.770519802938
China,CN,CHN,2017,NE.EXP.GNFS.ZS,19.3356301657728
China,CN,CHN,2016,NE.EXP.GNFS.ZS,19.2036507365412
China,CN,CHN,2015,NE.EXP.GNFS.ZS,20.9390642234326
China,CN,CHN,2014,NE.EXP.GNFS.ZS,23.0719766947263
China,CN,CHN,2013,NE.EXP.GNFS.ZS,24.1633430905854
China,CN,CHN,2012,NE.EXP.GNFS.ZS,25.07670432956
China,CN,CHN,2011,NE.EXP.GNFS.ZS,26.1518828948759
China,CN,CHN,2010,NE.EXP.GNFS.ZS,26.7227451502469
Germany,DE,DEU,2023,NE.EXP.GNFS.ZS,42.9672624196847
Germany,DE,DEU,2022,NE.EXP.GNFS.ZS,45.6284043425185
Germany,DE,DEU,2021,NE.EXP.GNFS.ZS,42.5198379291429
Germany,DE,DEU,2020,NE.EXP.GNFS.ZS,39.1198068808828
Germany,DE,DEU,2019,NE.EXP.GNFS.ZS,42.3402444816356
Germany,DE,DEU,2018,NE.EXP.GNFS.ZS,42.4968914074717
Germany,DE,DEU,2017,NE.EXP.GNFS.ZS,42.2029575981591
Germany,DE,DEU,2016,NE.EXP.GNFS.ZS,41.6355419518592
Germany,DE,DEU,2015,NE.EXP.GNFS.ZS,42.5853976151835
Germany,DE,DEU,2014,NE.EXP.GNFS.ZS,41.6936675523627
Germany,DE,DEU,2013,NE.EXP.GNFS.ZS,41.6802838324356
Germany,DE,DEU,2012,NE.EXP.GNFS.ZS,42.6855834357406
Germany,DE,DEU,2011,NE.EXP.GNFS.ZS,41.6436286591115
Germany,DE,DEU,2010,NE.EXP.GNFS.ZS,39.4953465429823
Spain,ES,ESP,2023,NE.EXP.GNFS.ZS,37.8166476493913
Spain,ES,ESP,2022,NE.EXP.GNFS.ZS,39.6716824276836
Spain,ES,ESP,2021,NE.EXP.GNFS.ZS,33.7570843255301
Spain,ES,ESP,2020,NE.EXP.GNFS.ZS,30.4810248544563
Spain,ES,ESP,2019,NE.EXP.GNFS.ZS,34.6755629292261
Spain,ES,ESP,2018,NE.EXP.GNFS.ZS,34.874813986254
Spain,ES,ESP,2017,NE.EXP.GNFS.ZS,34.9003952055684
Spain,ES,ESP,2016,NE.EXP.GNFS.ZS,33.5770329849408
Spain,ES,ESP,2015,NE.EXP.GNFS.ZS,33.2986849561039
Spain,ES,ESP,2014,NE.EXP.GNFS.ZS,33.2193399291014
Spain,ES,ESP,2013,NE.EXP.GNFS.ZS,32.7554570166099
Spain,ES,ESP,2012,NE.EXP.GNFS.ZS,31.2997362842724
Spain,ES,ESP,2011,NE.EXP.GNFS.ZS,29.3884101095734
Spain,ES,ESP,2010,NE.EXP.GNFS.ZS,25.8278133398939
France,FR,FRA,2023,NE.EXP.GNFS.ZS,34.4562568778842
France,FR,FRA,2022,NE.EXP.GNFS.ZS,36.6160484268785
France,FR,FRA,2021,NE.EXP.GNFS.ZS,31.2880499332105
France,FR,FRA,2020,NE.EXP.GNFS.ZS,28.5572228192655
France,FR,FRA,2019,NE.EXP.GNFS.ZS,32.8895429451147
France,FR,FRA,2018,NE.EXP.GNFS.ZS,32.9179818922164
France,FR,FRA,2017,NE.EXP.GNFS.ZS,32.311834044929
France,FR,FRA,2016,NE.EXP.GNFS.ZS,31.498210070063
France,FR,FRA,2015,NE.EXP.GNFS.ZS,31.6934947262689
France,FR,FRA,2014,NE.EXP.GNFS.ZS,30.741812901515
France,FR,FRA,2013,NE.EXP.GNFS.ZS,30.5912853427773
France,FR,FRA,2012,NE.EXP.GNFS.ZS,30.3556786527444
France,FR,FRA,2011,NE.EXP.GNFS.ZS,29.538847336075
France,FR,FRA,2010,NE.EXP.GNFS.ZS,27.8264880915553
United Kingdom,GB,GBR,2023,NE.EXP.GNFS.ZS,31.9122697629938
United Kingdom,GB,GBR,2022,NE.EXP.GNFS.ZS,34.0619283837069
United Kingdom,GB,GBR,2021,NE.EXP.GNFS.ZS,29.2894071087705
United Kingdom,GB,GBR,2020,NE.EXP.GNFS.ZS,29.9486520576829
United Kingdom,GB,GBR,2019,NE.EXP.GNFS.ZS,31.9028602803155
United Kingdom,GB,GBR,2018,NE.EXP.GNFS.ZS,31.854534000688
United Kingdom,GB,GBR,2017,NE.EXP.GNFS.ZS,30.9738310965649
United Kingdom,GB,GBR,2016,NE.EXP.GNFS.ZS,29.0615561502528
United Kingdom,GB,GBR,2015,NE.EXP.GNFS.ZS,27.8790736176463
United Kingdom,GB,GBR,2014,NE.EXP.GNFS.ZS,28.5320090066163
United Kingdom,GB,GBR,2013,NE.EXP.GNFS.ZS,30.2076160154538
United Kingdom,GB,GBR,2012,NE.EXP.GNFS.ZS,30.4995388300455
United Kingdom,GB,GBR,2011,NE.EXP.GNFS.ZS,31.2649218986254
United Kingdom,GB,GBR,2010,NE.EXP.GNFS.ZS,28.7463664387355
Italy,IT,ITA,2023,NE.EXP.GNFS.ZS,33.3293695692309
Italy,IT,ITA,2022,NE.EXP.GNFS.ZS,35.0991400412578
Italy,IT,ITA,2021,NE.EXP.GNFS.ZS,31.1716088630092
Italy,IT,ITA,2020,NE.EXP.GNFS.ZS,28.7258551870199
Italy,IT,ITA,2019,NE.EXP.GNFS.ZS,30.9498739181942
Italy,IT,ITA,2018,NE.EXP.GNFS.ZS,30.8135072735991
Italy,IT,ITA,2017,NE.EXP.GNFS.ZS,30.1398859152774
Italy,IT,ITA,2016,NE.EXP.GNFS.ZS,28.7987488919157
Italy,IT,ITA,2015,NE.EXP.GNFS.ZS,29.144111052532
Italy,IT,ITA,2014,NE.EXP.GNFS.ZS,28.6224027363532
Italy,IT,ITA,2013,NE.EXP.GNFS.ZS,28.177442406394
Italy,IT,ITA,2012,NE.EXP.GNFS.ZS,27.9851870768453
Italy,IT,ITA,2011,NE.EXP.GNFS.ZS,26.5629866543354
Italy,IT,ITA,2010,NE.EXP.GNFS.ZS,24.9186514223879
Japan,JP,JPN,2023,NE.EXP.GNFS.ZS,21.0593101343597
Japan,JP,JPN,2022,NE.EXP.GNFS.ZS,20.647867347033
Japan,JP,JPN,2021,NE.EXP.GNFS.ZS,17.4619853799579
Japan,JP,JPN,2020,NE.EXP.GNFS.ZS,15.1286902986314
Japan,JP,JPN,2019,NE.EXP.GNFS.ZS,17.0377974181499
Japan,JP,JPN,2018,NE.EXP.GNFS.ZS,17.9111434788682
Japan,JP,JPN,2017,NE.EXP.GNFS.ZS,17.2158253394418
Japan,JP,JPN,2016,NE.EXP.GNFS.ZS,15.7223961123124
Japan,JP,JPN,2015,NE.EXP.GNFS.ZS,17.0921099786159
Japan,JP,JPN,2014,NE.EXP.GNFS.ZS,17.1078627742157
Japan,JP,JPN,2013,NE.EXP.GNFS.ZS,15.6037090812555
Japan,JP,JPN,2012,NE.EXP.GNFS.ZS,14.2739154583775
Japan,JP,JPN,2011,NE.EXP.GNFS.ZS,14.6645262221087
Japan,JP,JPN,2010,NE.EXP.GNFS.ZS,14.7827379015469
Mexico,MX,MEX,2023,NE.EXP.GNFS.ZS,36.1479343675069
Mexico,MX,MEX,2022,NE.EXP.GNFS.ZS,42.9322902148243
Mexico,MX,MEX,2021,NE.EXP.GNFS.ZS,40.5691931964594
Mexico,MX,MEX,2020,NE.EXP.GNFS.ZS,39.2353720952982
Mexico,MX,MEX,2019,NE.EXP.GNFS.ZS,38.5296507889335
Mexico,MX,MEX,2018,NE.EXP.GNFS.ZS,39.0439304387032
Mexico,MX,MEX,2017,NE.EXP.GNFS.ZS,37.514088621552
Mexico,MX,MEX,2016,NE.EXP.GNFS.ZS,36.8156772514808
Mexico,MX,MEX,2015,NE.EXP.GNFS.ZS,34.1627726891004
Mexico,MX,MEX,2014,NE.EXP.GNFS.ZS,31.4629921982533
Mexico,MX,MEX,2013,NE.EXP.GNFS.ZS,30.7558005807208
Mexico,MX,MEX,2012,NE.EXP.GNFS.ZS,31.5394503933211
Mexico,MX,MEX,2011,NE.EXP.GNFS.ZS,30.4429662274867
Mexico,MX,MEX,2010,NE.EXP.GNFS.ZS,29.0174601175767
Netherlands,NL,NLD,2023,NE.EXP.GNFS.ZS,87.4860612893795
Netherlands,NL,NLD,2022,NE.EXP.GNFS.ZS,96.4436215813729
Netherlands,NL,NLD,2021,NE.EXP.GNFS.ZS,86.4500028041052
Netherlands,NL,NLD,2020,NE.EXP.GNFS.ZS,81.2415259478997
Netherlands,NL,NLD,2019,NE.EXP.GNFS.ZS,85.3209394926528
Netherlands,NL,NLD,2018,NE.EXP.GNFS.ZS,87.0564594492635
Netherlands,NL,NLD,2017,NE.EXP.GNFS.ZS,85.1795472131327
Netherlands,NL,NLD,2016,NE.EXP.GNFS.ZS,80.9095011629118
Netherlands,NL,NLD,2015,NE.EXP.GNFS.ZS,83.9918475345943
Netherlands,NL,NLD,2014,NE.EXP.GNFS.ZS,81.3822615368973
Netherlands,NL,NLD,2013,NE.EXP.GNFS.ZS,80.3711722486241
Netherlands,NL,NLD,2012,NE.EXP.GNFS.ZS,79.5755903693531
Netherlands,NL,NLD,2011,NE.EXP.GNFS.ZS,75.1751870770854
Netherlands,NL,NLD,2010,NE.EXP.GNFS.ZS,69.2873649735157
Poland,PL,POL,2023,NE.EXP.GNFS.ZS,57.8812710195434
Poland,PL,POL,2022,NE.EXP.GNFS.ZS,62.3525162455456
Poland,PL,POL,2021,NE.EXP.GNFS.ZS,57.0379760723016
Poland,PL,POL,2020,NE.EXP.GNFS.ZS,52.4338855199248
Poland,PL,POL,2019,NE.EXP.GNFS.ZS,52.6128934811742
Poland,PL,POL,2018,NE.EXP.GNFS.ZS,52.232575443975
Poland,PL,POL,2017,NE.EXP.GNFS.ZS,51.6925275786294
Poland,PL,POL,2016,NE.EXP.GNFS.ZS,49.906428862355
Poland,PL,POL,2015,NE.EXP.GNFS.ZS,47.1616367257527
Poland,PL,POL,2014,NE.EXP.GNFS.ZS,46.2206720325579
Poland,PL,POL,2013,NE.EXP.GNFS.ZS,45.7672881629144
Poland,PL,POL,2012,NE.EXP.GNFS.ZS,44.0229016385965
Poland,PL,POL,2011,NE.EXP.GNFS.ZS,42.31819097341
Poland,PL,POL,2010,NE.EXP.GNFS.ZS,39.8922068463219
Sweden,SE,SWE,2023,NE.EXP.GNFS.ZS,55.1958779701806
Sweden,SE,SWE,2022,NE.EXP.GNFS.ZS,54.3120633586152
Sweden,SE,SWE,2021,NE.EXP.GNFS.ZS,47.4842370278491
Sweden,SE,SWE,2020,NE.EXP.GNFS.ZS,44.2873771533388
Sweden,SE,SWE,2019,NE.EXP.GNFS.ZS,48.2886583812982
Sweden,SE,SWE,2018,NE.EXP.GNFS.ZS,45.9408514773526
Sweden,SE,SWE,2017,NE.EXP.GNFS.ZS,43.9177471861903
Sweden,SE,SWE,2016,NE.EXP.GNFS.ZS,42.9375471367813
Sweden,SE,SWE,2015,NE.EXP.GNFS.ZS,43.7114624281719
Sweden,SE,SWE,2014,NE.EXP.GNFS.ZS,43.4587323957165
Sweden,SE,SWE,2013,NE.EXP.GNFS.ZS,42.736274814874
Sweden,SE,SWE,2012,NE.EXP.GNFS.ZS,44.8335680407679
Sweden,SE,SWE,2011,NE.EXP.GNFS.ZS,45.4141189699788
Sweden,SE,SWE,2010,NE.EXP.GNFS.ZS,44.8770299089346
United States,US,USA,2023,NE.EXP.GNFS.ZS,11.0506737190927
United States,US,USA,2022,NE.EXP.GNFS.ZS,11.6540970440015
United States,US,USA,2021,NE.EXP.GNFS.ZS,10.8266687797107
United States,US,USA,2020,NE.EXP.GNFS.ZS,10.1230809550527
United States,US,USA,2019,NE.EXP.GNFS.ZS,11.7891974097286
United States,US,USA,2018,NE.EXP.GNFS.ZS,12.2871107596266
United States,US,USA,2017,NE.EXP.GNFS.ZS,12.177481026766
United States,US,USA,2016,NE.EXP.GNFS.ZS,11.8881592273253
United States,US,USA,2015,NE.EXP.GNFS.ZS,12.4111486301271
United States,US,USA,2014,NE.EXP.GNFS.ZS,13.5082142132235
United States,US,USA,2013,NE.EXP.GNFS.ZS,13.5534918818154
United States,US,USA,2012,NE.EXP.GNFS.ZS,13.6440512687054
United States,US,USA,2011,NE.EXP.GNFS.ZS,13.5634637825829
United States,US,USA,2010,NE.EXP.GNFS.ZS,12.3413554322086
Australia,AU,AUS,2023,NE.EXP.GNFS.ZS,26.701068252275
Australia,AU,AUS,2022,NE.EXP.GNFS.ZS,25.4615298373659
Australia,AU,AUS,2021,NE.EXP.GNFS.ZS,22.0018144228925
Australia,AU,AUS,2020,NE.EXP.GNFS.ZS,23.9380373915413
Australia,AU,AUS,2019,NE.EXP.GNFS.ZS,24.0624800210722
Australia,AU,AUS,2018,NE.EXP.GNFS.ZS,21.8125736575066
Australia,AU,AUS,2017,NE.EXP.GNFS.ZS,21.1718412211076
Australia,AU,AUS,2016,NE.EXP.GNFS.ZS,19.2031438783351
Australia,AU,AUS,2015,NE.EXP.GNFS.ZS,19.9846454503255
Australia,AU,AUS,2014,NE.EXP.GNFS.ZS,20.9959179912807
Australia,AU,AUS,2013,NE.EXP.GNFS.ZS,19.8931411047873
Australia,AU,AUS,2012,NE.EXP.GNFS.ZS,21.4212330245448
Australia,AU,AUS,2011,NE.EXP.GNFS.ZS,21.3710952598475
Australia,AU,AUS,2010,NE.EXP.GNFS.ZS,19.7322237124156
Chile,CL,CHL,2023,NE.EXP.GNFS.ZS,30.7750617433637
Chile,CL,CHL,2022,NE.EXP.GNFS.ZS,35.6216861605322
Chile,CL,CHL,2021,NE.EXP.GNFS.ZS,31.974345622206
Chile,CL,CHL,2020,NE.EXP.GNFS.ZS,31.3228006627665
Chile,CL,CHL,2019,NE.EXP.GNFS.ZS,27.8723266080413
Chile,CL,CHL,2018,NE.EXP.GNFS.ZS,28.5290452274717
Chile,CL,CHL,2017,NE.EXP.GNFS.ZS,28.3313768888156
Chile,CL,CHL,2016,NE.EXP.GNFS.ZS,27.9231577302995
Chile,CL,CHL,2015,NE.EXP.GNFS.ZS,29.1910790733686
Chile,CL,CHL,2014,NE.EXP.GNFS.ZS,33.0039028305543
Chile,CL,CHL,2013,NE.EXP.GNFS.ZS,32.0874628670083
Chile,CL,CHL,2012,NE.EXP.GNFS.ZS,33.845591494963
Chile,CL,CHL,2011,NE.EXP.GNFS.ZS,37.6897797617714
Chile,CL,CHL,2010,NE.EXP.GNFS.ZS,37.903993986295
Colombia,CO,COL,2023,NE.EXP.GNFS.ZS,17.8077746975806
Colombia,CO,COL,2022,NE.EXP.GNFS.ZS,20.3883679938331
Colombia,CO,COL,2021,NE.EXP.GNFS.ZS,16.1970059548864
Colombia,CO,COL,2020,NE.EXP.GNFS.ZS,13.5222755593302
Colombia,CO,COL,2019,NE.EXP.GNFS.ZS,15.8680386541241
Colombia,CO,COL,2018,NE.EXP.GNFS.ZS,15.8997196775431
Colombia,CO,COL,2017,NE.EXP.GNFS.ZS,15.1452897484005
Colombia,CO,COL,2016,NE.EXP.GNFS.ZS,14.7171392781975
Colombia,CO,COL,2015,NE.EXP.GNFS.ZS,15.6502115094968
Colombia,CO,COL,2014,NE.EXP.GNFS.ZS,16.6347491096509
Colombia,CO,COL,2013,NE.EXP.GNFS.ZS,18.0864397214368
Colombia,CO,COL,2012,NE.EXP.GNFS.ZS,18.8112052836654
Colombia,CO,COL,2011,NE.EXP.GNFS.ZS,19.2765050733171
Colombia,CO,COL,2010,NE.EXP.GNFS.ZS,16.3408447597691
"Egypt, Arab Rep.",EG,EGY,2023,NE.EXP.GNFS.ZS,19.1060913405676
"Egypt, Arab Rep.",EG,EGY,2022,NE.EXP.GNFS.ZS,15.0870258208479
"Egypt, Arab Rep.",EG,EGY,2021,NE.EXP.GNFS.ZS,10.5611502153652
"Egypt, Arab Rep.",EG,EGY,2020,NE.EXP.GNFS.ZS,12.4727757370868
"Egypt, Arab Rep.",EG,EGY,2019,NE.EXP.GNFS.ZS,16.6440314510365
"Egypt, Arab Rep.",EG,EGY,2018,NE.EXP.GNFS.ZS,17.984655608418
"Egypt, Arab Rep.",EG,EGY,2017,NE.EXP.GNFS.ZS,15.0140868185672
"Egypt, Arab Rep.",EG,EGY,2016,NE.EXP.GNFS.ZS,10.3454639403558
"Egypt, Arab Rep.",EG,EGY,2015,NE.EXP.GNFS.ZS,13.1838454928598
"Egypt, Arab Rep.",EG,EGY,2014,NE.EXP.GNFS.ZS,14.2441314553991
"Egypt, Arab Rep.",EG,EGY,2013,NE.EXP.GNFS.ZS,17.0178456245969
"Egypt, Arab Rep.",EG,EGY,2012,NE.EXP.GNFS.ZS,16.3969666208873
"Egypt, Arab Rep.",EG,EGY,2011,NE.EXP.GNFS.ZS,20.5674276128656
"Egypt, Arab Rep.",EG,EGY,2010,NE.EXP.GNFS.ZS,21.3492458146859
Indonesia,ID,IDN,2023,NE.EXP.GNFS.ZS,21.8085632197562
Indonesia,ID,IDN,2022,NE.EXP.GNFS.ZS,24.5029116862832
Indonesia,ID,IDN,2021,NE.EXP.GNFS.ZS,21.4165556390653
Indonesia,ID,IDN,2020,NE.EXP.GNFS.ZS,17.3311682848923
Indonesia,ID,IDN,2019,NE.EXP.GNFS.ZS,18.5915277970883
Indonesia,ID,IDN,2018,NE.EXP.GNFS.ZS,21.0027464972455
Indonesia,ID,IDN,2017,NE.EXP.GNFS.ZS,20.1773044351106
Indonesia,ID,IDN,2016,NE.EXP.GNFS.ZS,19.0889938536664
Indonesia,ID,IDN,2015,NE.EXP.GNFS.ZS,21.1601792598059
Indonesia,ID,IDN,2014,NE.EXP.GNFS.ZS,23.6659845969367
Indonesia,ID,IDN,2013,NE.EXP.GNFS.ZS,23.9235763793605
Indonesia,ID,IDN,2012,NE.EXP.GNFS.ZS,24.5943787881769
Indonesia,ID,IDN,2011,NE.EXP.GNFS.ZS,26.3273530888836
Indonesia,ID,IDN,2010,NE.EXP.GNFS.ZS,24.2990309366408
India,IN,IND,2023,NE.EXP.GNFS.ZS,22.354801966733
India,IN,IND,2022,NE.EXP.GNFS.ZS,24.0401716365956
India,IN,IND,2021,NE.EXP.GNFS.ZS,21.3991583305515
India,IN,IND,2020,NE.EXP.GNFS.ZS,18.6824769296756
India,IN,IND,2019,NE.EXP.GNFS.ZS,18.664264897257
India,IN,IND,2018,NE.EXP.GNFS.ZS,19.9278285988562
India,IN,IND,2017,NE.EXP.GNFS.ZS,18.7917648392982
India,IN,IND,2016,NE.EXP.GNFS.ZS,19.1582349105946
India,IN,IND,2015,NE.EXP.GNFS.ZS,19.8131891564045
India,IN,IND,2014,NE.EXP.GNFS.ZS,22.9679630081172
India,IN,IND,2013,NE.EXP.GNFS.ZS,25.430861300519
India,IN,IND,2012,NE.EXP.GNFS.ZS,24.534430661418
India,IN,IND,2011,NE.EXP.GNFS.ZS,24.5404113195713
India,IN,IND,2010,NE.EXP.GNFS.ZS,22.4009332487945
"Korea, Rep.",KR,KOR,2023,NE.EXP.GNFS.ZS,41.3214807367697
"Korea, Rep.",KR,KOR,2022,NE.EXP.GNFS.ZS,45.294860984133
"Korea, Rep.",KR,KOR,2021,NE.EXP.GNFS.ZS,39.3388192669479
"Korea, Rep.",KR,KOR,2020,NE.EXP.GNFS.ZS,34.6152001987888
"Korea, Rep.",KR,KOR,2019,NE.EXP.GNFS.ZS,37.0413266370488
"Korea, Rep.",KR,KOR,2018,NE.EXP.GNFS.ZS,39.4523497931837
"Korea, Rep.",KR,KOR,2017,NE.EXP.GNFS.ZS,38.8488899920532
"Korea, Rep.",KR,KOR,2016,NE.EXP.GNFS.ZS,38.1129875583911
"Korea, Rep.",KR,KOR,2015,NE.EXP.GNFS.ZS,40.9681314540182
"Korea, Rep.",KR,KOR,2014,NE.EXP.GNFS.ZS,45.7876203673052
"Korea, Rep.",KR,KOR,2013,NE.EXP.GNFS.ZS,49.2338591040691
"Korea, Rep.",KR,KOR,2012,NE.EXP.GNFS.ZS,52.0235312085188
"Korea, Rep.",KR,KOR,2011,NE.EXP.GNFS.ZS,51.2813207677942
"Korea, Rep.",KR,KOR,2010,NE.EXP.GNFS.ZS,45.2718606886955
Nigeria,NG,NGA,2023,NE.EXP.GNFS.ZS,
Nigeria,NG,NGA,2022,NE.EXP.GNFS.ZS,
Nigeria,NG,NGA,2021,NE.EXP.GNFS.ZS,
Nigeria,NG,NGA,2020,NE.EXP.GNFS.ZS,
Nigeria,NG,NGA,2019,NE.EXP.GNFS.ZS,
Nigeria,NG,NGA,2018,NE.EXP.GNFS.ZS,
Nigeria,NG,NGA,2017,NE.EXP.GNFS.ZS,
Nigeria,NG,NGA,2016,NE.EXP.GNFS.ZS,
Nigeria,NG,NGA,2015,NE.EXP.GNFS.ZS,
Nigeria,NG,NGA,2014,NE.EXP.GNFS.ZS,
Nigeria,NG,NGA,2013,NE.EXP.GNFS.ZS,
Nigeria,NG,NGA,2012,NE.EXP.GNFS.ZS,
Nigeria,NG,NGA,2011,NE.EXP.GNFS.ZS,
Nigeria,NG,NGA,2010,NE.EXP.GNFS.ZS,
Russian Federation,RU,RUS,2023,NE.EXP.GNFS.ZS,22.7699393140297
Russian Federation,RU,RUS,2022,NE.EXP.GNFS.ZS,27.7096266135186
Russian Federation,RU,RUS,2021,NE.EXP.GNFS.ZS,30.0024195364041
Russian Federation,RU,RUS,2020,NE.EXP.GNFS.ZS,25.5221855113549
Russian Federation,RU,RUS,2019,NE.EXP.GNFS.ZS,28.4334306799759
Russian Federation,RU,RUS,2018,NE.EXP.GNFS.ZS,30.7932568020743
Russian Federation,RU,RUS,2017,NE.EXP.GNFS.ZS,26.0908809797568
Russian Federation,RU,RUS,2016,NE.EXP.GNFS.ZS,25.8544829769167
Russian Federation,RU,RUS,2015,NE.EXP.GNFS.ZS,28.703389442924
Russian Federation,RU,RUS,2014,NE.EXP.GNFS.ZS,27.1110970517525
Russian Federation,RU,RUS,2013,NE.EXP.GNFS.ZS,25.845336826255
Russian Federation,RU,RUS,2012,NE.EXP.GNFS.ZS,26.9073203393663
Russian Federation,RU,RUS,2011,NE.EXP.GNFS.ZS,28.0553614798549
Russian Federation,RU,RUS,2010,NE.EXP.GNFS.ZS,29.2155607849758
Saudi Arabia,SA,SAU,2023,NE.EXP.GNFS.ZS,30.7559610678442
Saudi Arabia,SA,SAU,2022,NE.EXP.GNFS.ZS,35.9850098955522
Saudi Arabia,SA,SAU,2021,NE.EXP.GNFS.ZS,29.1556614026837
Saudi Arabia,SA,SAU,2020,NE.EXP.GNFS.ZS,23.8098115262185
Saudi Arabia,SA,SAU,2019,NE.EXP.GNFS.ZS,32.159204977113
Saudi Arabia,SA,SAU,2018,NE.EXP.GNFS.ZS,35.5209831625769
Saudi Arabia,SA,SAU,2017,NE.EXP.GNFS.ZS,32.3625378991189
Saudi Arabia,SA,SAU,2016,NE.EXP.GNFS.ZS,29.1430897114591
Saudi Arabia,SA,SAU,2015,NE.EXP.GNFS.ZS,31.4401316153804
Saudi Arabia,SA,SAU,2014,NE.EXP.GNFS.ZS,45.0958458227862
Saudi Arabia,SA,SAU,2013,NE.EXP.GNFS.ZS,50.3725164415794
Saudi Arabia,SA,SAU,2012,NE.EXP.GNFS.ZS,53.1198476436365
Saudi Arabia,SA,SAU,2011,NE.EXP.GNFS.ZS,55.2733461365779
Saudi Arabia,SA,SAU,2010,NE.EXP.GNFS.ZS,49.5697145263124
Singapore,SG,SGP,2023,NE.EXP.GNFS.ZS,180.430012907963
Singapore,SG,SGP,2022,NE.EXP.GNFS.ZS,185.010656108821
Singapore,SG,SGP,2021,NE.EXP.GNFS.ZS,181.159299725796
Singapore,SG,SGP,2020,NE.EXP.GNFS.ZS,181.179978621632
Singapore,SG,SGP,2019,NE.EXP.GNFS.ZS,176.819042272174
Singapore,SG,SGP,2018,NE.EXP.GNFS.ZS,177.713039473519
Singapore,SG,SGP,2017,NE.EXP.GNFS.ZS,170.973515561304
Singapore,SG,SGP,2016,NE.EXP.GNFS.ZS,163.796317942987
Singapore,SG,SGP,2015,NE.EXP.GNFS.ZS,178.384608499682
Singapore,SG,SGP,2014,NE.EXP.GNFS.ZS,191.953535787505
Singapore,SG,SGP,2013,NE.EXP.GNFS.ZS,195.077796338143
Singapore,SG,SGP,2012,NE.EXP.GNFS.ZS,196.719612875759
Singapore,SG,SGP,2011,NE.EXP.GNFS.ZS,203.327708649538
Singapore,SG,SGP,2010,NE.EXP.GNFS.ZS,197.998960793027
Turkiye,TR,TUR,2023,NE.EXP.GNFS.ZS,31.9135926809724
Turkiye,TR,TUR,2022,NE.EXP.GNFS.ZS,38.1412107474416
Turkiye,TR,TUR,2021,NE.EXP.GNFS.ZS,35.0536332850518
Turkiye,TR,TUR,2020,NE.EXP.GNFS.ZS,28.7400043468285
Turkiye,TR,TUR,2019,NE.EXP.GNFS.ZS,33.0298811646869
Turkiye,TR,TUR,2018,NE.EXP.GNFS.ZS,31.7278536539697
Turkiye,TR,TUR,2017,NE.EXP.GNFS.ZS,26.5394989930636
Turkiye,TR,TUR,2016,NE.EXP.GNFS.ZS,23.6322024334399
Turkiye,TR,TUR,2015,NE.EXP.GNFS.ZS,25.280784580735
Turkiye,TR,TUR,2014,NE.EXP.GNFS.ZS,25.8173246854016
Turkiye,TR,TUR,2013,NE.EXP.GNFS.ZS,24.403259811358
Turkiye,TR,TUR,2012,NE.EXP.GNFS.ZS,24.9658181147838
Turkiye,TR,TUR,2011,NE.EXP.GNFS.ZS,23.4903574412774
Turkiye,TR,TUR,2010,NE.EXP.GNFS.ZS,21.5899457839207
Viet Nam,VN,VNM,2023,NE.EXP.GNFS.ZS,86.7366640875238
Viet Nam,VN,VNM,2022,NE.EXP.GNFS.ZS,93.420129043511
Viet Nam,VN,VNM,2021,NE.EXP.GNFS.ZS,93.8502071275575
Viet Nam,VN,VNM,2020,NE.EXP.GNFS.ZS,84.381598008957
Viet Nam,VN,VNM,2019,NE.EXP.GNFS.ZS,85.1575874073411
Viet Nam,VN,VNM,2018,NE.EXP.GNFS.ZS,84.4234560833365
Viet Nam,VN,VNM,2017,NE.EXP.GNFS.ZS,81.7625218355655
Viet Nam,VN,VNM,2016,NE.EXP.GNFS.ZS,74.1072862556183
Viet Nam,VN,VNM,2015,NE.EXP.GNFS.ZS,72.9228518369495
Viet Nam,VN,VNM,2014,NE.EXP.GNFS.ZS,69.5985759502054
Viet Nam,VN,VNM,2013,NE.EXP.GNFS.ZS,66.8004459919109
Viet Nam,VN,VNM,2012,NE.EXP.GNFS.ZS,63.4739249038633
Viet Nam,VN,VNM,2011,NE.EXP.GNFS.ZS,61.1801557211956
Viet Nam,VN,VNM,2010,NE.EXP.GNFS.ZS,54.1758459668515
South Africa,ZA,ZAF,2023,NE.EXP.GNFS.ZS,33.2538127556816
South Africa,ZA,ZAF,2022,NE.EXP.GNFS.ZS,33.5394403164272
South Africa,ZA,ZAF,2021,NE.EXP.GNFS.ZS,31.1916105051608
South Africa,ZA,ZAF,2020,NE.EXP.GNFS.ZS,27.5759141603963
South Africa,ZA,ZAF,2019,NE.EXP.GNFS.ZS,27.2021294051151
South Africa,ZA,ZAF,2018,NE.EXP.GNFS.ZS,27.4970371508423
South Africa,ZA,ZAF,2017,NE.EXP.GNFS.ZS,27.3400757812216
South Africa,ZA,ZAF,2016,NE.EXP.GNFS.ZS,28.1560881698955
South Africa,ZA,ZAF,2015,NE.EXP.GNFS.ZS,27.7136384124829
South Africa,ZA,ZAF,2014,NE.EXP.GNFS.ZS,29.0006193033471
South Africa,ZA,ZAF,2013,NE.EXP.GNFS.ZS,28.379280320361
South Africa,ZA,ZAF,2012,NE.EXP.GNFS.ZS,27.1391491937679
South Africa,ZA,ZAF,2011,NE.EXP.GNFS.ZS,27.6981484703752
South Africa,ZA,ZAF,2010,NE.EXP.GNFS.ZS,25.7834176267221
Argentina,AR,ARG,2023,NE.IMP.GNFS.ZS,13.8546391521167
Argentina,AR,ARG,2022,NE.IMP.GNFS.ZS,15.2985115353002
Argentina,AR,ARG,2021,NE.IMP.GNFS.ZS,15.0119803984295
Argentina,AR,ARG,2020,NE.IMP.GNFS.ZS,13.5982843701675
Argentina,AR,ARG,2019,NE.IMP.GNFS.ZS,14.7057366680037
Argentina,AR,ARG,2018,NE.IMP.GNFS.ZS,16.3258502050892
Argentina,AR,ARG,2017,NE.IMP.GNFS.ZS,13.9693177780045
Argentina,AR,ARG,2016,NE.IMP.GNFS.ZS,13.5667926798789
Argentina,AR,ARG,2015,NE.IMP.GNFS.ZS,11.7805740385254
Argentina,AR,ARG,2014,NE.IMP.GNFS.ZS,14.0013150558519
Argentina,AR,ARG,2013,NE.IMP.GNFS.ZS,14.7167556136651
Argentina,AR,ARG,2012,NE.IMP.GNFS.ZS,14.2886829096862
Argentina,AR,ARG,2011,NE.IMP.GNFS.ZS,16.7569458546489
Argentina,AR,ARG,2010,NE.IMP.GNFS.ZS,16.0371898581987
Brazil,BR,BRA,2023,NE.IMP.GNFS.ZS,15.6969055268697
Brazil,BR,BRA,2022,NE.IMP.GNFS.ZS,19.1853009729027
Brazil,BR,BRA,2021,NE.IMP.GNFS.ZS,18.5469003909373
Brazil,BR,BRA,2020,NE.IMP.GNFS.ZS,15.8485265343869
Brazil,BR,BRA,2019,NE.IMP.GNFS.ZS,14.7673386785785
Brazil,BR,BRA,2018,NE.IMP.GNFS.ZS,14.2412038808791
Brazil,BR,BRA,2017,NE.IMP.GNFS.ZS,11.8007665044289
Brazil,BR,BRA,2016,NE.IMP.GNFS.ZS,12.0670030347037
Brazil,BR,BRA,2015,NE.IMP.GNFS.ZS,14.0534345189741
Brazil,BR,BRA,2014,NE.IMP.GNFS.ZS,13.6734629940752
Brazil,BR,BRA,2013,NE.IMP.GNFS.ZS,14.0437266814484
Brazil,BR,BRA,2012,NE.IMP.GNFS.ZS,13.2367345403083
Brazil,BR,BRA,2011,NE.IMP.GNFS.ZS,12.3518924973266
Brazil,BR,BRA,2010,NE.IMP.GNFS.ZS,11.9065933379213
Canada,CA,CAN,2023,NE.IMP.GNFS.ZS,33.2328904516085
Canada,CA,CAN,2022,NE.IMP.GNFS.ZS,33.2319537399015
Canada,CA,CAN,2021,NE.IMP.GNFS.ZS,31.0717706707868
Canada,CA,CAN,2020,NE.IMP.GNFS.ZS,31.6830809235097
Canada,CA,CAN,2019,NE.IMP.GNFS.ZS,33.8187163722873
Canada,CA,CAN,2018,NE.IMP.GNFS.ZS,34.2744514629593
Canada,CA,CAN,2017,NE.IMP.GNFS.ZS,33.6465721095408
Canada,CA,CAN,2016,NE.IMP.GNFS.ZS,33.8610786779789
Canada,CA,CAN,2015,NE.IMP.GNFS.ZS,34.3149066238487
Canada,CA,CAN,2014,NE.IMP.GNFS.ZS,32.6420535575987
Canada,CA,CAN,2013,NE.IMP.GNFS.ZS,31.8993710030569
Canada,CA,CAN,2012,NE.IMP.GNFS.ZS,32.2426469380987
Canada,CA,CAN,2011,NE.IMP.GNFS.ZS,31.8201854265216
Canada,CA,CAN,2010,NE.IMP.GNFS.ZS,31.0406277835266
China,CN,CHN,2023,NE.IMP.GNFS.ZS,17.3368405290018
China,CN,CHN,2022,NE.IMP.GNFS.ZS,17.28479964513
China,CN,CHN,2021,NE.IMP.GNFS.ZS,17.2078233128845
China,CN,CHN,2020,NE.IMP.GNFS.ZS,16.0681770933789
China,CN,CHN,2019,NE.IMP.GNFS.ZS,17.3146127417354
China,CN,CHN,2018,NE.IMP.GNFS.ZS,18.1238645885338
China,CN,CHN,2017,NE.IMP.GNFS.ZS,17.6152224500872
China,CN,CHN,2016,NE.IMP.GNFS.ZS,16.9735199564368
China,CN,CHN,2015,NE.IMP.GNFS.ZS,17.7581206128298
China,CN,CHN,2014,NE.IMP.GNFS.ZS,20.9964797865269
China,CN,CHN,2013,NE.IMP.GNFS.ZS,21.7526982889717
China,CN,CHN,2012,NE.IMP.GNFS.ZS,22.4035087488717
China,CN,CHN,2011,NE.IMP.GNFS.ZS,23.7939443304884
China,CN,CHN,2010,NE.IMP.GNFS.ZS,23.1313270836509
Germany,DE,DEU,2023,NE.IMP.GNFS.ZS,38.9952859590786
Germany,DE,DEU,2022,NE.IMP.GNFS.ZS,43.1573498705316
Germany,DE,DEU,2021,NE.IMP.GNFS.ZS,37.3996969318423
Germany,DE,DEU,2020,NE.IMP.GNFS.ZS,33.8137258311309
Germany,DE,DEU,2019,NE.IMP.GNFS.ZS,36.7329982359327
Germany,DE,DEU,2018,NE.IMP.GNFS.ZS,36.6283346388937
Germany,DE,DEU,2017,NE.IMP.GNFS.ZS,35.2518818760857
Germany,DE,DEU,2016,NE.IMP.GNFS.ZS,34.3704482647463
Germany,DE,DEU,2015,NE.IMP.GNFS.ZS,35.1711839535087
Germany,DE,DEU,2014,NE.IMP.GNFS.ZS,35.1546840812607
Germany,DE,DEU,2013,NE.IMP.GNFS.ZS,35.9057450252575
Germany,DE,DEU,2012,NE.IMP.GNFS.ZS,36.6460661312909
Germany,DE,DEU,2011,NE.IMP.GNFS.ZS,36.7893742423305
Germany,DE,DEU,2010,NE.IMP.GNFS.ZS,34.389888577044
Spain,ES,ESP,2023,NE.IMP.GNFS.ZS,33.9809889561819
Spain,ES,ESP,2022,NE.IMP.GNFS.ZS,38.7940514426218
Spain,ES,ESP,2021,NE.IMP.GNFS.ZS,32.7675046176609
Spain,ES,ESP,2020,NE.IMP.GNFS.ZS,28.9651031602513
Spain,ES,ESP,2019,NE.IMP.GNFS.ZS,31.6906621148431
Spain,ES,ESP,2018,NE.IMP.GNFS.ZS,32.1345964120382
Spain,ES,ESP,2017,NE.IMP.GNFS.ZS,31.2670509322886
Spain,ES,ESP,2016,NE.IMP.GNFS.ZS,29.6116448657886
Spain,ES,ESP,2015,NE.IMP.GNFS.ZS,30.2833562687193
Spain,ES,ESP,2014,NE.IMP.GNFS.ZS,30.1799222098486
Spain,ES,ESP,2013,NE.IMP.GNFS.ZS,28.9133156275228
Spain,ES,ESP,2012,NE.IMP.GNFS.ZS,29.2542984119139
Spain,ES,ESP,2011,NE.IMP.GNFS.ZS,29.1234127763898
Spain,ES,ESP,2010,NE.IMP.GNFS.ZS,26.865556633508
France,FR,FRA,2023,NE.IMP.GNFS.ZS,36.1698881831383
France,FR,FRA,2022,NE.IMP.GNFS.ZS,39.3469593713211
France,FR,FRA,2021,NE.IMP.GNFS.ZS,32.5004326976615
France,FR,FRA,2020,NE.IMP.GNFS.ZS,30.2816679047993
France,FR,FRA,2019,NE.IMP.GNFS.ZS,33.5394177830602
France,FR,FRA,2018,NE.IMP.GNFS.ZS,33.8842788890102
France,FR,FRA,2017,NE.IMP.GNFS.ZS,33.0840141110421
France,FR,FRA,2016,NE.IMP.GNFS.ZS,31.8445463682721
France,FR,FRA,2015,NE.IMP.GNFS.ZS,31.8111924693795
France,FR,FRA,2014,NE.IMP.GNFS.ZS,31.4574540364356
France,FR,FRA,2013,NE.IMP.GNFS.ZS,31.2279485306189
France,FR,FRA,2012,NE.IMP.GNFS.ZS,31.3032784243658
France,FR,FRA,2011,NE.IMP.GNFS.ZS,31.0667881455656
France,FR,FRA,2010,NE.IMP.GNFS.ZS,28.7610671562408
United Kingdom,GB,GBR,2023,NE.IMP.GNFS.ZS,33.0801144117865
United Kingdom,GB,GBR,2022,NE.IMP.GNFS.ZS,35.1369980576912
United Kingdom,GB,GBR,2021,NE.IMP.GNFS.ZS,29.2489791841395
United Kingdom,GB,GBR,2020,NE.IMP.GNFS.ZS,29.2112372453782
United Kingdom,GB,GBR,2019,NE.IMP.GNFS.ZS,33.1007061373899
United Kingdom,GB,GBR,2018,NE.IMP.GNFS.ZS,33.0552381952321
United Kingdom,GB,GBR,2017,NE.IMP.GNFS.ZS,32.216093479851
United Kingdom,GB,GBR,2016,NE.IMP.GNFS.ZS,30.7779753635731
United Kingdom,GB,GBR,2015,NE.IMP.GNFS.ZS,29.2459709877926
United Kingdom,GB,GBR,2014,NE.IMP.GNFS.ZS,30.2890138267133
United Kingdom,GB,GBR,2013,NE.IMP.GNFS.ZS,31.5119235000045
United Kingdom,GB,GBR,2012,NE.IMP.GNFS.ZS,31.469331617208
United Kingdom,GB,GBR,2011,NE.IMP.GNFS.ZS,32.0591396722646
United Kingdom,GB,GBR,2010,NE.IMP.GNFS.ZS,30.3048137840466
Italy,IT,ITA,2023,NE.IMP.GNFS.ZS,31.7734723749599
Italy,IT,ITA,2022,NE.IMP.GNFS.ZS,36.9173622620119
Italy,IT,ITA,2021,NE.IMP.GNFS.ZS,29.1303687572707
Italy,IT,ITA,2020,NE.IMP.GNFS.ZS,25.2136287172564
Italy,IT,ITA,2019,NE.IMP.GNFS.ZS,27.7443163412796
Italy,IT,ITA,2018,NE.IMP.GNFS.ZS,28.4614762392164
Italy,IT,ITA,2017,NE.IMP.GNFS.ZS,27.4431081122137
Italy,IT,ITA,2016,NE.IMP.GNFS.ZS,25.6333978099156
Italy,IT,ITA,2015,NE.IMP.GNFS.ZS,26.2915747622901
Italy,IT,ITA,2014,NE.IMP.GNFS.ZS,25.83212719685
Italy,IT,ITA,2013,NE.IMP.GNFS.ZS,25.8567422253559
Italy,IT,ITA,2012,NE.IMP.GNFS.ZS,26.8993081933752
Italy,IT,ITA,2011,NE.IMP.GNFS.ZS,27.9092282905933
Italy,IT,ITA,2010,NE.IMP.GNFS.ZS,26.743460391446
Japan,JP,JPN,2023,NE.IMP.GNFS.ZS,22.5357732459138
Japan,JP,JPN,2022,NE.IMP.GNFS.ZS,24.212763673007
Japan,JP,JPN,2021,NE.IMP.GNFS.ZS,17.963407354096
Japan,JP,JPN,2020,NE.IMP.GNFS.ZS,15.3905323905959
Japan,JP,JPN,2019,NE.IMP.GNFS.ZS,17.320499861849
Japan,JP,JPN,2018,NE.IMP.GNFS.ZS,17.8924314793812
Japan,JP,JPN,2017,NE.IMP.GNFS.ZS,16.4730083398364
Japan,JP,JPN,2016,NE.IMP.GNFS.ZS,14.933883194543
Japan,JP,JPN,2015,NE.IMP.GNFS.ZS,17.6355206100133
Japan,JP,JPN,2014,NE.IMP.GNFS.ZS,19.6564622476125
Japan,JP,JPN,2013,NE.IMP.GNFS.ZS,17.9876603648252
Japan,JP,JPN,2012,NE.IMP.GNFS.ZS,15.9003840894255
Japan,JP,JPN,2011,NE.IMP.GNFS.ZS,15.3068591337385
Japan,JP,JPN,2010,NE.IMP.GNFS.ZS,13.4572771845197
Mexico,MX,MEX,2023,NE.IMP.GNFS.ZS,37.5911414580596
Mexico,MX,MEX,2022,NE.IMP.GNFS.ZS,45.8661953749018
Mexico,MX,MEX,2021,NE.IMP.GNFS.ZS,42.500104429993
Mexico,MX,MEX,2020,NE.IMP.GNFS.ZS,37.6191836198755
Mexico,MX,MEX,2019,NE.IMP.GNFS.ZS,38.9323214620124
Mexico,MX,MEX,2018,NE.IMP.GNFS.ZS,41.1687312115588
Mexico,MX,MEX,2017,NE.IMP.GNFS.ZS,39.4380374225879
Mexico,MX,MEX,2016,NE.IMP.GNFS.ZS,38.8746261573743
Mexico,MX,MEX,2015,NE.IMP.GNFS.ZS,36.2502019908254
Mexico,MX,MEX,2014,NE.IMP.GNFS.ZS,32.6354168333342
Mexico,MX,MEX,2013,NE.IMP.GNFS.ZS,31.9358741854644
Mexico,MX,MEX,2012,NE.IMP.GNFS.ZS,32.7184815005778
Mexico,MX,MEX,2011,NE.IMP.GNFS.ZS,31.7194210489631
Mexico,MX,MEX,2010,NE.IMP.GNFS.ZS,30.2559244160519
Netherlands,NL,NLD,2023,NE.IMP.GNFS.ZS,77.5443681895531
Netherlands,NL,NLD,2022,NE.IMP.GNFS.ZS,87.6638626713087
Netherlands,NL,NLD,2021,NE.IMP.GNFS.ZS,76.7048398855925
Netherlands,NL,NLD,2020,NE.IMP.GNFS.ZS,70.9917044618066
Netherlands,NL,NLD,2019,NE.IMP.GNFS.ZS,75.3557323923463
Netherlands,NL,NLD,2018,NE.IMP.GNFS.ZS,76.5026871237804
Netherlands,NL,NLD,2017,NE.IMP.GNFS.ZS,74.4665124437146
Netherlands,NL,NLD,2016,NE.IMP.GNFS.ZS,70.0560280487382
Netherlands,NL,NLD,2015,NE.IMP.GNFS.ZS,76.3339650302142
Netherlands,NL,NLD,2014,NE.IMP.GNFS.ZS,70.3336295196036
Netherlands,NL,NLD,2013,NE.IMP.GNFS.ZS,70.2806779783252
Netherlands,NL,NLD,2012,NE.IMP.GNFS.ZS,69.8176326887784
Netherlands,NL,NLD,2011,NE.IMP.GNFS.ZS,66.5819122486902
Netherlands,NL,NLD,2010,NE.IMP.GNFS.ZS,60.7943429618271
Poland,PL,POL,2023,NE.IMP.GNFS.ZS,52.1436640222717
Poland,PL,POL,2022,NE.IMP.GNFS.ZS,60.6688166147992
Poland,PL,POL,2021,NE.IMP.GNFS.ZS,53.836306949643
Poland,PL,POL,2020,NE.IMP.GNFS.ZS,46.8252057104188
Poland,PL,POL,2019,NE.IMP.GNFS.ZS,48.9681403361987
Poland,PL,POL,2018,NE.IMP.GNFS.ZS,50.2098867240303
Poland,PL,POL,2017,NE.IMP.GNFS.ZS,48.8733676676502
Poland,PL,POL,2016,NE.IMP.GNFS.ZS,46.9594739437073
Poland,PL,POL,2015,NE.IMP.GNFS.ZS,45.0937905484415
Poland,PL,POL,2014,NE.IMP.GNFS.ZS,45.8133476787599
Poland,PL,POL,2013,NE.IMP.GNFS.ZS,44.6502190786485
Poland,PL,POL,2012,NE.IMP.GNFS.ZS,44.8070016680619
Poland,PL,POL,2011,NE.IMP.GNFS.ZS,44.6054983103518
Poland,PL,POL,2010,NE.IMP.GNFS.ZS,42.3336454756702
Sweden,SE,SWE,2023,NE.IMP.GNFS.ZS,52.4238314737936
Sweden,SE,SWE,2022,NE.IMP.GNFS.ZS,52.7996884678965
Sweden,SE,SWE,2021,NE.IMP.GNFS.ZS,43.626000413455
Sweden,SE,SWE,2020,NE.IMP.GNFS.ZS,40.187218660823
Sweden,SE,SWE,2019,NE.IMP.GNFS.ZS,44.4624806477579
Sweden,SE,SWE,2018,NE.IMP.GNFS.ZS,44.4678627588174
Sweden,SE,SWE,2017,NE.IMP.GNFS.ZS,42.1515616878618
Sweden,SE,SWE,2016,NE.IMP.GNFS.ZS,40.5144007206336
Sweden,SE,SWE,2015,NE.IMP.GNFS.ZS,40.4616141676452
Sweden,SE,SWE,2014,NE.IMP.GNFS.ZS,40.3642486526362
Sweden,SE,SWE,2013,NE.IMP.GNFS.ZS,38.9039773181224
Sweden,SE,SWE,2012,NE.IMP.GNFS.ZS,40.464492501668
Sweden,SE,SWE,2011,NE.IMP.GNFS.ZS,40.9766258360399
Sweden,SE,SWE,2010,NE.IMP.GNFS.ZS,40.2144550183387
United States,US,USA,2023,NE.IMP.GNFS.ZS,13.878624456192
United States,US,USA,2022,NE.IMP.GNFS.ZS,15.2538011117724
United States,US,USA,2021,NE.IMP.GNFS.ZS,14.4060572431224
United States,US,USA,2020,NE.IMP.GNFS.ZS,13.0168627958622
United States,US,USA,2019,NE.IMP.GNFS.ZS,14.4692832148142
United States,US,USA,2018,NE.IMP.GNFS.ZS,15.1582483706352
United States,US,USA,2017,NE.IMP.GNFS.ZS,14.9478571955214
United States,US,USA,2016,NE.IMP.GNFS.ZS,14.5644385592212
United States,US,USA,2015,NE.IMP.GNFS.ZS,15.2770653039497
United States,US,USA,2014,NE.IMP.GNFS.ZS,16.3983551242045
United States,US,USA,2013,NE.IMP.GNFS.ZS,16.3878144030073
United States,US,USA,2012,NE.IMP.GNFS.ZS,17.0377883064876
United States,US,USA,2011,NE.IMP.GNFS.ZS,17.2790147933311
United States,US,USA,2010,NE.IMP.GNFS.ZS,15.878527508625
Australia,AU,AUS,2023,NE.IMP.GNFS.ZS,22.3432710661529
Australia,AU,AUS,2022,NE.IMP.GNFS.ZS,20.2331120432093
Australia,AU,AUS,2021,NE.IMP.GNFS.ZS,18.200421516167
Australia,AU,AUS,2020,NE.IMP.GNFS.ZS,20.5615267123377
Australia,AU,AUS,2019,NE.IMP.GNFS.ZS,21.939202684145
Australia,AU,AUS,2018,NE.IMP.GNFS.ZS,21.7606517070152
Australia,AU,AUS,2017,NE.IMP.GNFS.ZS,20.8635723040778
Australia,AU,AUS,2016,NE.IMP.GNFS.ZS,21.6102583389859
Australia,AU,AUS,2015,NE.IMP.GNFS.ZS,21.5101052436646
Australia,AU,AUS,2014,NE.IMP.GNFS.ZS,21.3033915472475
Australia,AU,AUS,2013,NE.IMP.GNFS.ZS,21.2073707762687
Australia,AU,AUS,2012,NE.IMP.GNFS.ZS,21.598616528211
Australia,AU,AUS,2011,NE.IMP.GNFS.ZS,20.3508907551214
Australia,AU,AUS,2010,NE.IMP.GNFS.ZS,20.658283373645
Chile,CL,CHL,2023,NE.IMP.GNFS.ZS,29.901582730252
Chile,CL,CHL,2022,NE.IMP.GNFS.ZS,39.6117335928437
Chile,CL,CHL,2021,NE.IMP.GNFS.ZS,32.8656468569676
Chile,CL,CHL,2020,NE.IMP.GNFS.ZS,26.8459687305709
Chile,CL,CHL,2019,NE.IMP.GNFS.ZS,29.7345891776124
Chile,CL,CHL,2018,NE.IMP.GNFS.ZS,29.6480060761165
Chile,CL,CHL,2017,NE.IMP.GNFS.ZS,27.6947817505058
Chile,CL,CHL,2016,NE.IMP.GNFS.ZS,28.1347025767999
Chile,CL,CHL,2015,NE.IMP.GNFS.ZS,30.1580314947545
Chile,CL,CHL,2014,NE.IMP.GNFS.ZS,32.6307246042164
Chile,CL,CHL,2013,NE.IMP.GNFS.ZS,33.0558248393655
Chile,CL,CHL,2012,NE.IMP.GNFS.ZS,34.3105520389641
Chile,CL,CHL,2011,NE.IMP.GNFS.ZS,34.7918624475716
Chile,CL,CHL,2010,NE.IMP.GNFS.ZS,31.8136862469673
Colombia,CO,COL,2023,NE.IMP.GNFS.ZS,22.3255418346774
Colombia,CO,COL,2022,NE.IMP.GNFS.ZS,27.8942871185028
Colombia,CO,COL,2021,NE.IMP.GNFS.ZS,23.8621404387264
Colombia,CO,COL,2020,NE.IMP.GNFS.ZS,20.5332954086799
Colombia,CO,COL,2019,NE.IMP.GNFS.ZS,21.6904953267149
Colombia,CO,COL,2018,NE.IMP.GNFS.ZS,20.6350331193542
Colombia,CO,COL,2017,NE.IMP.GNFS.ZS,20.1376251940583
Colombia,CO,COL,2016,NE.IMP.GNFS.ZS,21.4855137060045
Colombia,CO,COL,2015,NE.IMP.GNFS.ZS,22.7105526089485
Colombia,CO,COL,2014,NE.IMP.GNFS.ZS,20.8527165314594
Colombia,CO,COL,2013,NE.IMP.GNFS.ZS,19.9002090764088
Colombia,CO,COL,2012,NE.IMP.GNFS.ZS,20.0239457350035
Colombia,CO,COL,2011,NE.IMP.GNFS.ZS,20.1939184812196
Colombia,CO,COL,2010,NE.IMP.GNFS.ZS,17.923758408999
"Egypt, Arab Rep.",EG,EGY,2023,NE.IMP.GNFS.ZS,21.3443094314355
"Egypt, Arab Rep.",EG,EGY,2022,NE.IMP.GNFS.ZS,21.8960790564233
"Egypt, Arab Rep.",EG,EGY,2021,NE.IMP.GNFS.ZS,19.295823265447
"Egypt, Arab Rep.",EG,EGY,2020,NE.IMP.GNFS.ZS,19.6534798296655
"Egypt, Arab Rep.",EG,EGY,2019,NE.IMP.GNFS.ZS,24.4799857040743
"Egypt, Arab Rep.",EG,EGY,2018,NE.IMP.GNFS.ZS,27.9263640649779
"Egypt, Arab Rep.",EG,EGY,2017,NE.IMP.GNFS.ZS,27.8180475395935
"Egypt, Arab Rep.",EG,EGY,2016,NE.IMP.GNFS.ZS,19.9010851110947
"Egypt, Arab Rep.",EG,EGY,2015,NE.IMP.GNFS.ZS,21.6620974671631
"Egypt, Arab Rep.",EG,EGY,2014,NE.IMP.GNFS.ZS,22.6760563380282
"Egypt, Arab Rep.",EG,EGY,2013,NE.IMP.GNFS.ZS,23.3551924317351
"Egypt, Arab Rep.",EG,EGY,2012,NE.IMP.GNFS.ZS,24.3148026512211
"Egypt, Arab Rep.",EG,EGY,2011,NE.IMP.GNFS.ZS,24.6882065494858
"Egypt, Arab Rep.",EG,EGY,2010,NE.IMP.GNFS.ZS,26.5871042599039
Indonesia,ID,IDN,2023,NE.IMP.GNFS.ZS,19.6519133249671
Indonesia,ID,IDN,2022,NE.IMP.GNFS.ZS,20.9617585096621
Indonesia,ID,IDN,2021,NE.IMP.GNFS.ZS,18.7882026359018
Indonesia,ID,IDN,2020,NE.IMP.GNFS.ZS,15.6410071153504
Indonesia,ID,IDN,2019,NE.IMP.GNFS.ZS,19.0362497386225
Indonesia,ID,IDN,2018,NE.IMP.GNFS.ZS,22.0715624579547
Indonesia,ID,IDN,2017,NE.IMP.GNFS.ZS,19.17819263535
Indonesia,ID,IDN,2016,NE.IMP.GNFS.ZS,18.3323479486654
Indonesia,ID,IDN,2015,NE.IMP.GNFS.ZS,20.7774609817235
Indonesia,ID,IDN,2014,NE.IMP.GNFS.ZS,24.414190988586
Indonesia,ID,IDN,2013,NE.IMP.GNFS.ZS,24.7137962959288
Indonesia,ID,IDN,2012,NE.IMP.GNFS.ZS,24.9885195110858
Indonesia,ID,IDN,2011,NE.IMP.GNFS.ZS,23.8526600952268
Indonesia,ID,IDN,2010,NE.IMP.GNFS.ZS,22.4022429392329
India,IN,IND,2023,NE.IMP.GNFS.ZS,23.9681500915008
India,IN,IND,2022,NE.IMP.GNFS.ZS,26.6577666392086
India,IN,IND,2021,NE.IMP.GNFS.ZS,24.0239304534931
India,IN,IND,2020,NE.IMP.GNFS.ZS,19.0756283996012
India,IN,IND,2019,NE.IMP.GNFS.ZS,21.2411386333872
India,IN,IND,2018,NE.IMP.GNFS.ZS,23.6891407335327
India,IN,IND,2017,NE.IMP.GNFS.ZS,21.9507321152243
India,IN,IND,2016,NE.IMP.GNFS.ZS,20.9242508026814
India,IN,IND,2015,NE.IMP.GNFS.ZS,22.1097247094602
India,IN,IND,2014,NE.IMP.GNFS.ZS,25.9542227389497
India,IN,IND,2013,NE.IMP.GNFS.ZS,28.4132706461587
India,IN,IND,2012,NE.IMP.GNFS.ZS,31.2592910673332
India,IN,IND,2011,NE.IMP.GNFS.ZS,31.0834686939585
India,IN,IND,2010,NE.IMP.GNFS.ZS,26.8542732486216
"Korea, Rep.",KR,KOR,2023,NE.IMP.GNFS.ZS,40.9365283348931
"Korea, Rep.",KR,KOR,2022,NE.IMP.GNFS.ZS,45.2902865437219
"Korea, Rep.",KR,KOR,2021,NE.IMP.GNFS.ZS,35.9674854941434
"Korea, Rep.",KR,KOR,2020,NE.IMP.GNFS.ZS,30.9297576618322
"Korea, Rep.",KR,KOR,2019,NE.IMP.GNFS.ZS,34.4057366033023
"Korea, Rep.",KR,KOR,2018,NE.IMP.GNFS.ZS,35.2551664208987
"Korea, Rep.",KR,KOR,2017,NE.IMP.GNFS.ZS,34.3432508343484
"Korea, Rep.",KR,KOR,2016,NE.IMP.GNFS.ZS,31.7867345733008
"Korea, Rep.",KR,KOR,2015,NE.IMP.GNFS.ZS,34.4200460024725
"Korea, Rep.",KR,KOR,2014,NE.IMP.GNFS.ZS,41.1466374298986
"Korea, Rep.",KR,KOR,2013,NE.IMP.GNFS.ZS,44.9336644815181
"Korea, Rep.",KR,KOR,2012,NE.IMP.GNFS.ZS,49.4937408705314
"Korea, Rep.",KR,KOR,2011,NE.IMP.GNFS.ZS,50.3992956943359
"Korea, Rep.",KR,KOR,2010,NE.IMP.GNFS.ZS,42.7560070236169
Nigeria,NG,NGA,2023,NE.IMP.GNFS.ZS,
Nigeria,NG,NGA,2022,NE.IMP.GNFS.ZS,
Nigeria,NG,NGA,2021,NE.IMP.GNFS.ZS,
Nigeria,NG,NGA,2020,NE.IMP.GNFS.ZS,
Nigeria,NG,NGA,2019,NE.IMP.GNFS.ZS,
Nigeria,NG,NGA,2018,NE.IMP.GNFS.ZS,
Nigeria,NG,NGA,2017,NE.IMP.GNFS.ZS,
Nigeria,NG,NGA,2016,NE.IMP.GNFS.ZS,
Nigeria,NG,NGA,2015,NE.IMP.GNFS.ZS,
Nigeria,NG,NGA,2014,NE.IMP.GNFS.ZS,
Nigeria,NG,NGA,2013,NE.IMP.GNFS.ZS,
Nigeria,NG,NGA,2012,NE.IMP.GNFS.ZS,
Nigeria,NG,NGA,2011,NE.IMP.GNFS.ZS,
Nigeria,NG,NGA,2010,NE.IMP.GNFS.ZS,
Russian Federation,RU,RUS,2023,NE.IMP.GNFS.ZS,18.5695723352636
Russian Federation,RU,RUS,2022,NE.IMP.GNFS.ZS,15.0566816178163
Russian Federation,RU,RUS,2021,NE.IMP.GNFS.ZS,20.5837759257711
Russian Federation,RU,RUS,2020,NE.IMP.GNFS.ZS,20.4447226915578
Russian Federation,RU,RUS,2019,NE.IMP.GNFS.ZS,20.7953229819275
Russian Federation,RU,RUS,2018,NE.IMP.GNFS.ZS,20.7876435683221
Russian Federation,RU,RUS,2017,NE.IMP.GNFS.ZS,20.7856433573743
Russian Federation,RU,RUS,2016,NE.IMP.GNFS.ZS,20.6636368626929
Russian Federation,RU,RUS,2015,NE.IMP.GNFS.ZS,20.6559598687647
Russian Federation,RU,RUS,2014,NE.IMP.GNFS.ZS,20.6902442110591
Russian Federation,RU,RUS,2013,NE.IMP.GNFS.ZS,20.441812574244
Russian Federation,RU,RUS,2012,NE.IMP.GNFS.ZS,20.2440700464294
Russian Federation,RU,RUS,2011,NE.IMP.GNFS.ZS,19.9800379279369
Russian Federation,RU,RUS,2010,NE.IMP.GNFS.ZS,21.1399447022831
Saudi Arabia,SA,SAU,2023,NE.IMP.GNFS.ZS,25.0415071647045
Saudi Arabia,SA,SAU,2022,NE.IMP.GNFS.ZS,20.839154879381
Saudi Arabia,SA,SAU,2021,NE.IMP.GNFS.ZS,21.728264937195
Saudi Arabia,SA,SAU,2020,NE.IMP.GNFS.ZS,23.7233476988295
Saudi Arabia,SA,SAU,2019,NE.IMP.GNFS.ZS,24.6346155115383
Saudi Arabia,SA,SAU,2018,NE.IMP.GNFS.ZS,23.5819273071372
Saudi Arabia,SA,SAU,2017,NE.IMP.GNFS.ZS,27.169441258704
Saudi Arabia,SA,SAU,2016,NE.IMP.GNFS.ZS,28.7785737995774
Saudi Arabia,SA,SAU,2015,NE.IMP.GNFS.ZS,35.6651376146789
Saudi Arabia,SA,SAU,2014,NE.IMP.GNFS.ZS,32.9042652949498
Saudi Arabia,SA,SAU,2013,NE.IMP.GNFS.ZS,29.8789849870989
Saudi Arabia,SA,SAU,2012,NE.IMP.GNFS.ZS,28.6208309025235
Saudi Arabia,SA,SAU,2011,NE.IMP.GNFS.ZS,29.0860881073216
Saudi Arabia,SA,SAU,2010,NE.IMP.GNFS.ZS,32.9799704964413
Singapore,SG,SGP,2023,NE.IMP.GNFS.ZS,143.271207083937
Singapore,SG,SGP,2022,NE.IMP.GNFS.ZS,145.236260954071
Singapore,SG,SGP,2021,NE.IMP.GNFS.ZS,145.373954861844
Singapore,SG,SGP,2020,NE.IMP.GNFS.ZS,149.900578206446
Singapore,SG,SGP,2019,NE.IMP.GNFS.ZS,147.45104630445
Singapore,SG,SGP,2018,NE.IMP.GNFS.ZS,148.012770521334
Singapore,SG,SGP,2017,NE.IMP.GNFS.ZS,144.427917894082
Singapore,SG,SGP,2016,NE.IMP.GNFS.ZS,137.542548284574
Singapore,SG,SGP,2015,NE.IMP.GNFS.ZS,151.08679044058
Singapore,SG,SGP,2014,NE.IMP.GNFS.ZS,168.513783378732
Singapore,SG,SGP,2013,NE.IMP.GNFS.ZS,171.963983710876
Singapore,SG,SGP,2012,NE.IMP.GNFS.ZS,172.493352911906
Singapore,SG,SGP,2011,NE.IMP.GNFS.ZS,175.770922728001
Singapore,SG,SGP,2010,NE.IMP.GNFS.ZS,171.686594994619
Turkiye,TR,TUR,2023,NE.IMP.GNFS.ZS,33.7696157928943
Turkiye,TR,TUR,2022,NE.IMP.GNFS.ZS,41.7570614839925
Turkiye,TR,TUR,2021,NE.IMP.GNFS.ZS,34.5552643235919
Turkiye,TR,TUR,2020,NE.IMP.GNFS.ZS,31.6498487704686
Turkiye,TR,TUR,2019,NE.IMP.GNFS.ZS,29.548577767937
Turkiye,TR,TUR,2018,NE.IMP.GNFS.ZS,31.0972787311468
Turkiye,TR,TUR,2017,NE.IMP.GNFS.ZS,29.5961595228053
Turkiye,TR,TUR,2016,NE.IMP.GNFS.ZS,25.2379813745471
Turkiye,TR,TUR,2015,NE.IMP.GNFS.ZS,26.5941406789482
Turkiye,TR,TUR,2014,NE.IMP.GNFS.ZS,28.4894493558784
Turkiye,TR,TUR,2013,NE.IMP.GNFS.ZS,28.6650931929463
Turkiye,TR,TUR,2012,NE.IMP.GNFS.ZS,28.3619431820769
Turkiye,TR,TUR,2011,NE.IMP.GNFS.ZS,30.1612264563406
Turkiye,TR,TUR,2010,NE.IMP.GNFS.ZS,25.3533908870685
Viet Nam,VN,VNM,2023,NE.IMP.GNFS.ZS,78.2589213683517
Viet Nam,VN,VNM,2022,NE.IMP.GNFS.ZS,89.7334901043249
Viet Nam,VN,VNM,2021,NE.IMP.GNFS.ZS,92.8256257092568
Viet Nam,VN,VNM,2020,NE.IMP.GNFS.ZS,78.8642648059779
Viet Nam,VN,VNM,2019,NE.IMP.GNFS.ZS,79.5466276240668
Viet Nam,VN,VNM,2018,NE.IMP.GNFS.ZS,80.2404806925565
Viet Nam,VN,VNM,2017,NE.IMP.GNFS.ZS,79.2175618233041
Viet Nam,VN,VNM,2016,NE.IMP.GNFS.ZS,71.3022217174998
Viet Nam,VN,VNM,2015,NE.IMP.GNFS.ZS,71.9913763582877
Viet Nam,VN,VNM,2014,NE.IMP.GNFS.ZS,65.8119455041556
Viet Nam,VN,VNM,2013,NE.IMP.GNFS.ZS,64.0459088748316
Viet Nam,VN,VNM,2012,NE.IMP.GNFS.ZS,59.7501918421214
Viet Nam,VN,VNM,2011,NE.IMP.GNFS.ZS,64.0804222196337
Viet Nam,VN,VNM,2010,NE.IMP.GNFS.ZS,59.8018415728627
South Africa,ZA,ZAF,2023,NE.IMP.GNFS.ZS,32.4260632183892
South Africa,ZA,ZAF,2022,NE.IMP.GNFS.ZS,31.4076940859128
South Africa,ZA,ZAF,2021,NE.IMP.GNFS.ZS,24.9731031225938
South Africa,ZA,ZAF,2020,NE.IMP.GNFS.ZS,23.1837449200214
South Africa,ZA,ZAF,2019,NE.IMP.GNFS.ZS,26.6958670030255
South Africa,ZA,ZAF,2018,NE.IMP.GNFS.ZS,26.9885079767917
South Africa,ZA,ZAF,2017,NE.IMP.GNFS.ZS,26.1958560481525
South Africa,ZA,ZAF,2016,NE.IMP.GNFS.ZS,27.7051693349827
South Africa,ZA,ZAF,2015,NE.IMP.GNFS.ZS,29.0130377322327
South Africa,ZA,ZAF,2014,NE.IMP.GNFS.ZS,30.4989547517121
South Africa,ZA,ZAF,2013,NE.IMP.GNFS.ZS,30.4957473096901
South Africa,ZA,ZAF,2012,NE.IMP.GNFS.ZS,28.4434679995666
South Africa,ZA,ZAF,2011,NE.IMP.GNFS.ZS,26.9382019655219
South Africa,ZA,ZAF,2010,NE.IMP.GNFS.ZS,24.6226695358778
Argentina,AR,ARG,2023,NE.TRD.GNFS.ZS,26.6769512482215
Argentina,AR,ARG,2022,NE.TRD.GNFS.ZS,31.5801792606256
Argentina,AR,ARG,2021,NE.TRD.GNFS.ZS,33.078689567466
Argentina,AR,ARG,2020,NE.TRD.GNFS.ZS,30.203698807416
Argentina,AR,ARG,2019,NE.TRD.GNFS.ZS,32.6306150458499
Argentina,AR,ARG,2018,NE.TRD.GNFS.ZS,30.7625359549926
Argentina,AR,ARG,2017,NE.TRD.GNFS.ZS,25.2896011376779
Argentina,AR,ARG,2016,NE.TRD.GNFS.ZS,26.0938878488799
Argentina,AR,ARG,2015,NE.TRD.GNFS.ZS,22.4862260889792
Argentina,AR,ARG,2014,NE.TRD.GNFS.ZS,28.4067936452275
Argentina,AR,ARG,2013,NE.TRD.GNFS.ZS,29.3339290021037
Argentina,AR,ARG,2012,NE.TRD.GNFS.ZS,30.5265423717108
Argentina,AR,ARG,2011,NE.TRD.GNFS.ZS,35.2061549999644
Argentina,AR,ARG,2010,NE.TRD.GNFS.ZS,34.9710132635696
Brazil,BR,BRA,2023,NE.TRD.GNFS.ZS,33.6662298301438
Brazil,BR,BRA,2022,NE.TRD.GNFS.ZS,38.8160659763397
Brazil,BR,BRA,2021,NE.TRD.GNFS.ZS,37.6563307598082
Brazil,BR,BRA,2020,NE.TRD.GNFS.ZS,32.3020785437939
Brazil,BR,BRA,2019,NE.TRD.GNFS.ZS,28.8902578698964
Brazil,BR,BRA,2018,NE.TRD.GNFS.ZS,28.8762033763866
Brazil,BR,BRA,2017,NE.TRD.GNFS.ZS,24.3197343743057
Brazil,BR,BRA,2016,NE.TRD.GNFS.ZS,24.5336820777006
Brazil,BR,BRA,2015,NE.TRD.GNFS.ZS,26.95362593736
Brazil,BR,BRA,2014,NE.TRD.GNFS.ZS,24.6854058131291
Brazil,BR,BRA,2013,NE.TRD.GNFS.ZS,25.7859573274674
Brazil,BR,BRA,2012,NE.TRD.GNFS.ZS,25.1142736107398
Brazil,BR,BRA,2011,NE.TRD.GNFS.ZS,23.9344051758721
Brazil,BR,BRA,2010,NE.TRD.GNFS.ZS,22.772178113177
Canada,CA,CAN,2023,NE.TRD.GNFS.ZS,66.5745425015033
Canada,CA,CAN,2022,NE.TRD.GNFS.ZS,66.9531620692051
Canada,CA,CAN,2021,NE.TRD.GNFS.ZS,62.2468612630348
Canada,CA,CAN,2020,NE.TRD.GNFS.ZS,61.1566883386797
Canada,CA,CAN,2019,NE.TRD.GNFS.ZS,66.1713422730605
Canada,CA,CAN,2018,NE.TRD.GNFS.ZS,66.59982627163
Canada,CA,CAN,2017,NE.TRD.GNFS.ZS,65.1009087910845
Canada,CA,CAN,2016,NE.TRD.GNFS.ZS,65.3636199818813
Canada,CA,CAN,2015,NE.TRD.GNFS.ZS,66.1648355844224
Canada,CA,CAN,2014,NE.TRD.GNFS.ZS,64.3785976132125
Canada,CA,CAN,2013,NE.TRD.GNFS.ZS,62.2315329073432
Canada,CA,CAN,2012,NE.TRD.GNFS.ZS,62.5957887432013
Canada,CA,CAN,2011,NE.TRD.GNFS.ZS,62.4984217100546
Canada,CA,CAN,2010,NE.TRD.GNFS.ZS,60.2079046752442
China,CN,CHN,2023,NE.TRD.GNFS.ZS,36.7391496938394
China,CN,CHN,2022,NE.TRD.GNFS.ZS,37.512555678171
China,CN,CHN,2021,NE.TRD.GNFS.ZS,36.6428789643754
China,CN,CHN,2020,NE.TRD.GNFS.ZS,34.337778473884
China,CN,CHN,2019,NE.TRD.GNFS.ZS,35.4544350281407
China,CN,CHN,2018,NE.TRD.GNFS.ZS,36.8943843914718
China,CN,CHN,2017,NE.TRD.GNFS.ZS,36.95085261586
China,CN,CHN,2016,NE.TRD.GNFS.ZS,36.177170692978
China,CN,CHN,2015,NE.TRD.GNFS.ZS,38.6971848362625
China,CN,CHN,2014,NE.TRD.GNFS.ZS,44.0684564812532
China,CN,CHN,2013,NE.TRD.GNFS.ZS,45.9160413795571
China,CN,CHN,2012,NE.TRD.GNFS.ZS,47.4802130784317
China,CN,CHN,2011,NE.TRD.GNFS.ZS,49.9458272253643
China,CN,CHN,2010,NE.TRD.GNFS.ZS,49.8540722338977
Germany,DE,DEU,2023,NE.TRD.GNFS.ZS,81.9625483787634
Germany,DE,DEU,2022,NE.TRD.GNFS.ZS,88.7857542130501
Germany,DE,DEU,2021,NE.TRD.GNFS.ZS,79.9195348609851
Germany,DE,DEU,2020,NE.TRD.GNFS.ZS,72.9335327120137
Germany,DE,DEU,2019,NE.TRD.GNFS.ZS,79.0732427175683
Germany,DE,DEU,2018,NE.TRD.GNFS.ZS,79.1252260463654
Germany,DE,DEU,2017,NE.TRD.GNFS.ZS,77.4548394742448
Germany,DE,DEU,2016,NE.TRD.GNFS.ZS,76.0059902166055
Germany,DE,DEU,2015,NE.TRD.GNFS.ZS,77.7565815686922
Germany,DE,DEU,2014,NE.TRD.GNFS.ZS,76.8483516336234
Germany,DE,DEU,2013,NE.TRD.GNFS.ZS,77.5860288576931
Germany,DE,DEU,2012,NE.TRD.GNFS.ZS,79.3316495670315
Germany,DE,DEU,2011,NE.TRD.GNFS.ZS,78.433002901442
Germany,DE,DEU,2010,NE.TRD.GNFS.ZS,73.8852351200263
Spain,ES,ESP,2023,NE.TRD.GNFS.ZS,71.7976366055733
Spain,ES,ESP,2022,NE.TRD.GNFS.ZS,78.4657338703054
Spain,ES,ESP,2021,NE.TRD.GNFS.ZS,66.524588943191
Spain,ES,ESP,2020,NE.TRD.GNFS.ZS,59.4461280147076
Spain,ES,ESP,2019,NE.TRD.GNFS.ZS,66.3662250440692
Spain,ES,ESP,2018,NE.TRD.GNFS.ZS,67.0094103982921
Spain,ES,ESP,2017,NE.TRD.GNFS.ZS,66.167446137857
Spain,ES,ESP,2016,NE.TRD.GNFS.ZS,63.1886778507294
Spain,ES,ESP,2015,NE.TRD.GNFS.ZS,63.5820412248232
Spain,ES,ESP,2014,NE.TRD.GNFS.ZS,63.39926213895
Spain,ES,ESP,2013,NE.TRD.GNFS.ZS,61.6687726441327
Spain,ES,ESP,2012,NE.TRD.GNFS.ZS,60.5540346961864
Spain,ES,ESP,2011,NE.TRD.GNFS.ZS,58.5118228859632
Spain,ES,ESP,2010,NE.TRD.GNFS.ZS,52.6933699734019
France,FR,FRA,2023,NE.TRD.GNFS.ZS,70.6261450610225
France,FR,FRA,2022,NE.TRD.GNFS.ZS,75.9630077981996
France,FR,FRA,2021,NE.TRD.GNFS.ZS,63.788482630872
France,FR,FRA,2020,NE.TRD.GNFS.ZS,58.8388907240647
France,FR,FRA,2019,NE.TRD.GNFS.ZS,66.4289607281749
France,FR,FRA,2018,NE.TRD.GNFS.ZS,66.8022607812266
France,FR,FRA,2017,NE.TRD.GNFS.ZS,65.3958481559711
France,FR,FRA,2016,NE.TRD.GNFS.ZS,63.3427564383351
France,FR,FRA,2015,NE.TRD.GNFS.ZS,63.5046871956484
France,FR,FRA,2014,NE.TRD.GNFS.ZS,62.1992669379507
France,FR,FRA,2013,NE.TRD.GNFS.ZS,61.8192338733962
France,FR,FRA,2012,NE.TRD.GNFS.ZS,61.6589570771102
France,FR,FRA,2011,NE.TRD.GNFS.ZS,60.6056354816406
France,FR,FRA,2010,NE.TRD.GNFS.ZS,56.587555247796
United Kingdom,GB,GBR,2023,NE.TRD.GNFS.ZS,64.9923841747803
United Kingdom,GB,GBR,2022,NE.TRD.GNFS.ZS,69.1989264413981
United Kingdom,GB,GBR,2021,NE.TRD.GNFS.ZS,58.53838629291
United Kingdom,GB,GBR,2020,NE.TRD.GNFS.ZS,59.1598893030611
United Kingdom,GB,GBR,2019,NE.TRD.GNFS.ZS,65.0035664177054
United Kingdom,GB,GBR,2018,NE.TRD.GNFS.ZS,64.9097721959201
United Kingdom,GB,GBR,2017,NE.TRD.GNFS.ZS,63.1899245764158
United Kingdom,GB,GBR,2016,NE.TRD.GNFS.ZS,59.8395315138259
United Kingdom,GB,GBR,2015,NE.TRD.GNFS.ZS,57.125044605439
United Kingdom,GB,GBR,2014,NE.TRD.GNFS.ZS,58.8210228333296
United Kingdom,GB,GBR,2013,NE.TRD.GNFS.ZS,61.7195395154583
United Kingdom,GB,GBR,2012,NE.TRD.GNFS.ZS,61.9688704472535
United Kingdom,GB,GBR,2011,NE.TRD.GNFS.ZS,63.3240615708901
United Kingdom,GB,GBR,2010,NE.TRD.GNFS.ZS,59.0511802227821
Italy,IT,ITA,2023,NE.TRD.GNFS.ZS,65.1028419441908
Italy,IT,ITA,2022,NE.TRD.GNFS.ZS,72.0165023032697
Italy,IT,ITA,2021,NE.TRD.GNFS.ZS,60.3019776202798
Italy,IT,ITA,2020,NE.TRD.GNFS.ZS,53.9394839042764
Italy,IT,ITA,2019,NE.TRD.GNFS.ZS,58.6941902594738
Italy,IT,ITA,2018,NE.TRD.GNFS.ZS,59.2749835128154
Italy,IT,ITA,2017,NE.TRD.GNFS.ZS,57.5829940274911
Italy,IT,ITA,2016,NE.TRD.GNFS.ZS,54.4321467018313
Italy,IT,ITA,2015,NE.TRD.GNFS.ZS,55.4356858148221
Italy,IT,ITA,2014,NE.TRD.GNFS.ZS,54.4545299332032
Italy,IT,ITA,2013,NE.TRD.GNFS.ZS,54.0341846317499
Italy,IT,ITA,2012,NE.TRD.GNFS.ZS,54.8844952702204
Italy,IT,ITA,2011,NE.TRD.GNFS.ZS,54.4722149449288
Italy,IT,ITA,2010,NE.TRD.GNFS.ZS,51.6621118138339
Japan,JP,JPN,2023,NE.TRD.GNFS.ZS,43.5950833802735
Japan,JP,JPN,2022,NE.TRD.GNFS.ZS,44.86063102004
Japan,JP,JPN,2021,NE.TRD.GNFS.ZS,35.4253927340539
Japan,JP,JPN,2020,NE.TRD.GNFS.ZS,30.5192226892273
Japan,JP,JPN,2019,NE.TRD.GNFS.ZS,34.3582972799989
Japan,JP,JPN,2018,NE.TRD.GNFS.ZS,35.8035749582494
Japan,JP,JPN,2017,NE.TRD.GNFS.ZS,33.6888336792782
Japan,JP,JPN,2016,NE.TRD.GNFS.ZS,30.6562793068554
Japan,JP,JPN,2015,NE.TRD.GNFS.ZS,34.7276305886293
Japan,JP,JPN,2014,NE.TRD.GNFS.ZS,36.7643250218282
Japan,JP,JPN,2013,NE.TRD.GNFS.ZS,33.5913694460807
Japan,JP,JPN,2012,NE.TRD.GNFS.ZS,30.174299547803
Japan,JP,JPN,2011,NE.TRD.GNFS.ZS,29.9713853558472
Japan,JP,JPN,2010,NE.TRD.GNFS.ZS,28.2400150860666
Mexico,MX,MEX,2023,NE.TRD.GNFS.ZS,73.7390758255664
Mexico,MX,MEX,2022,NE.TRD.GNFS.ZS,88.7984855897261
Mexico,MX,MEX,2021,NE.TRD.GNFS.ZS,83.0692976264524
Mexico,MX,MEX,2020,NE.TRD.GNFS.ZS,76.8545557151738
Mexico,MX,MEX,2019,NE.TRD.GNFS.ZS,77.4619722509459
Mexico,MX,MEX,2018,NE.TRD.GNFS.ZS,80.212661650262
Mexico,MX,MEX,2017,NE.TRD.GNFS.ZS,76.95212604414
Mexico,MX,MEX,2016,NE.TRD.GNFS.ZS,75.6903034088551
Mexico,MX,MEX,2015,NE.TRD.GNFS.ZS,70.4129746799259
Mexico,MX,MEX,2014,NE.TRD.GNFS.ZS,64.0984090315875
Mexico,MX,MEX,2013,NE.TRD.GNFS.ZS,62.6916747661852
Mexico,MX,MEX,2012,NE.TRD.GNFS.ZS,64.2579318938989
Mexico,MX,MEX,2011,NE.TRD.GNFS.ZS,62.1623872764498
Mexico,MX,MEX,2010,NE.TRD.GNFS.ZS,59.2733845336286
Netherlands,NL,NLD,2023,NE.TRD.GNFS.ZS,165.030429478933
Netherlands,NL,NLD,2022,NE.TRD.GNFS.ZS,184.107484252682
Netherlands,NL,NLD,2021,NE.TRD.GNFS.ZS,163.154842689698
Netherlands,NL,NLD,2020,NE.TRD.GNFS.ZS,152.233230409706
Netherlands,NL,NLD,2019,NE.TRD.GNFS.ZS,160.676671884999
Netherlands,NL,NLD,2018,NE.TRD.GNFS.ZS,163.559146573044
Netherlands,NL,NLD,2017,NE.TRD.GNFS.ZS,159.646059656847
Netherlands,NL,NLD,2016,NE.TRD.GNFS.ZS,150.96552921165
Netherlands,NL,NLD,2015,NE.TRD.GNFS.ZS,160.325812564809
Netherlands,NL,NLD,2014,NE.TRD.GNFS.ZS,151.715891056501
Netherlands,NL,NLD,2013,NE.TRD.GNFS.ZS,150.651850226949
Netherlands,NL,NLD,2012,NE.TRD.GNFS.ZS,149.393223058131
Netherlands,NL,NLD,2011,NE.TRD.GNFS.ZS,141.757099325776
Netherlands,NL,NLD,2010,NE.TRD.GNFS.ZS,130.081707935343
Poland,PL,POL,2023,NE.TRD.GNFS.ZS,110.024935041815
Poland,PL,POL,2022,NE.TRD.GNFS.ZS,123.021332860345
Poland,PL,POL,2021,NE.TRD.GNFS.ZS,110.874283021945
Poland,PL,POL,2020,NE.TRD.GNFS.ZS,99.2590912303436
Poland,PL,POL,2019,NE.TRD.GNFS.ZS,101.581033817373
Poland,PL,POL,2018,NE.TRD.GNFS.ZS,102.442462168005
Poland,PL,POL,2017,NE.TRD.GNFS.ZS,100.56589524628
Poland,PL,POL,2016,NE.TRD.GNFS.ZS,96.8659028060623
Poland,PL,POL,2015,NE.TRD.GNFS.ZS,92.2554272741942
Poland,PL,POL,2014,NE.TRD.GNFS.ZS,92.0340197113178
Poland,PL,POL,2013,NE.TRD.GNFS.ZS,90.4175072415629
Poland,PL,POL,2012,NE.TRD.GNFS.ZS,88.8299033066583
Poland,PL,POL,2011,NE.TRD.GNFS.ZS,86.9236892837618
Poland,PL,POL,2010,NE.TRD.GNFS.ZS,82.2258523219922
Sweden,SE,SWE,2023,NE.TRD.GNFS.ZS,107.619709443974
Sweden,SE,SWE,2022,NE.TRD.GNFS.ZS,107.111751826512
Sweden,SE,SWE,2021,NE.TRD.GNFS.ZS,91.1102374413042
Sweden,SE,SWE,2020,NE.TRD.GNFS.ZS,84.4745958141618
Sweden,SE,SWE,2019,NE.TRD.GNFS.ZS,92.7511390290561
Sweden,SE,SWE,2018,NE.TRD.GNFS.ZS,90.4087142361701
Sweden,SE,SWE,2017,NE.TRD.GNFS.ZS,86.0693088740521
Sweden,SE,SWE,2016,NE.TRD.GNFS.ZS,83.4519478574149
Sweden,SE,SWE,2015,NE.TRD.GNFS.ZS,84.1730765958171
Sweden,SE,SWE,2014,NE.TRD.GNFS.ZS,83.8229810483527
Sweden,SE,SWE,2013,NE.TRD.GNFS.ZS,81.6402521329964
Sweden,SE,SWE,2012,NE.TRD.GNFS.ZS,85.2980605424359
Sweden,SE,SWE,2011,NE.TRD.GNFS.ZS,86.3907448060188
Sweden,SE,SWE,2010,NE.TRD.GNFS.ZS,85.0914849272733
United States,US,USA,2023,NE.TRD.GNFS.ZS,24.9292981752847
United States,US,USA,2022,NE.TRD.GNFS.ZS,26.9078981557739
United States,US,USA,2021,NE.TRD.GNFS.ZS,25.2327260228331
United States,US,USA,2020,NE.TRD.GNFS.ZS,23.1399437509149
United States,US,USA,2019,NE.TRD.GNFS.ZS,26.2584806245428
United States,US,USA,2018,NE.TRD.GNFS.ZS,27.4453591302618
United States,US,USA,2017,NE.TRD.GNFS.ZS,27.1253382222874
United States,US,USA,2016,NE.TRD.GNFS.ZS,26.4525977865465
United States,US,USA,2015,NE.TRD.GNFS.ZS,27.6882139340768
United States,US,USA,2014,NE.TRD.GNFS.ZS,29.906569337428
United States,US,USA,2013,NE.TRD.GNFS.ZS,29.9413062848227
United States,US,USA,2012,NE.TRD.GNFS.ZS,30.681839575193
United States,US,USA,2011,NE.TRD.GNFS.ZS,30.842478575914
United States,US,USA,2010,NE.TRD.GNFS.ZS,28.2198829408336
Australia,AU,AUS,2023,NE.TRD.GNFS.ZS,49.044339318428
Australia,AU,AUS,2022,NE.TRD.GNFS.ZS,45.6946418805752
Australia,AU,AUS,2021,NE.TRD.GNFS.ZS,40.2022359390595
Australia,AU,AUS,2020,NE.TRD.GNFS.ZS,44.499564103879
Australia,AU,AUS,2019,NE.TRD.GNFS.ZS,46.0016827052171
Australia,AU,AUS,2018,NE.TRD.GNFS.ZS,43.5732253645218
Australia,AU,AUS,2017,NE.TRD.GNFS.ZS,42.0354135251854
Australia,AU,AUS,2016,NE.TRD.GNFS.ZS,40.813402217321
Australia,AU,AUS,2015,NE.TRD.GNFS.ZS,41.4947506939901
Australia,AU,AUS,2014,NE.TRD.GNFS.ZS,42.2993095385282
Australia,AU,AUS,2013,NE.TRD.GNFS.ZS,41.100511881056
Australia,AU,AUS,2012,NE.TRD.GNFS.ZS,43.0198495527558
Australia,AU,AUS,2011,NE.TRD.GNFS.ZS,41.7219860149689
Australia,AU,AUS,2010,NE.TRD.GNFS.ZS,40.3905070860606
Chile,CL,CHL,2023,NE.TRD.GNFS.ZS,60.6766444736157
Chile,CL,CHL,2022,NE.TRD.GNFS.ZS,75.2334197533759
Chile,CL,CHL,2021,NE.TRD.GNFS.ZS,64.8399924791736
Chile,CL,CHL,2020,NE.TRD.GNFS.ZS,58.1687693933374
Chile,CL,CHL,2019,NE.TRD.GNFS.ZS,57.6069157856537
Chile,CL,CHL,2018,NE.TRD.GNFS.ZS,58.1770513035882
Chile,CL,CHL,2017,NE.TRD.GNFS.ZS,56.0261586393213
Chile,CL,CHL,2016,NE.TRD.GNFS.ZS,56.0578603070995
Chile,CL,CHL,2015,NE.TRD.GNFS.ZS,59.3491105681231
Chile,CL,CHL,2014,NE.TRD.GNFS.ZS,65.6346274347707
Chile,CL,CHL,2013,NE.TRD.GNFS.ZS,65.1432877063737
Chile,CL,CHL,2012,NE.TRD.GNFS.ZS,68.1561435339271
Chile,CL,CHL,2011,NE.TRD.GNFS.ZS,72.481642209343
Chile,CL,CHL,2010,NE.TRD.GNFS.ZS,69.7176802332624
Colombia,CO,COL,2023,NE.TRD.GNFS.ZS,40.1333165322581
Colombia,CO,COL,2022,NE.TRD.GNFS.ZS,48.2826551123359
Colombia,CO,COL,2021,NE.TRD.GNFS.ZS,40.0591463936128
Colombia,CO,COL,2020,NE.TRD.GNFS.ZS,34.0555709680101
Colombia,CO,COL,2019,NE.TRD.GNFS.ZS,37.558533980839
Colombia,CO,COL,2018,NE.TRD.GNFS.ZS,36.5347527968973
Colombia,CO,COL,2017,NE.TRD.GNFS.ZS,35.2829149424588
Colombia,CO,COL,2016,NE.TRD.GNFS.ZS,36.202652984202
Colombia,CO,COL,2015,NE.TRD.GNFS.ZS,38.3607641184453
Colombia,CO,COL,2014,NE.TRD.GNFS.ZS,37.4874656411103
Colombia,CO,COL,2013,NE.TRD.GNFS.ZS,37.9866487978457
Colombia,CO,COL,2012,NE.TRD.GNFS.ZS,38.835151018669
Colombia,CO,COL,2011,NE.TRD.GNFS.ZS,39.4704235545367
Colombia,CO,COL,2010,NE.TRD.GNFS.ZS,34.2646031687681
"Egypt, Arab Rep.",EG,EGY,2023,NE.TRD.GNFS.ZS,40.4504007720031
"Egypt, Arab Rep.",EG,EGY,2022,NE.TRD.GNFS.ZS,36.9831048772713
"Egypt, Arab Rep.",EG,EGY,2021,NE.TRD.GNFS.ZS,29.8569734808122
"Egypt, Arab Rep.",EG,EGY,2020,NE.TRD.GNFS.ZS,32.1262555667523
"Egypt, Arab Rep.",EG,EGY,2019,NE.TRD.GNFS.ZS,41.1240171551108
"Egypt, Arab Rep.",EG,EGY,2018,NE.TRD.GNFS.ZS,45.9110196733959
"Egypt, Arab Rep.",EG,EGY,2017,NE.TRD.GNFS.ZS,42.8321343581608
"Egypt, Arab Rep.",EG,EGY,2016,NE.TRD.GNFS.ZS,30.2465490514505
"Egypt, Arab Rep.",EG,EGY,2015,NE.TRD.GNFS.ZS,34.8459429600229
"Egypt, Arab Rep.",EG,EGY,2014,NE.TRD.GNFS.ZS,36.9201877934272
"Egypt, Arab Rep.",EG,EGY,2013,NE.TRD.GNFS.ZS,40.373038056332
"Egypt, Arab Rep.",EG,EGY,2012,NE.TRD.GNFS.ZS,40.7117692721084
"Egypt, Arab Rep.",EG,EGY,2011,NE.TRD.GNFS.ZS,45.2556341623514
"Egypt, Arab Rep.",EG,EGY,2010,NE.TRD.GNFS.ZS,47.9363500745898
Indonesia,ID,IDN,2023,NE.TRD.GNFS.ZS,41.4604765447233
Indonesia,ID,IDN,2022,NE.TRD.GNFS.ZS,45.4646701959453
Indonesia,ID,IDN,2021,NE.TRD.GNFS.ZS,40.2047582749671
Indonesia,ID,IDN,2020,NE.TRD.GNFS.ZS,32.9721754002427
Indonesia,ID,IDN,2019,NE.TRD.GNFS.ZS,37.6277775357108
Indonesia,ID,IDN,2018,NE.TRD.GNFS.ZS,43.0743089552002
Indonesia,ID,IDN,2017,NE.TRD.GNFS.ZS,39.3554970704606
Indonesia,ID,IDN,2016,NE.TRD.GNFS.ZS,37.4213418023318
Indonesia,ID,IDN,2015,NE.TRD.GNFS.ZS,41.9376402415294
Indonesia,ID,IDN,2014,NE.TRD.GNFS.ZS,48.0801755855227
Indonesia,ID,IDN,2013,NE.TRD.GNFS.ZS,48.6373726752893
Indonesia,ID,IDN,2012,NE.TRD.GNFS.ZS,49.5828982992627
Indonesia,ID,IDN,2011,NE.TRD.GNFS.ZS,50.1800131841104
Indonesia,ID,IDN,2010,NE.TRD.GNFS.ZS,46.7012738758737
India,IN,IND,2023,NE.TRD.GNFS.ZS,46.3229520582338
India,IN,IND,2022,NE.TRD.GNFS.ZS,50.6979382758042
India,IN,IND,2021,NE.TRD.GNFS.ZS,45.4230887840446
India,IN,IND,2020,NE.TRD.GNFS.ZS,37.7581053292768
India,IN,IND,2019,NE.TRD.GNFS.ZS,39.9054035306442
India,IN,IND,2018,NE.TRD.GNFS.ZS,43.6169693323889
India,IN,IND,2017,NE.TRD.GNFS.ZS,40.7424969545225
India,IN,IND,2016,NE.TRD.GNFS.ZS,40.082485713276
India,IN,IND,2015,NE.TRD.GNFS.ZS,41.9229138658647
India,IN,IND,2014,NE.TRD.GNFS.ZS,48.9221857470669
India,IN,IND,2013,NE.TRD.GNFS.ZS,53.8441319466777
India,IN,IND,2012,NE.TRD.GNFS.ZS,55.7937217287511
India,IN,IND,2011,NE.TRD.GNFS.ZS,55.6238800135298
India,IN,IND,2010,NE.TRD.GNFS.ZS,49.2552064974161
"Korea, Rep.",KR,KOR,2023,NE.TRD.GNFS.ZS,82.2580090716629
"Korea, Rep.",KR,KOR,2022,NE.TRD.GNFS.ZS,90.5851475278549
"Korea, Rep.",KR,KOR,2021,NE.TRD.GNFS.ZS,75.3063047610912
"Korea, Rep.",KR,KOR,2020,NE.TRD.GNFS.ZS,65.544957860621
"Korea, Rep.",KR,KOR,2019,NE.TRD.GNFS.ZS,71.4470632403511
"Korea, Rep.",KR,KOR,2018,NE.TRD.GNFS.ZS,74.7075162140824
"Korea, Rep.",KR,KOR,2017,NE.TRD.GNFS.ZS,73.1921408264016
"Korea, Rep.",KR,KOR,2016,NE.TRD.GNFS.ZS,69.8997221316919
"Korea, Rep.",KR,KOR,2015,NE.TRD.GNFS.ZS,75.3881774564907
"Korea, Rep.",KR,KOR,2014,NE.TRD.GNFS.ZS,86.9342577972039
"Korea, Rep.",KR,KOR,2013,NE.TRD.GNFS.ZS,94.1675235855873
"Korea, Rep.",KR,KOR,2012,NE.TRD.GNFS.ZS,101.51727207905
"Korea, Rep.",KR,KOR,2011,NE.TRD.GNFS.ZS,101.68061646213
"Korea, Rep.",KR,KOR,2010,NE.TRD.GNFS.ZS,88.0278677123124
Nigeria,NG,NGA,2023,NE.TRD.GNFS.ZS,
Nigeria,NG,NGA,2022,NE.TRD.GNFS.ZS,
Nigeria,NG,NGA,2021,NE.TRD.GNFS.ZS,
Nigeria,NG,NGA,2020,NE.TRD.GNFS.ZS,
Nigeria,NG,NGA,2019,NE.TRD.GNFS.ZS,
Nigeria,NG,NGA,2018,NE.TRD.GNFS.ZS,
Nigeria,NG,NGA,2017,NE.TRD.GNFS.ZS,
Nigeria,NG,NGA,2016,NE.TRD.GNFS.ZS,
Nigeria,NG,NGA,2015,NE.TRD.GNFS.ZS,
Nigeria,NG,NGA,2014,NE.TRD.GNFS.ZS,
Nigeria,NG,NGA,2013,NE.TRD.GNFS.ZS,
Nigeria,NG,NGA,2012,NE.TRD.GNFS.ZS,
Nigeria,NG,NGA,2011,NE.TRD.GNFS.ZS,
Nigeria,NG,NGA,2010,NE.TRD.GNFS.ZS,
Russian Federation,RU,RUS,2023,NE.TRD.GNFS.ZS,41.3395116492933
Russian Federation,RU,RUS,2022,NE.TRD.GNFS.ZS,42.7663082313349
Russian Federation,RU,RUS,2021,NE.TRD.GNFS.ZS,50.5861954621752
Russian Federation,RU,RUS,2020,NE.TRD.GNFS.ZS,45.9669082029127
Russian Federation,RU,RUS,2019,NE.TRD.GNFS.ZS,49.2287536619033
Russian Federation,RU,RUS,2018,NE.TRD.GNFS.ZS,51.5809003703964
Russian Federation,RU,RUS,2017,NE.TRD.GNFS.ZS,46.8765243371311
Russian Federation,RU,RUS,2016,NE.TRD.GNFS.ZS,46.5181198396096
Russian Federation,RU,RUS,2015,NE.TRD.GNFS.ZS,49.3593493116887
Russian Federation,RU,RUS,2014,NE.TRD.GNFS.ZS,47.8013412628116
Russian Federation,RU,RUS,2013,NE.TRD.GNFS.ZS,46.287149400499
Russian Federation,RU,RUS,2012,NE.TRD.GNFS.ZS,47.1513903857957
Russian Federation,RU,RUS,2011,NE.TRD.GNFS.ZS,48.0353994077919
Russian Federation,RU,RUS,2010,NE.TRD.GNFS.ZS,50.3555054872589
Saudi Arabia,SA,SAU,2023,NE.TRD.GNFS.ZS,55.7974682325487
Saudi Arabia,SA,SAU,2022,NE.TRD.GNFS.ZS,56.8241647749332
Saudi Arabia,SA,SAU,2021,NE.TRD.GNFS.ZS,50.8839263398787
Saudi Arabia,SA,SAU,2020,NE.TRD.GNFS.ZS,47.533159225048
Saudi Arabia,SA,SAU,2019,NE.TRD.GNFS.ZS,56.7938204886513
Saudi Arabia,SA,SAU,2018,NE.TRD.GNFS.ZS,59.1029104697141
Saudi Arabia,SA,SAU,2017,NE.TRD.GNFS.ZS,59.5319791578229
Saudi Arabia,SA,SAU,2016,NE.TRD.GNFS.ZS,57.9216635110364
Saudi Arabia,SA,SAU,2015,NE.TRD.GNFS.ZS,67.1052692300592
Saudi Arabia,SA,SAU,2014,NE.TRD.GNFS.ZS,78.000111117736
Saudi Arabia,SA,SAU,2013,NE.TRD.GNFS.ZS,80.2515014286783
Saudi Arabia,SA,SAU,2012,NE.TRD.GNFS.ZS,81.74067854616
Saudi Arabia,SA,SAU,2011,NE.TRD.GNFS.ZS,84.3594342438995
Saudi Arabia,SA,SAU,2010,NE.TRD.GNFS.ZS,82.5496850227537
Singapore,SG,SGP,2023,NE.TRD.GNFS.ZS,323.7012199919
Singapore,SG,SGP,2022,NE.TRD.GNFS.ZS,330.246917062891
Singapore,SG,SGP,2021,NE.TRD.GNFS.ZS,326.53325458764
Singapore,SG,SGP,2020,NE.TRD.GNFS.ZS,331.080556828077
Singapore,SG,SGP,2019,NE.TRD.GNFS.ZS,324.270088576625
Singapore,SG,SGP,2018,NE.TRD.GNFS.ZS,325.725809994853
Singapore,SG,SGP,2017,NE.TRD.GNFS.ZS,315.401433455385
Singapore,SG,SGP,2016,NE.TRD.GNFS.ZS,301.338866227561
Singapore,SG,SGP,2015,NE.TRD.GNFS.ZS,329.471398940262
Singapore,SG,SGP,2014,NE.TRD.GNFS.ZS,360.467319166237
Singapore,SG,SGP,2013,NE.TRD.GNFS.ZS,367.041780049019
Singapore,SG,SGP,2012,NE.TRD.GNFS.ZS,369.212965787665
Singapore,SG,SGP,2011,NE.TRD.GNFS.ZS,379.098631377539
Singapore,SG,SGP,2010,NE.TRD.GNFS.ZS,369.685555787646
Turkiye,TR,TUR,2023,NE.TRD.GNFS.ZS,65.6832084738667
Turkiye,TR,TUR,2022,NE.TRD.GNFS.ZS,79.8982722314341
Turkiye,TR,TUR,2021,NE.TRD.GNFS.ZS,69.6088976086437
Turkiye,TR,TUR,2020,NE.TRD.GNFS.ZS,60.389853117297
Turkiye,TR,TUR,2019,NE.TRD.GNFS.ZS,62.5784589326239
Turkiye,TR,TUR,2018,NE.TRD.GNFS.ZS,62.8251323851165
Turkiye,TR,TUR,2017,NE.TRD.GNFS.ZS,56.1356585158689
Turkiye,TR,TUR,2016,NE.TRD.GNFS.ZS,48.870183807987
Turkiye,TR,TUR,2015,NE.TRD.GNFS.ZS,51.8749252596832
Turkiye,TR,TUR,2014,NE.TRD.GNFS.ZS,54.30677404128
Turkiye,TR,TUR,2013,NE.TRD.GNFS.ZS,53.0683530043043
Turkiye,TR,TUR,2012,NE.TRD.GNFS.ZS,53.3277612968607
Turkiye,TR,TUR,2011,NE.TRD.GNFS.ZS,53.651583897618
Turkiye,TR,TUR,2010,NE.TRD.GNFS.ZS,46.9433366709891
Viet Nam,VN,VNM,2023,NE.TRD.GNFS.ZS,164.995585455876
Viet Nam,VN,VNM,2022,NE.TRD.GNFS.ZS,183.153619147836
Viet Nam,VN,VNM,2021,NE.TRD.GNFS.ZS,186.675832836814
Viet Nam,VN,VNM,2020,NE.TRD.GNFS.ZS,163.245862814935
Viet Nam,VN,VNM,2019,NE.TRD.GNFS.ZS,164.704215031408
Viet Nam,VN,VNM,2018,NE.TRD.GNFS.ZS,164.663936775893
Viet Nam,VN,VNM,2017,NE.TRD.GNFS.ZS,160.98008365887
Viet Nam,VN,VNM,2016,NE.TRD.GNFS.ZS,145.409507973118
Viet Nam,VN,VNM,2015,NE.TRD.GNFS.ZS,144.914228195237
Viet Nam,VN,VNM,2014,NE.TRD.GNFS.ZS,135.410521454361
Viet Nam,VN,VNM,2013,NE.TRD.GNFS.ZS,130.846354866743
Viet Nam,VN,VNM,2012,NE.TRD.GNFS.ZS,123.224116745985
Viet Nam,VN,VNM,2011,NE.TRD.GNFS.ZS,125.260577940829
Viet Nam,VN,VNM,2010,NE.TRD.GNFS.ZS,113.977687539714
South Africa,ZA,ZAF,2023,NE.TRD.GNFS.ZS,65.6798759740707
South Africa,ZA,ZAF,2022,NE.TRD.GNFS.ZS,64.94713440234
South Africa,ZA,ZAF,2021,NE.TRD.GNFS.ZS,56.1647136277546
South Africa,ZA,ZAF,2020,NE.TRD.GNFS.ZS,50.7596590804177
South Africa,ZA,ZAF,2019,NE.TRD.GNFS.ZS,53.8979964081406
South Africa,ZA,ZAF,2018,NE.TRD.GNFS.ZS,54.4855451276341
South Africa,ZA,ZAF,2017,NE.TRD.GNFS.ZS,53.5359318293741
South Africa,ZA,ZAF,2016,NE.TRD.GNFS.ZS,55.8612575048782
South Africa,ZA,ZAF,2015,NE.TRD.GNFS.ZS,56.7266761447156
South Africa,ZA,ZAF,2014,NE.TRD.GNFS.ZS,59.4995740550593
South Africa,ZA,ZAF,2013,NE.TRD.GNFS.ZS,58.875027630051
South Africa,ZA,ZAF,2012,NE.TRD.GNFS.ZS,55.5826171933345
South Africa,ZA,ZAF,2011,NE.TRD.GNFS.ZS,54.6363504358971
South Africa,ZA,ZAF,2010,NE.TRD.GNFS.ZS,50.4060871625999
Argentina,AR,ARG,2023,TX.VAL.MRCH.XD.WD,118
Argentina,AR,ARG,2022,TX.VAL.MRCH.XD.WD,156.2
Argentina,AR,ARG,2021,TX.VAL.MRCH.XD.WD,137.2
Argentina,AR,ARG,2020,TX.VAL.MRCH.XD.WD,96.7
Argentina,AR,ARG,2019,TX.VAL.MRCH.XD.WD,114.7
Argentina,AR,ARG,2018,TX.VAL.MRCH.XD.WD,108.8
Argentina,AR,ARG,2017,TX.VAL.MRCH.XD.WD,103.3
Argentina,AR,ARG,2016,TX.VAL.MRCH.XD.WD,102
Argentina,AR,ARG,2015,TX.VAL.MRCH.XD.WD,100
Argentina,AR,ARG,2014,TX.VAL.MRCH.XD.WD,120.5
Argentina,AR,ARG,2013,TX.VAL.MRCH.XD.WD,133.8
Argentina,AR,ARG,2012,TX.VAL.MRCH.XD.WD,140.9
Argentina,AR,ARG,2011,TX.VAL.MRCH.XD.WD,148
Argentina,AR,ARG,2010,TX.VAL.MRCH.XD.WD,120.1
Brazil,BR,BRA,2023,TX.VAL.MRCH.XD.WD,181.9
Brazil,BR,BRA,2022,TX.VAL.MRCH.XD.WD,178.9
Brazil,BR,BRA,2021,TX.VAL.MRCH.XD.WD,150.3
Brazil,BR,BRA,2020,TX.VAL.MRCH.XD.WD,112
Brazil,BR,BRA,2019,TX.VAL.MRCH.XD.WD,118.4
Brazil,BR,BRA,2018,TX.VAL.MRCH.XD.WD,124.1
Brazil,BR,BRA,2017,TX.VAL.MRCH.XD.WD,115.1
Brazil,BR,BRA,2016,TX.VAL.MRCH.XD.WD,96.1
Brazil,BR,BRA,2015,TX.VAL.MRCH.XD.WD,100
Brazil,BR,BRA,2014,TX.VAL.MRCH.XD.WD,118.3
Brazil,BR,BRA,2013,TX.VAL.MRCH.XD.WD,124.5
Brazil,BR,BRA,2012,TX.VAL.MRCH.XD.WD,128.5
Brazil,BR,BRA,2011,TX.VAL.MRCH.XD.WD,135.8
Brazil,BR,BRA,2010,TX.VAL.MRCH.XD.WD,107.3
Canada,CA,CAN,2023,TX.VAL.MRCH.XD.WD,139.1
Canada,CA,CAN,2022,TX.VAL.MRCH.XD.WD,146.9
Canada,CA,CAN,2021,TX.VAL.MRCH.XD.WD,124.2
Canada,CA,CAN,2020,TX.VAL.MRCH.XD.WD,95.3
Canada,CA,CAN,2019,TX.VAL.MRCH.XD.WD,109.5
Canada,CA,CAN,2018,TX.VAL.MRCH.XD.WD,110.3
Canada,CA,CAN,2017,TX.VAL.MRCH.XD.WD,102.6
Canada,CA,CAN,2016,TX.VAL.MRCH.XD.WD,95.1
Canada,CA,CAN,2015,TX.VAL.MRCH.XD.WD,100
Canada,CA,CAN,2014,TX.VAL.MRCH.XD.WD,116.2
Canada,CA,CAN,2013,TX.VAL.MRCH.XD.WD,111.8
Canada,CA,CAN,2012,TX.VAL.MRCH.XD.WD,111.1
Canada,CA,CAN,2011,TX.VAL.MRCH.XD.WD,110.1
Canada,CA,CAN,2010,TX.VAL.MRCH.XD.WD,94.5
China,CN,CHN,2023,TX.VAL.MRCH.XD.WD,148.6
China,CN,CHN,2022,TX.VAL.MRCH.XD.WD,155.9
China,CN,CHN,2021,TX.VAL.MRCH.XD.WD,145.9
China,CN,CHN,2020,TX.VAL.MRCH.XD.WD,113.9
China,CN,CHN,2019,TX.VAL.MRCH.XD.WD,109.9
China,CN,CHN,2018,TX.VAL.MRCH.XD.WD,109.4
China,CN,CHN,2017,TX.VAL.MRCH.XD.WD,99.6
China,CN,CHN,2016,TX.VAL.MRCH.XD.WD,92.3
China,CN,CHN,2015,TX.VAL.MRCH.XD.WD,100
China,CN,CHN,2014,TX.VAL.MRCH.XD.WD,103
China,CN,CHN,2013,TX.VAL.MRCH.XD.WD,97.2
China,CN,CHN,2012,TX.VAL.MRCH.XD.WD,90.1
China,CN,CHN,2011,TX.VAL.MRCH.XD.WD,83.5
China,CN,CHN,2010,TX.VAL.MRCH.XD.WD,69.4
Germany,DE,DEU,2023,TX.VAL.MRCH.XD.WD,128.4
Germany,DE,DEU,2022,TX.VAL.MRCH.XD.WD,126.4
Germany,DE,DEU,2021,TX.VAL.MRCH.XD.WD,122.7
Germany,DE,DEU,2020,TX.VAL.MRCH.XD.WD,104.2
Germany,DE,DEU,2019,TX.VAL.MRCH.XD.WD,112.3
Germany,DE,DEU,2018,TX.VAL.MRCH.XD.WD,117.7
Germany,DE,DEU,2017,TX.VAL.MRCH.XD.WD,109.2
Germany,DE,DEU,2016,TX.VAL.MRCH.XD.WD,100.6
Germany,DE,DEU,2015,TX.VAL.MRCH.XD.WD,100
Germany,DE,DEU,2014,TX.VAL.MRCH.XD.WD,112.7
Germany,DE,DEU,2013,TX.VAL.MRCH.XD.WD,109
Germany,DE,DEU,2012,TX.VAL.MRCH.XD.WD,105.6
Germany,DE,DEU,2011,TX.VAL.MRCH.XD.WD,111.1
Germany,DE,DEU,2010,TX.VAL.MRCH.XD.WD,94.9
Spain,ES,ESP,2023,TX.VAL.MRCH.XD.WD,149.7
Spain,ES,ESP,2022,TX.VAL.MRCH.XD.WD,147.2
Spain,ES,ESP,2021,TX.VAL.MRCH.XD.WD,134.6
Spain,ES,ESP,2020,TX.VAL.MRCH.XD.WD,109.2
Spain,ES,ESP,2019,TX.VAL.MRCH.XD.WD,118.3
Spain,ES,ESP,2018,TX.VAL.MRCH.XD.WD,122.8
Spain,ES,ESP,2017,TX.VAL.MRCH.XD.WD,113.2
Spain,ES,ESP,2016,TX.VAL.MRCH.XD.WD,102.7
Spain,ES,ESP,2015,TX.VAL.MRCH.XD.WD,100
Spain,ES,ESP,2014,TX.VAL.MRCH.XD.WD,115
Spain,ES,ESP,2013,TX.VAL.MRCH.XD.WD,112.5
Spain,ES,ESP,2012,TX.VAL.MRCH.XD.WD,104.6
Spain,ES,ESP,2011,TX.VAL.MRCH.XD.WD,108.6
Spain,ES,ESP,2010,TX.VAL.MRCH.XD.WD,90.1
France,FR,FRA,2023,TX.VAL.MRCH.XD.WD,128.6
France,FR,FRA,2022,TX.VAL.MRCH.XD.WD,122.6
France,FR,FRA,2021,TX.VAL.MRCH.XD.WD,115.6
France,FR,FRA,2020,TX.VAL.MRCH.XD.WD,96.5
France,FR,FRA,2019,TX.VAL.MRCH.XD.WD,112.8
France,FR,FRA,2018,TX.VAL.MRCH.XD.WD,115
France,FR,FRA,2017,TX.VAL.MRCH.XD.WD,105.7
France,FR,FRA,2016,TX.VAL.MRCH.XD.WD,99
France,FR,FRA,2015,TX.VAL.MRCH.XD.WD,100
France,FR,FRA,2014,TX.VAL.MRCH.XD.WD,114.8
France,FR,FRA,2013,TX.VAL.MRCH.XD.WD,114.7
France,FR,FRA,2012,TX.VAL.MRCH.XD.WD,112.3
France,FR,FRA,2011,TX.VAL.MRCH.XD.WD,117.8
France,FR,FRA,2010,TX.VAL.MRCH.XD.WD,103.5
United Kingdom,GB,GBR,2023,TX.VAL.MRCH.XD.WD,112.7
United Kingdom,GB,GBR,2022,TX.VAL.MRCH.XD.WD,117.2
United Kingdom,GB,GBR,2021,TX.VAL.MRCH.XD.WD,101.4
United Kingdom,GB,GBR,2020,TX.VAL.MRCH.XD.WD,85.8
United Kingdom,GB,GBR,2019,TX.VAL.MRCH.XD.WD,98.7
United Kingdom,GB,GBR,2018,TX.VAL.MRCH.XD.WD,104.4
United Kingdom,GB,GBR,2017,TX.VAL.MRCH.XD.WD,94.7
United Kingdom,GB,GBR,2016,TX.VAL.MRCH.XD.WD,88.2
United Kingdom,GB,GBR,2015,TX.VAL.MRCH.XD.WD,100
United Kingdom,GB,GBR,2014,TX.VAL.MRCH.XD.WD,109.6
United Kingdom,GB,GBR,2013,TX.VAL.MRCH.XD.WD,115.9
United Kingdom,GB,GBR,2012,TX.VAL.MRCH.XD.WD,101.5
United Kingdom,GB,GBR,2011,TX.VAL.MRCH.XD.WD,108.7
United Kingdom,GB,GBR,2010,TX.VAL.MRCH.XD.WD,89.3
Italy,IT,ITA,2023,TX.VAL.MRCH.XD.WD,148.1
Italy,IT,ITA,2022,TX.VAL.MRCH.XD.WD,144.1
Italy,IT,ITA,2021,TX.VAL.MRCH.XD.WD,134.7
Italy,IT,ITA,2020,TX.VAL.MRCH.XD.WD,109.4
Italy,IT,ITA,2019,TX.VAL.MRCH.XD.WD,117.7
Italy,IT,ITA,2018,TX.VAL.MRCH.XD.WD,120.2
Italy,IT,ITA,2017,TX.VAL.MRCH.XD.WD,111
Italy,IT,ITA,2016,TX.VAL.MRCH.XD.WD,101
Italy,IT,ITA,2015,TX.VAL.MRCH.XD.WD,100
Italy,IT,ITA,2014,TX.VAL.MRCH.XD.WD,115.9
Italy,IT,ITA,2013,TX.VAL.MRCH.XD.WD,113.4
Italy,IT,ITA,2012,TX.VAL.MRCH.XD.WD,109.7
Italy,IT,ITA,2011,TX.VAL.MRCH.XD.WD,114.5
Italy,IT,ITA,2010,TX.VAL.MRCH.XD.WD,97.9
Japan,JP,JPN,2023,TX.VAL.MRCH.XD.WD,114.8
Japan,JP,JPN,2022,TX.VAL.MRCH.XD.WD,119.5
Japan,JP,JPN,2021,TX.VAL.MRCH.XD.WD,121
Japan,JP,JPN,2020,TX.VAL.MRCH.XD.WD,102.6
Japan,JP,JPN,2019,TX.VAL.MRCH.XD.WD,112.9
Japan,JP,JPN,2018,TX.VAL.MRCH.XD.WD,118.1
Japan,JP,JPN,2017,TX.VAL.MRCH.XD.WD,111.7
Japan,JP,JPN,2016,TX.VAL.MRCH.XD.WD,103.2
Japan,JP,JPN,2015,TX.VAL.MRCH.XD.WD,100
Japan,JP,JPN,2014,TX.VAL.MRCH.XD.WD,110.4
Japan,JP,JPN,2013,TX.VAL.MRCH.XD.WD,114.4
Japan,JP,JPN,2012,TX.VAL.MRCH.XD.WD,127.8
Japan,JP,JPN,2011,TX.VAL.MRCH.XD.WD,131.7
Japan,JP,JPN,2010,TX.VAL.MRCH.XD.WD,123.2
Mexico,MX,MEX,2023,TX.VAL.MRCH.XD.WD,155.8
Mexico,MX,MEX,2022,TX.VAL.MRCH.XD.WD,151.8
Mexico,MX,MEX,2021,TX.VAL.MRCH.XD.WD,130.1
Mexico,MX,MEX,2020,TX.VAL.MRCH.XD.WD,109.6
Mexico,MX,MEX,2019,TX.VAL.MRCH.XD.WD,121
Mexico,MX,MEX,2018,TX.VAL.MRCH.XD.WD,118.4
Mexico,MX,MEX,2017,TX.VAL.MRCH.XD.WD,107.6
Mexico,MX,MEX,2016,TX.VAL.MRCH.XD.WD,98.3
Mexico,MX,MEX,2015,TX.VAL.MRCH.XD.WD,100
Mexico,MX,MEX,2014,TX.VAL.MRCH.XD.WD,104.3
Mexico,MX,MEX,2013,TX.VAL.MRCH.XD.WD,99.9
Mexico,MX,MEX,2012,TX.VAL.MRCH.XD.WD,97.4
Mexico,MX,MEX,2011,TX.VAL.MRCH.XD.WD,91.9
Mexico,MX,MEX,2010,TX.VAL.MRCH.XD.WD,78.4
Netherlands,NL,NLD,2023,TX.VAL.MRCH.XD.WD,164.1
Netherlands,NL,NLD,2022,TX.VAL.MRCH.XD.WD,168.9
Netherlands,NL,NLD,2021,TX.VAL.MRCH.XD.WD,147.3
Netherlands,NL,NLD,2020,TX.VAL.MRCH.XD.WD,118.3
Netherlands,NL,NLD,2019,TX.VAL.MRCH.XD.WD,124.2
Netherlands,NL,NLD,2018,TX.VAL.MRCH.XD.WD,127.4
Netherlands,NL,NLD,2017,TX.VAL.MRCH.XD.WD,114.3
Netherlands,NL,NLD,2016,TX.VAL.MRCH.XD.WD,100
Netherlands,NL,NLD,2015,TX.VAL.MRCH.XD.WD,100
Netherlands,NL,NLD,2014,TX.VAL.MRCH.XD.WD,117.9
Netherlands,NL,NLD,2013,TX.VAL.MRCH.XD.WD,117.7
Netherlands,NL,NLD,2012,TX.VAL.MRCH.XD.WD,114.9
Netherlands,NL,NLD,2011,TX.VAL.MRCH.XD.WD,116.9
Netherlands,NL,NLD,2010,TX.VAL.MRCH.XD.WD,100.7
Poland,PL,POL,2023,TX.VAL.MRCH.XD.WD,191.6
Poland,PL,POL,2022,TX.VAL.MRCH.XD.WD,181.1
Poland,PL,POL,2021,TX.VAL.MRCH.XD.WD,171.1
Poland,PL,POL,2020,TX.VAL.MRCH.XD.WD,137.5
Poland,PL,POL,2019,TX.VAL.MRCH.XD.WD,133.9
Poland,PL,POL,2018,TX.VAL.MRCH.XD.WD,132.4
Poland,PL,POL,2017,TX.VAL.MRCH.XD.WD,117.7
Poland,PL,POL,2016,TX.VAL.MRCH.XD.WD,102.4
Poland,PL,POL,2015,TX.VAL.MRCH.XD.WD,100
Poland,PL,POL,2014,TX.VAL.MRCH.XD.WD,110.5
Poland,PL,POL,2013,TX.VAL.MRCH.XD.WD,103
Poland,PL,POL,2012,TX.VAL.MRCH.XD.WD,93.1
Poland,PL,POL,2011,TX.VAL.MRCH.XD.WD,94.8
Poland,PL,POL,2010,TX.VAL.MRCH.XD.WD,80.2
Sweden,SE,SWE,2023,TX.VAL.MRCH.XD.WD,141
Sweden,SE,SWE,2022,TX.VAL.MRCH.XD.WD,141.2
Sweden,SE,SWE,2021,TX.VAL.MRCH.XD.WD,135.4
Sweden,SE,SWE,2020,TX.VAL.MRCH.XD.WD,111
Sweden,SE,SWE,2019,TX.VAL.MRCH.XD.WD,114.7
Sweden,SE,SWE,2018,TX.VAL.MRCH.XD.WD,118.5
Sweden,SE,SWE,2017,TX.VAL.MRCH.XD.WD,109.2
Sweden,SE,SWE,2016,TX.VAL.MRCH.XD.WD,99.5
Sweden,SE,SWE,2015,TX.VAL.MRCH.XD.WD,100
Sweden,SE,SWE,2014,TX.VAL.MRCH.XD.WD,117.6
Sweden,SE,SWE,2013,TX.VAL.MRCH.XD.WD,119.6
Sweden,SE,SWE,2012,TX.VAL.MRCH.XD.WD,123.1
Sweden,SE,SWE,2011,TX.VAL.MRCH.XD.WD,133.5
Sweden,SE,SWE,2010,TX.VAL.MRCH.XD.WD,113.2
United States,US,USA,2023,TX.VAL.MRCH.XD.WD,134.3
United States,US,USA,2022,TX.VAL.MRCH.XD.WD,137.4
United States,US,USA,2021,TX.VAL.MRCH.XD.WD,116.8
United States,US,USA,2020,TX.VAL.MRCH.XD.WD,94.8
United States,US,USA,2019,TX.VAL.MRCH.XD.WD,109.4
United States,US,USA,2018,TX.VAL.MRCH.XD.WD,110.7
United States,US,USA,2017,TX.VAL.MRCH.XD.WD,102.9
United States,US,USA,2016,TX.VAL.MRCH.XD.WD,96.6
United States,US,USA,2015,TX.VAL.MRCH.XD.WD,100
United States,US,USA,2014,TX.VAL.MRCH.XD.WD,107.9
United States,US,USA,2013,TX.VAL.MRCH.XD.WD,105.1
United States,US,USA,2012,TX.VAL.MRCH.XD.WD,102.9
United States,US,USA,2011,TX.VAL.MRCH.XD.WD,98.7
United States,US,USA,2010,TX.VAL.MRCH.XD.WD,85.1
Australia,AU,AUS,2023,TX.VAL.MRCH.XD.WD,197.9
Australia,AU,AUS,2022,TX.VAL.MRCH.XD.WD,219.9
Australia,AU,AUS,2021,TX.VAL.MRCH.XD.WD,183.7
Australia,AU,AUS,2020,TX.VAL.MRCH.XD.WD,133.6
Australia,AU,AUS,2019,TX.VAL.MRCH.XD.WD,144.4
Australia,AU,AUS,2018,TX.VAL.MRCH.XD.WD,137
Australia,AU,AUS,2017,TX.VAL.MRCH.XD.WD,123.1
Australia,AU,AUS,2016,TX.VAL.MRCH.XD.WD,102.6
Australia,AU,AUS,2015,TX.VAL.MRCH.XD.WD,100
Australia,AU,AUS,2014,TX.VAL.MRCH.XD.WD,127.9
Australia,AU,AUS,2013,TX.VAL.MRCH.XD.WD,134.8
Australia,AU,AUS,2012,TX.VAL.MRCH.XD.WD,136.8
Australia,AU,AUS,2011,TX.VAL.MRCH.XD.WD,144.8
Australia,AU,AUS,2010,TX.VAL.MRCH.XD.WD,113.3
Chile,CL,CHL,2023,TX.VAL.MRCH.XD.WD,149.9
Chile,CL,CHL,2022,TX.VAL.MRCH.XD.WD,158.7
Chile,CL,CHL,2021,TX.VAL.MRCH.XD.WD,152.5
Chile,CL,CHL,2020,TX.VAL.MRCH.XD.WD,119.3
Chile,CL,CHL,2019,TX.VAL.MRCH.XD.WD,110.9
Chile,CL,CHL,2018,TX.VAL.MRCH.XD.WD,120.6
Chile,CL,CHL,2017,TX.VAL.MRCH.XD.WD,110.9
Chile,CL,CHL,2016,TX.VAL.MRCH.XD.WD,97.9
Chile,CL,CHL,2015,TX.VAL.MRCH.XD.WD,100
Chile,CL,CHL,2014,TX.VAL.MRCH.XD.WD,121
Chile,CL,CHL,2013,TX.VAL.MRCH.XD.WD,123.8
Chile,CL,CHL,2012,TX.VAL.MRCH.XD.WD,125.4
Chile,CL,CHL,2011,TX.VAL.MRCH.XD.WD,131.3
Chile,CL,CHL,2010,TX.VAL.MRCH.XD.WD,114.6
Colombia,CO,COL,2023,TX.VAL.MRCH.XD.WD,138.8
Colombia,CO,COL,2022,TX.VAL.MRCH.XD.WD,159.7
Colombia,CO,COL,2021,TX.VAL.MRCH.XD.WD,112.9
Colombia,CO,COL,2020,TX.VAL.MRCH.XD.WD,86.9
Colombia,CO,COL,2019,TX.VAL.MRCH.XD.WD,110.6
Colombia,CO,COL,2018,TX.VAL.MRCH.XD.WD,117
Colombia,CO,COL,2017,TX.VAL.MRCH.XD.WD,103.4
Colombia,CO,COL,2016,TX.VAL.MRCH.XD.WD,89
Colombia,CO,COL,2015,TX.VAL.MRCH.XD.WD,100
Colombia,CO,COL,2014,TX.VAL.MRCH.XD.WD,153.7
Colombia,CO,COL,2013,TX.VAL.MRCH.XD.WD,164.8
Colombia,CO,COL,2012,TX.VAL.MRCH.XD.WD,168.5
Colombia,CO,COL,2011,TX.VAL.MRCH.XD.WD,159.5
Colombia,CO,COL,2010,TX.VAL.MRCH.XD.WD,111.3
"Egypt, Arab Rep.",EG,EGY,2023,TX.VAL.MRCH.XD.WD,197.1
"Egypt, Arab Rep.",EG,EGY,2022,TX.VAL.MRCH.XD.WD,239.4
"Egypt, Arab Rep.",EG,EGY,2021,TX.VAL.MRCH.XD.WD,193.4
"Egypt, Arab Rep.",EG,EGY,2020,TX.VAL.MRCH.XD.WD,126.2
"Egypt, Arab Rep.",EG,EGY,2019,TX.VAL.MRCH.XD.WD,135.8
"Egypt, Arab Rep.",EG,EGY,2018,TX.VAL.MRCH.XD.WD,129.4
"Egypt, Arab Rep.",EG,EGY,2017,TX.VAL.MRCH.XD.WD,119.4
"Egypt, Arab Rep.",EG,EGY,2016,TX.VAL.MRCH.XD.WD,119.3
"Egypt, Arab Rep.",EG,EGY,2015,TX.VAL.MRCH.XD.WD,100
"Egypt, Arab Rep.",EG,EGY,2014,TX.VAL.MRCH.XD.WD,125.2
"Egypt, Arab Rep.",EG,EGY,2013,TX.VAL.MRCH.XD.WD,135.6
"Egypt, Arab Rep.",EG,EGY,2012,TX.VAL.MRCH.XD.WD,137.8
"Egypt, Arab Rep.",EG,EGY,2011,TX.VAL.MRCH.XD.WD,142.8
"Egypt, Arab Rep.",EG,EGY,2010,TX.VAL.MRCH.XD.WD,123.7
Indonesia,ID,IDN,2023,TX.VAL.MRCH.XD.WD,172.2
Indonesia,ID,IDN,2022,TX.VAL.MRCH.XD.WD,194.2
Indonesia,ID,IDN,2021,TX.VAL.MRCH.XD.WD,154
Indonesia,ID,IDN,2020,TX.VAL.MRCH.XD.WD,108.6
Indonesia,ID,IDN,2019,TX.VAL.MRCH.XD.WD,111.5
Indonesia,ID,IDN,2018,TX.VAL.MRCH.XD.WD,119.8
Indonesia,ID,IDN,2017,TX.VAL.MRCH.XD.WD,112.3
Indonesia,ID,IDN,2016,TX.VAL.MRCH.XD.WD,96.1
Indonesia,ID,IDN,2015,TX.VAL.MRCH.XD.WD,100
Indonesia,ID,IDN,2014,TX.VAL.MRCH.XD.WD,117.3
Indonesia,ID,IDN,2013,TX.VAL.MRCH.XD.WD,121.4
Indonesia,ID,IDN,2012,TX.VAL.MRCH.XD.WD,126.4
Indonesia,ID,IDN,2011,TX.VAL.MRCH.XD.WD,135.4
Indonesia,ID,IDN,2010,TX.VAL.MRCH.XD.WD,105.1
India,IN,IND,2023,TX.VAL.MRCH.XD.WD,161.1
India,IN,IND,2022,TX.VAL.MRCH.XD.WD,169.2
India,IN,IND,2021,TX.VAL.MRCH.XD.WD,147.6
India,IN,IND,2020,TX.VAL.MRCH.XD.WD,103.2
India,IN,IND,2019,TX.VAL.MRCH.XD.WD,121
India,IN,IND,2018,TX.VAL.MRCH.XD.WD,121.2
India,IN,IND,2017,TX.VAL.MRCH.XD.WD,111.7
India,IN,IND,2016,TX.VAL.MRCH.XD.WD,98.7
India,IN,IND,2015,TX.VAL.MRCH.XD.WD,100
India,IN,IND,2014,TX.VAL.MRCH.XD.WD,120.4
India,IN,IND,2013,TX.VAL.MRCH.XD.WD,117.5
India,IN,IND,2012,TX.VAL.MRCH.XD.WD,110.8
India,IN,IND,2011,TX.VAL.MRCH.XD.WD,113
India,IN,IND,2010,TX.VAL.MRCH.XD.WD,84.5
"Korea, Rep.",KR,KOR,2023,TX.VAL.MRCH.XD.WD,120
"Korea, Rep.",KR,KOR,2022,TX.VAL.MRCH.XD.WD,129.8
"Korea, Rep.",KR,KOR,2021,TX.VAL.MRCH.XD.WD,122.3
"Korea, Rep.",KR,KOR,2020,TX.VAL.MRCH.XD.WD,97.3
"Korea, Rep.",KR,KOR,2019,TX.VAL.MRCH.XD.WD,102.9
"Korea, Rep.",KR,KOR,2018,TX.VAL.MRCH.XD.WD,114.8
"Korea, Rep.",KR,KOR,2017,TX.VAL.MRCH.XD.WD,108.9
"Korea, Rep.",KR,KOR,2016,TX.VAL.MRCH.XD.WD,94.1
"Korea, Rep.",KR,KOR,2015,TX.VAL.MRCH.XD.WD,100
"Korea, Rep.",KR,KOR,2014,TX.VAL.MRCH.XD.WD,108.8
"Korea, Rep.",KR,KOR,2013,TX.VAL.MRCH.XD.WD,106.2
"Korea, Rep.",KR,KOR,2012,TX.VAL.MRCH.XD.WD,104
"Korea, Rep.",KR,KOR,2011,TX.VAL.MRCH.XD.WD,105.4
"Korea, Rep.",KR,KOR,2010,TX.VAL.MRCH.XD.WD,88.5
Nigeria,NG,NGA,2023,TX.VAL.MRCH.XD.WD,110.1
Nigeria,NG,NGA,2022,TX.VAL.MRCH.XD.WD,125
Nigeria,NG,NGA,2021,TX.VAL.MRCH.XD.WD,93.5
Nigeria,NG,NGA,2020,TX.VAL.MRCH.XD.WD,71.1
Nigeria,NG,NGA,2019,TX.VAL.MRCH.XD.WD,124.7
Nigeria,NG,NGA,2018,TX.VAL.MRCH.XD.WD,120.8
Nigeria,NG,NGA,2017,TX.VAL.MRCH.XD.WD,88.7
Nigeria,NG,NGA,2016,TX.VAL.MRCH.XD.WD,66.2
Nigeria,NG,NGA,2015,TX.VAL.MRCH.XD.WD,100
Nigeria,NG,NGA,2014,TX.VAL.MRCH.XD.WD,205.3
Nigeria,NG,NGA,2013,TX.VAL.MRCH.XD.WD,180.5
Nigeria,NG,NGA,2012,TX.VAL.MRCH.XD.WD,228.9
Nigeria,NG,NGA,2011,TX.VAL.MRCH.XD.WD,231.1
Nigeria,NG,NGA,2010,TX.VAL.MRCH.XD.WD,167.4
Russian Federation,RU,RUS,2023,TX.VAL.MRCH.XD.WD,124.4
Russian Federation,RU,RUS,2022,TX.VAL.MRCH.XD.WD,173.4
Russian Federation,RU,RUS,2021,TX.VAL.MRCH.XD.WD,144.7
Russian Federation,RU,RUS,2020,TX.VAL.MRCH.XD.WD,97.7
Russian Federation,RU,RUS,2019,TX.VAL.MRCH.XD.WD,122.9
Russian Federation,RU,RUS,2018,TX.VAL.MRCH.XD.WD,130
Russian Federation,RU,RUS,2017,TX.VAL.MRCH.XD.WD,103.4
Russian Federation,RU,RUS,2016,TX.VAL.MRCH.XD.WD,82.5
Russian Federation,RU,RUS,2015,TX.VAL.MRCH.XD.WD,100
Russian Federation,RU,RUS,2014,TX.VAL.MRCH.XD.WD,145.5
Russian Federation,RU,RUS,2013,TX.VAL.MRCH.XD.WD,152.8
Russian Federation,RU,RUS,2012,TX.VAL.MRCH.XD.WD,155
Russian Federation,RU,RUS,2011,TX.VAL.MRCH.XD.WD,152.9
Russian Federation,RU,RUS,2010,TX.VAL.MRCH.XD.WD,117.3
Saudi Arabia,SA,SAU,2023,TX.VAL.MRCH.XD.WD,157.2
Saudi Arabia,SA,SAU,2022,TX.VAL.MRCH.XD.WD,202
Saudi Arabia,SA,SAU,2021,TX.VAL.MRCH.XD.WD,135.7
Saudi Arabia,SA,SAU,2020,TX.VAL.MRCH.XD.WD,85.4
Saudi Arabia,SA,SAU,2019,TX.VAL.MRCH.XD.WD,128.5
Saudi Arabia,SA,SAU,2018,TX.VAL.MRCH.XD.WD,144.6
Saudi Arabia,SA,SAU,2017,TX.VAL.MRCH.XD.WD,109
Saudi Arabia,SA,SAU,2016,TX.VAL.MRCH.XD.WD,90.2
Saudi Arabia,SA,SAU,2015,TX.VAL.MRCH.XD.WD,100
Saudi Arabia,SA,SAU,2014,TX.VAL.MRCH.XD.WD,168.2
Saudi Arabia,SA,SAU,2013,TX.VAL.MRCH.XD.WD,184.7
Saudi Arabia,SA,SAU,2012,TX.VAL.MRCH.XD.WD,190.8
Saudi Arabia,SA,SAU,2011,TX.VAL.MRCH.XD.WD,179.2
Saudi Arabia,SA,SAU,2010,TX.VAL.MRCH.XD.WD,123.4
Singapore,SG,SGP,2023,TX.VAL.MRCH.XD.WD,135.5
Singapore,SG,SGP,2022,TX.VAL.MRCH.XD.WD,146.7
Singapore,SG,SGP,2021,TX.VAL.MRCH.XD.WD,130.1
Singapore,SG,SGP,2020,TX.VAL.MRCH.XD.WD,103.1
Singapore,SG,SGP,2019,TX.VAL.MRCH.XD.WD,111.1
Singapore,SG,SGP,2018,TX.VAL.MRCH.XD.WD,117.5
Singapore,SG,SGP,2017,TX.VAL.MRCH.XD.WD,106.2
Singapore,SG,SGP,2016,TX.VAL.MRCH.XD.WD,94
Singapore,SG,SGP,2015,TX.VAL.MRCH.XD.WD,100
Singapore,SG,SGP,2014,TX.VAL.MRCH.XD.WD,118.1
Singapore,SG,SGP,2013,TX.VAL.MRCH.XD.WD,116.7
Singapore,SG,SGP,2012,TX.VAL.MRCH.XD.WD,116.2
Singapore,SG,SGP,2011,TX.VAL.MRCH.XD.WD,116.5
Singapore,SG,SGP,2010,TX.VAL.MRCH.XD.WD,100.1
Turkiye,TR,TUR,2023,TX.VAL.MRCH.XD.WD,169.3
Turkiye,TR,TUR,2022,TX.VAL.MRCH.XD.WD,168.3
Turkiye,TR,TUR,2021,TX.VAL.MRCH.XD.WD,149.2
Turkiye,TR,TUR,2020,TX.VAL.MRCH.XD.WD,112.4
Turkiye,TR,TUR,2019,TX.VAL.MRCH.XD.WD,119.8
Turkiye,TR,TUR,2018,TX.VAL.MRCH.XD.WD,117.3
Turkiye,TR,TUR,2017,TX.VAL.MRCH.XD.WD,108.9
Turkiye,TR,TUR,2016,TX.VAL.MRCH.XD.WD,98.9
Turkiye,TR,TUR,2015,TX.VAL.MRCH.XD.WD,100
Turkiye,TR,TUR,2014,TX.VAL.MRCH.XD.WD,110.3
Turkiye,TR,TUR,2013,TX.VAL.MRCH.XD.WD,100.5
Turkiye,TR,TUR,2012,TX.VAL.MRCH.XD.WD,101
Turkiye,TR,TUR,2011,TX.VAL.MRCH.XD.WD,89.4
Turkiye,TR,TUR,2010,TX.VAL.MRCH.XD.WD,75.4
Viet Nam,VN,VNM,2023,TX.VAL.MRCH.XD.WD,218.3
Viet Nam,VN,VNM,2022,TX.VAL.MRCH.XD.WD,229.1
Viet Nam,VN,VNM,2021,TX.VAL.MRCH.XD.WD,207.3
Viet Nam,VN,VNM,2020,TX.VAL.MRCH.XD.WD,174.4
Viet Nam,VN,VNM,2019,TX.VAL.MRCH.XD.WD,163.1
Viet Nam,VN,VNM,2018,TX.VAL.MRCH.XD.WD,150.4
Viet Nam,VN,VNM,2017,TX.VAL.MRCH.XD.WD,132.7
Viet Nam,VN,VNM,2016,TX.VAL.MRCH.XD.WD,109
Viet Nam,VN,VNM,2015,TX.VAL.MRCH.XD.WD,100
Viet Nam,VN,VNM,2014,TX.VAL.MRCH.XD.WD,92.7
Viet Nam,VN,VNM,2013,TX.VAL.MRCH.XD.WD,81.5
Viet Nam,VN,VNM,2012,TX.VAL.MRCH.XD.WD,70.7
Viet Nam,VN,VNM,2011,TX.VAL.MRCH.XD.WD,59.8
Viet Nam,VN,VNM,2010,TX.VAL.MRCH.XD.WD,44.6
South Africa,ZA,ZAF,2023,TX.VAL.MRCH.XD.WD,136.9
South Africa,ZA,ZAF,2022,TX.VAL.MRCH.XD.WD,151.7
South Africa,ZA,ZAF,2021,TX.VAL.MRCH.XD.WD,152.6
South Africa,ZA,ZAF,2020,TX.VAL.MRCH.XD.WD,106
South Africa,ZA,ZAF,2019,TX.VAL.MRCH.XD.WD,111.1
South Africa,ZA,ZAF,2018,TX.VAL.MRCH.XD.WD,116
South Africa,ZA,ZAF,2017,TX.VAL.MRCH.XD.WD,109.8
South Africa,ZA,ZAF,2016,TX.VAL.MRCH.XD.WD,94.1
South Africa,ZA,ZAF,2015,TX.VAL.MRCH.XD.WD,100
South Africa,ZA,ZAF,2014,TX.VAL.MRCH.XD.WD,114.9
South Africa,ZA,ZAF,2013,TX.VAL.MRCH.XD.WD,118.7
South Africa,ZA,ZAF,2012,TX.VAL.MRCH.XD.WD,123
South Africa,ZA,ZAF,2011,TX.VAL.MRCH.XD.WD,134.3
South Africa,ZA,ZAF,2010,TX.VAL.MRCH.XD.WD,112.8
Argentina,AR,ARG,2023,TM.VAL.MRCH.XD.WD,122.6
Argentina,AR,ARG,2022,TM.VAL.MRCH.XD.WD,135.8
Argentina,AR,ARG,2021,TM.VAL.MRCH.XD.WD,104.9
Argentina,AR,ARG,2020,TM.VAL.MRCH.XD.WD,70.4
Argentina,AR,ARG,2019,TM.VAL.MRCH.XD.WD,81.6
Argentina,AR,ARG,2018,TM.VAL.MRCH.XD.WD,108.8
Argentina,AR,ARG,2017,TM.VAL.MRCH.XD.WD,111.2
Argentina,AR,ARG,2016,TM.VAL.MRCH.XD.WD,92.8
Argentina,AR,ARG,2015,TM.VAL.MRCH.XD.WD,100
Argentina,AR,ARG,2014,TM.VAL.MRCH.XD.WD,109.2
Argentina,AR,ARG,2013,TM.VAL.MRCH.XD.WD,123.6
Argentina,AR,ARG,2012,TM.VAL.MRCH.XD.WD,112.9
Argentina,AR,ARG,2011,TM.VAL.MRCH.XD.WD,123.4
Argentina,AR,ARG,2010,TM.VAL.MRCH.XD.WD,94.3
Brazil,BR,BRA,2023,TM.VAL.MRCH.XD.WD,140
Brazil,BR,BRA,2022,TM.VAL.MRCH.XD.WD,161.9
Brazil,BR,BRA,2021,TM.VAL.MRCH.XD.WD,130.1
Brazil,BR,BRA,2020,TM.VAL.MRCH.XD.WD,92.2
Brazil,BR,BRA,2019,TM.VAL.MRCH.XD.WD,107
Brazil,BR,BRA,2018,TM.VAL.MRCH.XD.WD,106.9
Brazil,BR,BRA,2017,TM.VAL.MRCH.XD.WD,91.9
Brazil,BR,BRA,2016,TM.VAL.MRCH.XD.WD,80.5
Brazil,BR,BRA,2015,TM.VAL.MRCH.XD.WD,100
Brazil,BR,BRA,2014,TM.VAL.MRCH.XD.WD,133.4
Brazil,BR,BRA,2013,TM.VAL.MRCH.XD.WD,139.8
Brazil,BR,BRA,2012,TM.VAL.MRCH.XD.WD,130.4
Brazil,BR,BRA,2011,TM.VAL.MRCH.XD.WD,132.3
Brazil,BR,BRA,2010,TM.VAL.MRCH.XD.WD,107.1
Canada,CA,CAN,2023,TM.VAL.MRCH.XD.WD,132.7
Canada,CA,CAN,2022,TM.VAL.MRCH.XD.WD,136.2
Canada,CA,CAN,2021,TM.VAL.MRCH.XD.WD,117.8
Canada,CA,CAN,2020,TM.VAL.MRCH.XD.WD,97.9
Canada,CA,CAN,2019,TM.VAL.MRCH.XD.WD,107.6
Canada,CA,CAN,2018,TM.VAL.MRCH.XD.WD,109.1
Canada,CA,CAN,2017,TM.VAL.MRCH.XD.WD,103.1
Canada,CA,CAN,2016,TM.VAL.MRCH.XD.WD,96
Canada,CA,CAN,2015,TM.VAL.MRCH.XD.WD,100
Canada,CA,CAN,2014,TM.VAL.MRCH.XD.WD,110.5
Canada,CA,CAN,2013,TM.VAL.MRCH.XD.WD,110.6
Canada,CA,CAN,2012,TM.VAL.MRCH.XD.WD,110.7
Canada,CA,CAN,2011,TM.VAL.MRCH.XD.WD,107.8
Canada,CA,CAN,2010,TM.VAL.MRCH.XD.WD,93.6
China,CN,CHN,2023,TM.VAL.MRCH.XD.WD,152.2
China,CN,CHN,2022,TM.VAL.MRCH.XD.WD,161.1
China,CN,CHN,2021,TM.VAL.MRCH.XD.WD,159.5
China,CN,CHN,2020,TM.VAL.MRCH.XD.WD,123
China,CN,CHN,2019,TM.VAL.MRCH.XD.WD,123.7
China,CN,CHN,2018,TM.VAL.MRCH.XD.WD,127.2
China,CN,CHN,2017,TM.VAL.MRCH.XD.WD,109.8
China,CN,CHN,2016,TM.VAL.MRCH.XD.WD,94.5
China,CN,CHN,2015,TM.VAL.MRCH.XD.WD,100
China,CN,CHN,2014,TM.VAL.MRCH.XD.WD,116.7
China,CN,CHN,2013,TM.VAL.MRCH.XD.WD,116.1
China,CN,CHN,2012,TM.VAL.MRCH.XD.WD,108.3
China,CN,CHN,2011,TM.VAL.MRCH.XD.WD,103.8
China,CN,CHN,2010,TM.VAL.MRCH.XD.WD,83.1
Germany,DE,DEU,2023,TM.VAL.MRCH.XD.WD,139.6
Germany,DE,DEU,2022,TM.VAL.MRCH.XD.WD,150.7
Germany,DE,DEU,2021,TM.VAL.MRCH.XD.WD,134.3
Germany,DE,DEU,2020,TM.VAL.MRCH.XD.WD,111.5
Germany,DE,DEU,2019,TM.VAL.MRCH.XD.WD,117.4
Germany,DE,DEU,2018,TM.VAL.MRCH.XD.WD,122.2
Germany,DE,DEU,2017,TM.VAL.MRCH.XD.WD,110.6
Germany,DE,DEU,2016,TM.VAL.MRCH.XD.WD,100.4
Germany,DE,DEU,2015,TM.VAL.MRCH.XD.WD,100
Germany,DE,DEU,2014,TM.VAL.MRCH.XD.WD,114.8
Germany,DE,DEU,2013,TM.VAL.MRCH.XD.WD,112.4
Germany,DE,DEU,2012,TM.VAL.MRCH.XD.WD,109.9
Germany,DE,DEU,2011,TM.VAL.MRCH.XD.WD,119.4
Germany,DE,DEU,2010,TM.VAL.MRCH.XD.WD,100.4
Spain,ES,ESP,2023,TM.VAL.MRCH.XD.WD,150.7
Spain,ES,ESP,2022,TM.VAL.MRCH.XD.WD,158.5
Spain,ES,ESP,2021,TM.VAL.MRCH.XD.WD,134.6
Spain,ES,ESP,2020,TM.VAL.MRCH.XD.WD,104.6
Spain,ES,ESP,2019,TM.VAL.MRCH.XD.WD,119.5
Spain,ES,ESP,2018,TM.VAL.MRCH.XD.WD,125.2
Spain,ES,ESP,2017,TM.VAL.MRCH.XD.WD,112.9
Spain,ES,ESP,2016,TM.VAL.MRCH.XD.WD,99.7
Spain,ES,ESP,2015,TM.VAL.MRCH.XD.WD,100
Spain,ES,ESP,2014,TM.VAL.MRCH.XD.WD,115.1
Spain,ES,ESP,2013,TM.VAL.MRCH.XD.WD,109.2
Spain,ES,ESP,2012,TM.VAL.MRCH.XD.WD,108.2
Spain,ES,ESP,2011,TM.VAL.MRCH.XD.WD,120.8
Spain,ES,ESP,2010,TM.VAL.MRCH.XD.WD,104.9
France,FR,FRA,2023,TM.VAL.MRCH.XD.WD,138.1
France,FR,FRA,2022,TM.VAL.MRCH.XD.WD,144.2
France,FR,FRA,2021,TM.VAL.MRCH.XD.WD,125.3
France,FR,FRA,2020,TM.VAL.MRCH.XD.WD,101.8
France,FR,FRA,2019,TM.VAL.MRCH.XD.WD,114.7
France,FR,FRA,2018,TM.VAL.MRCH.XD.WD,118.5
France,FR,FRA,2017,TM.VAL.MRCH.XD.WD,108.5
France,FR,FRA,2016,TM.VAL.MRCH.XD.WD,99.5
France,FR,FRA,2015,TM.VAL.MRCH.XD.WD,100
France,FR,FRA,2014,TM.VAL.MRCH.XD.WD,118.5
France,FR,FRA,2013,TM.VAL.MRCH.XD.WD,119.4
France,FR,FRA,2012,TM.VAL.MRCH.XD.WD,118.2
France,FR,FRA,2011,TM.VAL.MRCH.XD.WD,126.2
France,FR,FRA,2010,TM.VAL.MRCH.XD.WD,107.1
United Kingdom,GB,GBR,2023,TM.VAL.MRCH.XD.WD,125.6
United Kingdom,GB,GBR,2022,TM.VAL.MRCH.XD.WD,130.7
United Kingdom,GB,GBR,2021,TM.VAL.MRCH.XD.WD,110.3
United Kingdom,GB,GBR,2020,TM.VAL.MRCH.XD.WD,101.3
United Kingdom,GB,GBR,2019,TM.VAL.MRCH.XD.WD,110.5
United Kingdom,GB,GBR,2018,TM.VAL.MRCH.XD.WD,106.7
United Kingdom,GB,GBR,2017,TM.VAL.MRCH.XD.WD,101.7
United Kingdom,GB,GBR,2016,TM.VAL.MRCH.XD.WD,101.1
United Kingdom,GB,GBR,2015,TM.VAL.MRCH.XD.WD,100
United Kingdom,GB,GBR,2014,TM.VAL.MRCH.XD.WD,110.2
United Kingdom,GB,GBR,2013,TM.VAL.MRCH.XD.WD,104.8
United Kingdom,GB,GBR,2012,TM.VAL.MRCH.XD.WD,110.4
United Kingdom,GB,GBR,2011,TM.VAL.MRCH.XD.WD,107.4
United Kingdom,GB,GBR,2010,TM.VAL.MRCH.XD.WD,93.8
Italy,IT,ITA,2023,TM.VAL.MRCH.XD.WD,155.7
Italy,IT,ITA,2022,TM.VAL.MRCH.XD.WD,169
Italy,IT,ITA,2021,TM.VAL.MRCH.XD.WD,138.1
Italy,IT,ITA,2020,TM.VAL.MRCH.XD.WD,103.9
Italy,IT,ITA,2019,TM.VAL.MRCH.XD.WD,115.6
Italy,IT,ITA,2018,TM.VAL.MRCH.XD.WD,122.5
Italy,IT,ITA,2017,TM.VAL.MRCH.XD.WD,110.3
Italy,IT,ITA,2016,TM.VAL.MRCH.XD.WD,99
Italy,IT,ITA,2015,TM.VAL.MRCH.XD.WD,100
Italy,IT,ITA,2014,TM.VAL.MRCH.XD.WD,115.4
Italy,IT,ITA,2013,TM.VAL.MRCH.XD.WD,116.7
Italy,IT,ITA,2012,TM.VAL.MRCH.XD.WD,118.9
Italy,IT,ITA,2011,TM.VAL.MRCH.XD.WD,136
Italy,IT,ITA,2010,TM.VAL.MRCH.XD.WD,118.5
Japan,JP,JPN,2023,TM.VAL.MRCH.XD.WD,121.2
Japan,JP,JPN,2022,TM.VAL.MRCH.XD.WD,138.4
Japan,JP,JPN,2021,TM.VAL.MRCH.XD.WD,118.6
Japan,JP,JPN,2020,TM.VAL.MRCH.XD.WD,98
Japan,JP,JPN,2019,TM.VAL.MRCH.XD.WD,111.2
Japan,JP,JPN,2018,TM.VAL.MRCH.XD.WD,115.5
Japan,JP,JPN,2017,TM.VAL.MRCH.XD.WD,103.7
Japan,JP,JPN,2016,TM.VAL.MRCH.XD.WD,93.8
Japan,JP,JPN,2015,TM.VAL.MRCH.XD.WD,100
Japan,JP,JPN,2014,TM.VAL.MRCH.XD.WD,125.3
Japan,JP,JPN,2013,TM.VAL.MRCH.XD.WD,128.4
Japan,JP,JPN,2012,TM.VAL.MRCH.XD.WD,136.7
Japan,JP,JPN,2011,TM.VAL.MRCH.XD.WD,132
Japan,JP,JPN,2010,TM.VAL.MRCH.XD.WD,107.1
Mexico,MX,MEX,2023,TM.VAL.MRCH.XD.WD,153.3
Mexico,MX,MEX,2022,TM.VAL.MRCH.XD.WD,154.5
Mexico,MX,MEX,2021,TM.VAL.MRCH.XD.WD,128.9
Mexico,MX,MEX,2020,TM.VAL.MRCH.XD.WD,97
Mexico,MX,MEX,2019,TM.VAL.MRCH.XD.WD,115.3
Mexico,MX,MEX,2018,TM.VAL.MRCH.XD.WD,117.7
Mexico,MX,MEX,2017,TM.VAL.MRCH.XD.WD,106.6
Mexico,MX,MEX,2016,TM.VAL.MRCH.XD.WD,98.1
Mexico,MX,MEX,2015,TM.VAL.MRCH.XD.WD,100
Mexico,MX,MEX,2014,TM.VAL.MRCH.XD.WD,101.6
Mexico,MX,MEX,2013,TM.VAL.MRCH.XD.WD,96.5
Mexico,MX,MEX,2012,TM.VAL.MRCH.XD.WD,93.9
Mexico,MX,MEX,2011,TM.VAL.MRCH.XD.WD,89.1
Mexico,MX,MEX,2010,TM.VAL.MRCH.XD.WD,76.5
Netherlands,NL,NLD,2023,TM.VAL.MRCH.XD.WD,164.5
Netherlands,NL,NLD,2022,TM.VAL.MRCH.XD.WD,175.1
Netherlands,NL,NLD,2021,TM.VAL.MRCH.XD.WD,147.9
Netherlands,NL,NLD,2020,TM.VAL.MRCH.XD.WD,116.2
Netherlands,NL,NLD,2019,TM.VAL.MRCH.XD.WD,124.1
Netherlands,NL,NLD,2018,TM.VAL.MRCH.XD.WD,126
Netherlands,NL,NLD,2017,TM.VAL.MRCH.XD.WD,112.2
Netherlands,NL,NLD,2016,TM.VAL.MRCH.XD.WD,97.8
Netherlands,NL,NLD,2015,TM.VAL.MRCH.XD.WD,100
Netherlands,NL,NLD,2014,TM.VAL.MRCH.XD.WD,115.1
Netherlands,NL,NLD,2013,TM.VAL.MRCH.XD.WD,115.2
Netherlands,NL,NLD,2012,TM.VAL.MRCH.XD.WD,114.6
Netherlands,NL,NLD,2011,TM.VAL.MRCH.XD.WD,116.1
Netherlands,NL,NLD,2010,TM.VAL.MRCH.XD.WD,100.8
Poland,PL,POL,2023,TM.VAL.MRCH.XD.WD,188.4
Poland,PL,POL,2022,TM.VAL.MRCH.XD.WD,194
Poland,PL,POL,2021,TM.VAL.MRCH.XD.WD,174.1
Poland,PL,POL,2020,TM.VAL.MRCH.XD.WD,133.2
Poland,PL,POL,2019,TM.VAL.MRCH.XD.WD,135
Poland,PL,POL,2018,TM.VAL.MRCH.XD.WD,136.9
Poland,PL,POL,2017,TM.VAL.MRCH.XD.WD,119
Poland,PL,POL,2016,TM.VAL.MRCH.XD.WD,101.5
Poland,PL,POL,2015,TM.VAL.MRCH.XD.WD,100
Poland,PL,POL,2014,TM.VAL.MRCH.XD.WD,113.8
Poland,PL,POL,2013,TM.VAL.MRCH.XD.WD,105.7
Poland,PL,POL,2012,TM.VAL.MRCH.XD.WD,101.3
Poland,PL,POL,2011,TM.VAL.MRCH.XD.WD,107.2
Poland,PL,POL,2010,TM.VAL.MRCH.XD.WD,90.6
Sweden,SE,SWE,2023,TM.VAL.MRCH.XD.WD,139.6
Sweden,SE,SWE,2022,TM.VAL.MRCH.XD.WD,146.7
Sweden,SE,SWE,2021,TM.VAL.MRCH.XD.WD,135.2
Sweden,SE,SWE,2020,TM.VAL.MRCH.XD.WD,108.4
Sweden,SE,SWE,2019,TM.VAL.MRCH.XD.WD,114.9
Sweden,SE,SWE,2018,TM.VAL.MRCH.XD.WD,123.3
Sweden,SE,SWE,2017,TM.VAL.MRCH.XD.WD,111.4
Sweden,SE,SWE,2016,TM.VAL.MRCH.XD.WD,101.9
Sweden,SE,SWE,2015,TM.VAL.MRCH.XD.WD,100
Sweden,SE,SWE,2014,TM.VAL.MRCH.XD.WD,117.2
Sweden,SE,SWE,2013,TM.VAL.MRCH.XD.WD,116.1
Sweden,SE,SWE,2012,TM.VAL.MRCH.XD.WD,118.8
Sweden,SE,SWE,2011,TM.VAL.MRCH.XD.WD,127.9
Sweden,SE,SWE,2010,TM.VAL.MRCH.XD.WD,107.6
United States,US,USA,2023,TM.VAL.MRCH.XD.WD,136.8
United States,US,USA,2022,TM.VAL.MRCH.XD.WD,145.6
United States,US,USA,2021,TM.VAL.MRCH.XD.WD,126.8
United States,US,USA,2020,TM.VAL.MRCH.XD.WD,104
United States,US,USA,2019,TM.VAL.MRCH.XD.WD,110.9
United States,US,USA,2018,TM.VAL.MRCH.XD.WD,112.9
United States,US,USA,2017,TM.VAL.MRCH.XD.WD,104
United States,US,USA,2016,TM.VAL.MRCH.XD.WD,97.2
United States,US,USA,2015,TM.VAL.MRCH.XD.WD,100
United States,US,USA,2014,TM.VAL.MRCH.XD.WD,104.2
United States,US,USA,2013,TM.VAL.MRCH.XD.WD,100.6
United States,US,USA,2012,TM.VAL.MRCH.XD.WD,100.9
United States,US,USA,2011,TM.VAL.MRCH.XD.WD,97.9
United States,US,USA,2010,TM.VAL.MRCH.XD.WD,85.1
Australia,AU,AUS,2023,TM.VAL.MRCH.XD.WD,137.8
Australia,AU,AUS,2022,TM.VAL.MRCH.XD.WD,148.3
Australia,AU,AUS,2021,TM.VAL.MRCH.XD.WD,125.3
Australia,AU,AUS,2020,TM.VAL.MRCH.XD.WD,101.6
Australia,AU,AUS,2019,TM.VAL.MRCH.XD.WD,106.3
Australia,AU,AUS,2018,TM.VAL.MRCH.XD.WD,112.9
Australia,AU,AUS,2017,TM.VAL.MRCH.XD.WD,109.7
Australia,AU,AUS,2016,TM.VAL.MRCH.XD.WD,94.1
Australia,AU,AUS,2015,TM.VAL.MRCH.XD.WD,100
Australia,AU,AUS,2014,TM.VAL.MRCH.XD.WD,113.8
Australia,AU,AUS,2013,TM.VAL.MRCH.XD.WD,116.1
Australia,AU,AUS,2012,TM.VAL.MRCH.XD.WD,125.2
Australia,AU,AUS,2011,TM.VAL.MRCH.XD.WD,116.9
Australia,AU,AUS,2010,TM.VAL.MRCH.XD.WD,96.7
Chile,CL,CHL,2023,TM.VAL.MRCH.XD.WD,136.6
Chile,CL,CHL,2022,TM.VAL.MRCH.XD.WD,167.8
Chile,CL,CHL,2021,TM.VAL.MRCH.XD.WD,148.1
Chile,CL,CHL,2020,TM.VAL.MRCH.XD.WD,94.9
Chile,CL,CHL,2019,TM.VAL.MRCH.XD.WD,112
Chile,CL,CHL,2018,TM.VAL.MRCH.XD.WD,119.6
Chile,CL,CHL,2017,TM.VAL.MRCH.XD.WD,104.6
Chile,CL,CHL,2016,TM.VAL.MRCH.XD.WD,95.2
Chile,CL,CHL,2015,TM.VAL.MRCH.XD.WD,100
Chile,CL,CHL,2014,TM.VAL.MRCH.XD.WD,116.8
Chile,CL,CHL,2013,TM.VAL.MRCH.XD.WD,127.2
Chile,CL,CHL,2012,TM.VAL.MRCH.XD.WD,128.3
Chile,CL,CHL,2011,TM.VAL.MRCH.XD.WD,119.7
Chile,CL,CHL,2010,TM.VAL.MRCH.XD.WD,94.9
Colombia,CO,COL,2023,TM.VAL.MRCH.XD.WD,116.2
Colombia,CO,COL,2022,TM.VAL.MRCH.XD.WD,143.2
Colombia,CO,COL,2021,TM.VAL.MRCH.XD.WD,113
Colombia,CO,COL,2020,TM.VAL.MRCH.XD.WD,80.4
Colombia,CO,COL,2019,TM.VAL.MRCH.XD.WD,97.5
Colombia,CO,COL,2018,TM.VAL.MRCH.XD.WD,94.8
Colombia,CO,COL,2017,TM.VAL.MRCH.XD.WD,85.2
Colombia,CO,COL,2016,TM.VAL.MRCH.XD.WD,83
Colombia,CO,COL,2015,TM.VAL.MRCH.XD.WD,100
Colombia,CO,COL,2014,TM.VAL.MRCH.XD.WD,118.4
Colombia,CO,COL,2013,TM.VAL.MRCH.XD.WD,109.9
Colombia,CO,COL,2012,TM.VAL.MRCH.XD.WD,109.2
Colombia,CO,COL,2011,TM.VAL.MRCH.XD.WD,100.3
Colombia,CO,COL,2010,TM.VAL.MRCH.XD.WD,74.9
"Egypt, Arab Rep.",EG,EGY,2023,TM.VAL.MRCH.XD.WD,129.9
"Egypt, Arab Rep.",EG,EGY,2022,TM.VAL.MRCH.XD.WD,149.4
"Egypt, Arab Rep.",EG,EGY,2021,TM.VAL.MRCH.XD.WD,116.2
"Egypt, Arab Rep.",EG,EGY,2020,TM.VAL.MRCH.XD.WD,94
"Egypt, Arab Rep.",EG,EGY,2019,TM.VAL.MRCH.XD.WD,108
"Egypt, Arab Rep.",EG,EGY,2018,TM.VAL.MRCH.XD.WD,110.7
"Egypt, Arab Rep.",EG,EGY,2017,TM.VAL.MRCH.XD.WD,92.3
"Egypt, Arab Rep.",EG,EGY,2016,TM.VAL.MRCH.XD.WD,86.6
"Egypt, Arab Rep.",EG,EGY,2015,TM.VAL.MRCH.XD.WD,100
"Egypt, Arab Rep.",EG,EGY,2014,TM.VAL.MRCH.XD.WD,105.1
"Egypt, Arab Rep.",EG,EGY,2013,TM.VAL.MRCH.XD.WD,101.9
"Egypt, Arab Rep.",EG,EGY,2012,TM.VAL.MRCH.XD.WD,108.5
"Egypt, Arab Rep.",EG,EGY,2011,TM.VAL.MRCH.XD.WD,91.4
"Egypt, Arab Rep.",EG,EGY,2010,TM.VAL.MRCH.XD.WD,81.2
Indonesia,ID,IDN,2023,TM.VAL.MRCH.XD.WD,155.9
Indonesia,ID,IDN,2022,TM.VAL.MRCH.XD.WD,167.1
Indonesia,ID,IDN,2021,TM.VAL.MRCH.XD.WD,138.4
Indonesia,ID,IDN,2020,TM.VAL.MRCH.XD.WD,99.8
Indonesia,ID,IDN,2019,TM.VAL.MRCH.XD.WD,120.7
Indonesia,ID,IDN,2018,TM.VAL.MRCH.XD.WD,132.8
Indonesia,ID,IDN,2017,TM.VAL.MRCH.XD.WD,110.5
Indonesia,ID,IDN,2016,TM.VAL.MRCH.XD.WD,95.4
Indonesia,ID,IDN,2015,TM.VAL.MRCH.XD.WD,100
Indonesia,ID,IDN,2014,TM.VAL.MRCH.XD.WD,124.6
Indonesia,ID,IDN,2013,TM.VAL.MRCH.XD.WD,130.2
Indonesia,ID,IDN,2012,TM.VAL.MRCH.XD.WD,133.9
Indonesia,ID,IDN,2011,TM.VAL.MRCH.XD.WD,124.1
Indonesia,ID,IDN,2010,TM.VAL.MRCH.XD.WD,94
India,IN,IND,2023,TM.VAL.MRCH.XD.WD,171
India,IN,IND,2022,TM.VAL.MRCH.XD.WD,182.8
India,IN,IND,2021,TM.VAL.MRCH.XD.WD,145.4
India,IN,IND,2020,TM.VAL.MRCH.XD.WD,94.7
India,IN,IND,2019,TM.VAL.MRCH.XD.WD,123.3
India,IN,IND,2018,TM.VAL.MRCH.XD.WD,130.5
India,IN,IND,2017,TM.VAL.MRCH.XD.WD,114.2
India,IN,IND,2016,TM.VAL.MRCH.XD.WD,91.8
India,IN,IND,2015,TM.VAL.MRCH.XD.WD,100
India,IN,IND,2014,TM.VAL.MRCH.XD.WD,117.5
India,IN,IND,2013,TM.VAL.MRCH.XD.WD,118.1
India,IN,IND,2012,TM.VAL.MRCH.XD.WD,124.2
India,IN,IND,2011,TM.VAL.MRCH.XD.WD,117.8
India,IN,IND,2010,TM.VAL.MRCH.XD.WD,88.9
"Korea, Rep.",KR,KOR,2023,TM.VAL.MRCH.XD.WD,147.2
"Korea, Rep.",KR,KOR,2022,TM.VAL.MRCH.XD.WD,167.6
"Korea, Rep.",KR,KOR,2021,TM.VAL.MRCH.XD.WD,140.9
"Korea, Rep.",KR,KOR,2020,TM.VAL.MRCH.XD.WD,107.1
"Korea, Rep.",KR,KOR,2019,TM.VAL.MRCH.XD.WD,115.3
"Korea, Rep.",KR,KOR,2018,TM.VAL.MRCH.XD.WD,122.6
"Korea, Rep.",KR,KOR,2017,TM.VAL.MRCH.XD.WD,109.6
"Korea, Rep.",KR,KOR,2016,TM.VAL.MRCH.XD.WD,93.1
"Korea, Rep.",KR,KOR,2015,TM.VAL.MRCH.XD.WD,100
"Korea, Rep.",KR,KOR,2014,TM.VAL.MRCH.XD.WD,120.4
"Korea, Rep.",KR,KOR,2013,TM.VAL.MRCH.XD.WD,118.1
"Korea, Rep.",KR,KOR,2012,TM.VAL.MRCH.XD.WD,119
"Korea, Rep.",KR,KOR,2011,TM.VAL.MRCH.XD.WD,120.1
"Korea, Rep.",KR,KOR,2010,TM.VAL.MRCH.XD.WD,97.4
Nigeria,NG,NGA,2023,TM.VAL.MRCH.XD.WD,110.2
Nigeria,NG,NGA,2022,TM.VAL.MRCH.XD.WD,134.7
Nigeria,NG,NGA,2021,TM.VAL.MRCH.XD.WD,115.9
Nigeria,NG,NGA,2020,TM.VAL.MRCH.XD.WD,80.2
Nigeria,NG,NGA,2019,TM.VAL.MRCH.XD.WD,123.8
Nigeria,NG,NGA,2018,TM.VAL.MRCH.XD.WD,96.1
Nigeria,NG,NGA,2017,TM.VAL.MRCH.XD.WD,70.2
Nigeria,NG,NGA,2016,TM.VAL.MRCH.XD.WD,79.4
Nigeria,NG,NGA,2015,TM.VAL.MRCH.XD.WD,100
Nigeria,NG,NGA,2014,TM.VAL.MRCH.XD.WD,130.8
Nigeria,NG,NGA,2013,TM.VAL.MRCH.XD.WD,125.3
Nigeria,NG,NGA,2012,TM.VAL.MRCH.XD.WD,113.9
Nigeria,NG,NGA,2011,TM.VAL.MRCH.XD.WD,125.4
Nigeria,NG,NGA,2010,TM.VAL.MRCH.XD.WD,98.9
Russian Federation,RU,RUS,2023,TM.VAL.MRCH.XD.WD,157
Russian Federation,RU,RUS,2022,TM.VAL.MRCH.XD.WD,143.3
Russian Federation,RU,RUS,2021,TM.VAL.MRCH.XD.WD,156
Russian Federation,RU,RUS,2020,TM.VAL.MRCH.XD.WD,124.4
Russian Federation,RU,RUS,2019,TM.VAL.MRCH.XD.WD,131.5
Russian Federation,RU,RUS,2018,TM.VAL.MRCH.XD.WD,128.9
Russian Federation,RU,RUS,2017,TM.VAL.MRCH.XD.WD,123.5
Russian Federation,RU,RUS,2016,TM.VAL.MRCH.XD.WD,99.2
Russian Federation,RU,RUS,2015,TM.VAL.MRCH.XD.WD,100
Russian Federation,RU,RUS,2014,TM.VAL.MRCH.XD.WD,159.5
Russian Federation,RU,RUS,2013,TM.VAL.MRCH.XD.WD,176.8
Russian Federation,RU,RUS,2012,TM.VAL.MRCH.XD.WD,173.8
Russian Federation,RU,RUS,2011,TM.VAL.MRCH.XD.WD,167.8
Russian Federation,RU,RUS,2010,TM.VAL.MRCH.XD.WD,128.8
Saudi Arabia,SA,SAU,2023,TM.VAL.MRCH.XD.WD,118.5
Saudi Arabia,SA,SAU,2022,TM.VAL.MRCH.XD.WD,108.7
Saudi Arabia,SA,SAU,2021,TM.VAL.MRCH.XD.WD,87.5
Saudi Arabia,SA,SAU,2020,TM.VAL.MRCH.XD.WD,79
Saudi Arabia,SA,SAU,2019,TM.VAL.MRCH.XD.WD,87.7
Saudi Arabia,SA,SAU,2018,TM.VAL.MRCH.XD.WD,78.5
Saudi Arabia,SA,SAU,2017,TM.VAL.MRCH.XD.WD,77
Saudi Arabia,SA,SAU,2016,TM.VAL.MRCH.XD.WD,80.2
Saudi Arabia,SA,SAU,2015,TM.VAL.MRCH.XD.WD,100
Saudi Arabia,SA,SAU,2014,TM.VAL.MRCH.XD.WD,99.5
Saudi Arabia,SA,SAU,2013,TM.VAL.MRCH.XD.WD,96.3
Saudi Arabia,SA,SAU,2012,TM.VAL.MRCH.XD.WD,89.1
Saudi Arabia,SA,SAU,2011,TM.VAL.MRCH.XD.WD,75.3
Saudi Arabia,SA,SAU,2010,TM.VAL.MRCH.XD.WD,61.2
Singapore,SG,SGP,2023,TM.VAL.MRCH.XD.WD,142.5
Singapore,SG,SGP,2022,TM.VAL.MRCH.XD.WD,160.1
Singapore,SG,SGP,2021,TM.VAL.MRCH.XD.WD,136.7
Singapore,SG,SGP,2020,TM.VAL.MRCH.XD.WD,111
Singapore,SG,SGP,2019,TM.VAL.MRCH.XD.WD,120.9
Singapore,SG,SGP,2018,TM.VAL.MRCH.XD.WD,124.8
Singapore,SG,SGP,2017,TM.VAL.MRCH.XD.WD,110.4
Singapore,SG,SGP,2016,TM.VAL.MRCH.XD.WD,95.4
Singapore,SG,SGP,2015,TM.VAL.MRCH.XD.WD,100
Singapore,SG,SGP,2014,TM.VAL.MRCH.XD.WD,127.2
Singapore,SG,SGP,2013,TM.VAL.MRCH.XD.WD,125.6
Singapore,SG,SGP,2012,TM.VAL.MRCH.XD.WD,127.8
Singapore,SG,SGP,2011,TM.VAL.MRCH.XD.WD,123.1
Singapore,SG,SGP,2010,TM.VAL.MRCH.XD.WD,104.6
Turkiye,TR,TUR,2023,TM.VAL.MRCH.XD.WD,169.4
Turkiye,TR,TUR,2022,TM.VAL.MRCH.XD.WD,170.3
Turkiye,TR,TUR,2021,TM.VAL.MRCH.XD.WD,127.1
Turkiye,TR,TUR,2020,TM.VAL.MRCH.XD.WD,102.8
Turkiye,TR,TUR,2019,TM.VAL.MRCH.XD.WD,98.5
Turkiye,TR,TUR,2018,TM.VAL.MRCH.XD.WD,108.2
Turkiye,TR,TUR,2017,TM.VAL.MRCH.XD.WD,111.7
Turkiye,TR,TUR,2016,TM.VAL.MRCH.XD.WD,94.6
Turkiye,TR,TUR,2015,TM.VAL.MRCH.XD.WD,100
Turkiye,TR,TUR,2014,TM.VAL.MRCH.XD.WD,117.6
Turkiye,TR,TUR,2013,TM.VAL.MRCH.XD.WD,117.8
Turkiye,TR,TUR,2012,TM.VAL.MRCH.XD.WD,110.7
Turkiye,TR,TUR,2011,TM.VAL.MRCH.XD.WD,112.7
Turkiye,TR,TUR,2010,TM.VAL.MRCH.XD.WD,86.9
Viet Nam,VN,VNM,2023,TM.VAL.MRCH.XD.WD,196.7
Viet Nam,VN,VNM,2022,TM.VAL.MRCH.XD.WD,216.9
Viet Nam,VN,VNM,2021,TM.VAL.MRCH.XD.WD,200.7
Viet Nam,VN,VNM,2020,TM.VAL.MRCH.XD.WD,158.6
Viet Nam,VN,VNM,2019,TM.VAL.MRCH.XD.WD,153
Viet Nam,VN,VNM,2018,TM.VAL.MRCH.XD.WD,143
Viet Nam,VN,VNM,2017,TM.VAL.MRCH.XD.WD,128.6
Viet Nam,VN,VNM,2016,TM.VAL.MRCH.XD.WD,105.6
Viet Nam,VN,VNM,2015,TM.VAL.MRCH.XD.WD,100
Viet Nam,VN,VNM,2014,TM.VAL.MRCH.XD.WD,89.3
Viet Nam,VN,VNM,2013,TM.VAL.MRCH.XD.WD,79.7
Viet Nam,VN,VNM,2012,TM.VAL.MRCH.XD.WD,68.7
Viet Nam,VN,VNM,2011,TM.VAL.MRCH.XD.WD,64.5
Viet Nam,VN,VNM,2010,TM.VAL.MRCH.XD.WD,51.2
South Africa,ZA,ZAF,2023,TM.VAL.MRCH.XD.WD,124.9
South Africa,ZA,ZAF,2022,TM.VAL.MRCH.XD.WD,130.2
South Africa,ZA,ZAF,2021,TM.VAL.MRCH.XD.WD,108.9
South Africa,ZA,ZAF,2020,TM.VAL.MRCH.XD.WD,80.3
South Africa,ZA,ZAF,2019,TM.VAL.MRCH.XD.WD,102.8
South Africa,ZA,ZAF,2018,TM.VAL.MRCH.XD.WD,108.9
South Africa,ZA,ZAF,2017,TM.VAL.MRCH.XD.WD,97.1
South Africa,ZA,ZAF,2016,TM.VAL.MRCH.XD.WD,87.6
South Africa,ZA,ZAF,2015,TM.VAL.MRCH.XD.WD,100
South Africa,ZA,ZAF,2014,TM.VAL.MRCH.XD.WD,116.5
South Africa,ZA,ZAF,2013,TM.VAL.MRCH.XD.WD,120.7
South Africa,ZA,ZAF,2012,TM.VAL.MRCH.XD.WD,121.5
South Africa,ZA,ZAF,2011,TM.VAL.MRCH.XD.WD,118.9
South Africa,ZA,ZAF,2010,TM.VAL.MRCH.XD.WD,92.5
Argentina,AR,ARG,2023,BX.KLT.DINV.WD.GD.ZS,3.81190879856952
Argentina,AR,ARG,2022,BX.KLT.DINV.WD.GD.ZS,2.3984601182853
Argentina,AR,ARG,2021,BX.KLT.DINV.WD.GD.ZS,1.36838083162438
Argentina,AR,ARG,2020,BX.KLT.DINV.WD.GD.ZS,1.26616924308721
Argentina,AR,ARG,2019,BX.KLT.DINV.WD.GD.ZS,1.48500687570697
Argentina,AR,ARG,2018,BX.KLT.DINV.WD.GD.ZS,2.23253157689253
Argentina,AR,ARG,2017,BX.KLT.DINV.WD.GD.ZS,1.78936504083806
Argentina,AR,ARG,2016,BX.KLT.DINV.WD.GD.ZS,0.584748941173009
Argentina,AR,ARG,2015,BX.KLT.DINV.WD.GD.ZS,1.97713461784426
Argentina,AR,ARG,2014,BX.KLT.DINV.WD.GD.ZS,0.962406650325519
Argentina,AR,ARG,2013,BX.KLT.DINV.WD.GD.ZS,1.77920553648531
Argentina,AR,ARG,2012,BX.KLT.DINV.WD.GD.ZS,2.80667189982932
Argentina,AR,ARG,2011,BX.KLT.DINV.WD.GD.ZS,2.04465997872008
Argentina,AR,ARG,2010,BX.KLT.DINV.WD.GD.ZS,2.67516171886535
Brazil,BR,BRA,2023,BX.KLT.DINV.WD.GD.ZS,2.86383344298207
Brazil,BR,BRA,2022,BX.KLT.DINV.WD.GD.ZS,3.8680317970139
Brazil,BR,BRA,2021,BX.KLT.DINV.WD.GD.ZS,2.77979084938159
Brazil,BR,BRA,2020,BX.KLT.DINV.WD.GD.ZS,2.59263795310275
Brazil,BR,BRA,2019,BX.KLT.DINV.WD.GD.ZS,3.692673213156
Brazil,BR,BRA,2018,BX.KLT.DINV.WD.GD.ZS,4.07858821454947
Brazil,BR,BRA,2017,BX.KLT.DINV.WD.GD.ZS,3.33825981739039
Brazil,BR,BRA,2016,BX.KLT.DINV.WD.GD.ZS,4.13737803865892
Brazil,BR,BRA,2015,BX.KLT.DINV.WD.GD.ZS,3.59214931791344
Brazil,BR,BRA,2014,BX.KLT.DINV.WD.GD.ZS,3.57135266957477
Brazil,BR,BRA,2013,BX.KLT.DINV.WD.GD.ZS,3.04150901624338
Brazil,BR,BRA,2012,BX.KLT.DINV.WD.GD.ZS,3.75496285641218
Brazil,BR,BRA,2011,BX.KLT.DINV.WD.GD.ZS,3.91518011405433
Brazil,BR,BRA,2010,BX.KLT.DINV.WD.GD.ZS,3.73001288350945
Canada,CA,CAN,2023,BX.KLT.DINV.WD.GD.ZS,1.99841597173847
Canada,CA,CAN,2022,BX.KLT.DINV.WD.GD.ZS,2.30686661821278
Canada,CA,CAN,2021,BX.KLT.DINV.WD.GD.ZS,2.97618405526996
Canada,CA,CAN,2020,BX.KLT.DINV.WD.GD.ZS,1.75896848026439
Canada,CA,CAN,2019,BX.KLT.DINV.WD.GD.ZS,2.80676080429286
Canada,CA,CAN,2018,BX.KLT.DINV.WD.GD.ZS,2.46930986353956
Canada,CA,CAN,2017,BX.KLT.DINV.WD.GD.ZS,1.5375171282853
Canada,CA,CAN,2016,BX.KLT.DINV.WD.GD.ZS,2.23834791127678
Canada,CA,CAN,2015,BX.KLT.DINV.WD.GD.ZS,3.85389066466467
Canada,CA,CAN,2014,BX.KLT.DINV.WD.GD.ZS,3.55389980711924
Canada,CA,CAN,2013,BX.KLT.DINV.WD.GD.ZS,3.62983069806946
Canada,CA,CAN,2012,BX.KLT.DINV.WD.GD.ZS,2.70017935331081
Canada,CA,CAN,2011,BX.KLT.DINV.WD.GD.ZS,2.13782226222103
Canada,CA,CAN,2010,BX.KLT.DINV.WD.GD.ZS,1.83724977084563
China,CN,CHN,2023,BX.KLT.DINV.WD.GD.ZS,0.280991103634816
China,CN,CHN,2022,BX.KLT.DINV.WD.GD.ZS,1.03841365474349
China,CN,CHN,2021,BX.KLT.DINV.WD.GD.ZS,1.8903454142588
China,CN,CHN,2020,BX.KLT.DINV.WD.GD.ZS,1.68770756292082
China,CN,CHN,2019,BX.KLT.DINV.WD.GD.ZS,1.28549226847992
China,CN,CHN,2018,BX.KLT.DINV.WD.GD.ZS,1.66361992284408
China,CN,CHN,2017,BX.KLT.DINV.WD.GD.ZS,1.32468971748482
China,CN,CHN,2016,BX.KLT.DINV.WD.GD.ZS,1.52539470315394
China,CN,CHN,2015,BX.KLT.DINV.WD.GD.ZS,2.14957284731563
China,CN,CHN,2014,BX.KLT.DINV.WD.GD.ZS,2.51155883670463
China,CN,CHN,2013,BX.KLT.DINV.WD.GD.ZS,2.98598708261986
China,CN,CHN,2012,BX.KLT.DINV.WD.GD.ZS,2.78099138181613
China,CN,CHN,2011,BX.KLT.DINV.WD.GD.ZS,3.65069190228423
China,CN,CHN,2010,BX.KLT.DINV.WD.GD.ZS,3.93541996731512
Germany,DE,DEU,2023,BX.KLT.DINV.WD.GD.ZS,1.99210813981277
Germany,DE,DEU,2022,BX.KLT.DINV.WD.GD.ZS,1.82269397984058
Germany,DE,DEU,2021,BX.KLT.DINV.WD.GD.ZS,2.93002168676674
Germany,DE,DEU,2020,BX.KLT.DINV.WD.GD.ZS,4.48523547812751
Germany,DE,DEU,2019,BX.KLT.DINV.WD.GD.ZS,1.9056930139782
Germany,DE,DEU,2018,BX.KLT.DINV.WD.GD.ZS,4.00082875273687
Germany,DE,DEU,2017,BX.KLT.DINV.WD.GD.ZS,2.88914588414184
Germany,DE,DEU,2016,BX.KLT.DINV.WD.GD.ZS,1.64365840117303
Germany,DE,DEU,2015,BX.KLT.DINV.WD.GD.ZS,1.82239938063641
Germany,DE,DEU,2014,BX.KLT.DINV.WD.GD.ZS,0.437762571704246
Germany,DE,DEU,2013,BX.KLT.DINV.WD.GD.ZS,1.76515036525359
Germany,DE,DEU,2012,BX.KLT.DINV.WD.GD.ZS,1.8196411156431
Germany,DE,DEU,2011,BX.KLT.DINV.WD.GD.ZS,2.55089499875415
Germany,DE,DEU,2010,BX.KLT.DINV.WD.GD.ZS,2.48154528887853
Spain,ES,ESP,2023,BX.KLT.DINV.WD.GD.ZS,2.89981565316893
Spain,ES,ESP,2022,BX.KLT.DINV.WD.GD.ZS,4.65609043363165
Spain,ES,ESP,2021,BX.KLT.DINV.WD.GD.ZS,4.42272902452136
Spain,ES,ESP,2020,BX.KLT.DINV.WD.GD.ZS,2.92165980781023
Spain,ES,ESP,2019,BX.KLT.DINV.WD.GD.ZS,2.16052375036307
Spain,ES,ESP,2018,BX.KLT.DINV.WD.GD.ZS,4.46748509754483
Spain,ES,ESP,2017,BX.KLT.DINV.WD.GD.ZS,2.54039212306223
Spain,ES,ESP,2016,BX.KLT.DINV.WD.GD.ZS,3.61722479660389
Spain,ES,ESP,2015,BX.KLT.DINV.WD.GD.ZS,1.97131692755332
Spain,ES,ESP,2014,BX.KLT.DINV.WD.GD.ZS,2.31642230011085
Spain,ES,ESP,2013,BX.KLT.DINV.WD.GD.ZS,3.4608559063245
Spain,ES,ESP,2012,BX.KLT.DINV.WD.GD.ZS,1.44631700014204
Spain,ES,ESP,2011,BX.KLT.DINV.WD.GD.ZS,1.73938048405349
Spain,ES,ESP,2010,BX.KLT.DINV.WD.GD.ZS,2.51885825626411
France,FR,FRA,2023,BX.KLT.DINV.WD.GD.ZS,0.590645170561014
France,FR,FRA,2022,BX.KLT.DINV.WD.GD.ZS,4.0180319137717
France,FR,FRA,2021,BX.KLT.DINV.WD.GD.ZS,3.30405312221271
France,FR,FRA,2020,BX.KLT.DINV.WD.GD.ZS,0.731471704018579
France,FR,FRA,2019,BX.KLT.DINV.WD.GD.ZS,1.96486943301562
France,FR,FRA,2018,BX.KLT.DINV.WD.GD.ZS,2.78594184568695
France,FR,FRA,2017,BX.KLT.DINV.WD.GD.ZS,1.68928072199317
France,FR,FRA,2016,BX.KLT.DINV.WD.GD.ZS,1.44200321416196
France,FR,FRA,2015,BX.KLT.DINV.WD.GD.ZS,1.76596182973896
France,FR,FRA,2014,BX.KLT.DINV.WD.GD.ZS,0.176974174772525
France,FR,FRA,2013,BX.KLT.DINV.WD.GD.ZS,1.18823404938295
France,FR,FRA,2012,BX.KLT.DINV.WD.GD.ZS,1.22790071519382
France,FR,FRA,2011,BX.KLT.DINV.WD.GD.ZS,1.54005293306163
France,FR,FRA,2010,BX.KLT.DINV.WD.GD.ZS,1.46961673029144
United Kingdom,GB,GBR,2023,BX.KLT.DINV.WD.GD.ZS,0.403116734836793
United Kingdom,GB,GBR,2022,BX.KLT.DINV.WD.GD.ZS,2.91635435189931
United Kingdom,GB,GBR,2021,BX.KLT.DINV.WD.GD.ZS,3.20643815254935
United Kingdom,GB,GBR,2020,BX.KLT.DINV.WD.GD.ZS,5.77039185007421
United Kingdom,GB,GBR,2019,BX.KLT.DINV.WD.GD.ZS,0.688204352262878
United Kingdom,GB,GBR,2018,BX.KLT.DINV.WD.GD.ZS,-0.864867036878713
United Kingdom,GB,GBR,2017,BX.KLT.DINV.WD.GD.ZS,4.64443540147576
United Kingdom,GB,GBR,2016,BX.KLT.DINV.WD.GD.ZS,11.9998637298189
United Kingdom,GB,GBR,2015,BX.KLT.DINV.WD.GD.ZS,1.53903424150931
United Kingdom,GB,GBR,2014,BX.KLT.DINV.WD.GD.ZS,1.90870445734316
United Kingdom,GB,GBR,2013,BX.KLT.DINV.WD.GD.ZS,1.94762104828418
United Kingdom,GB,GBR,2012,BX.KLT.DINV.WD.GD.ZS,1.71895853790766
United Kingdom,GB,GBR,2011,BX.KLT.DINV.WD.GD.ZS,1.00957357920277
United Kingdom,GB,GBR,2010,BX.KLT.DINV.WD.GD.ZS,2.67286674184503
Italy,IT,ITA,2023,BX.KLT.DINV.WD.GD.ZS,1.81363348239025
Italy,IT,ITA,2022,BX.KLT.DINV.WD.GD.ZS,2.94181405797187
Italy,IT,ITA,2021,BX.KLT.DINV.WD.GD.ZS,1.20474315612308
Italy,IT,ITA,2020,BX.KLT.DINV.WD.GD.ZS,-0.893869914296462
Italy,IT,ITA,2019,BX.KLT.DINV.WD.GD.ZS,1.77066894209208
Italy,IT,ITA,2018,BX.KLT.DINV.WD.GD.ZS,2.10769610409512
Italy,IT,ITA,2017,BX.KLT.DINV.WD.GD.ZS,0.44334154868577
Italy,IT,ITA,2016,BX.KLT.DINV.WD.GD.ZS,1.35957350873308
Italy,IT,ITA,2015,BX.KLT.DINV.WD.GD.ZS,0.720886367724088
Italy,IT,ITA,2014,BX.KLT.DINV.WD.GD.ZS,0.783743281747353
Italy,IT,ITA,2013,BX.KLT.DINV.WD.GD.ZS,0.907076904789878
Italy,IT,ITA,2012,BX.KLT.DINV.WD.GD.ZS,0.00166359418160293
Italy,IT,ITA,2011,BX.KLT.DINV.WD.GD.ZS,1.49396922230512
Italy,IT,ITA,2010,BX.KLT.DINV.WD.GD.ZS,0.462974196548407
Japan,JP,JPN,2023,BX.KLT.DINV.WD.GD.ZS,0.456297698647986
Japan,JP,JPN,2022,BX.KLT.DINV.WD.GD.ZS,1.08260095152642
Japan,JP,JPN,2021,BX.KLT.DINV.WD.GD.ZS,0.67025659122188
Japan,JP,JPN,2020,BX.KLT.DINV.WD.GD.ZS,1.20605775501323
Japan,JP,JPN,2019,BX.KLT.DINV.WD.GD.ZS,0.761769170240795
Japan,JP,JPN,2018,BX.KLT.DINV.WD.GD.ZS,0.490646618599307
Japan,JP,JPN,2017,BX.KLT.DINV.WD.GD.ZS,0.37319148031924
Japan,JP,JPN,2016,BX.KLT.DINV.WD.GD.ZS,0.801395644123668
Japan,JP,JPN,2015,BX.KLT.DINV.WD.GD.ZS,0.115829519336403
Japan,JP,JPN,2014,BX.KLT.DINV.WD.GD.ZS,0.396173028620197
Japan,JP,JPN,2013,BX.KLT.DINV.WD.GD.ZS,0.201969683435447
Japan,JP,JPN,2012,BX.KLT.DINV.WD.GD.ZS,0.00863561136941304
Japan,JP,JPN,2011,BX.KLT.DINV.WD.GD.ZS,-0.0135476953217396
Japan,JP,JPN,2010,BX.KLT.DINV.WD.GD.ZS,0.128037155210339
Mexico,MX,MEX,2023,BX.KLT.DINV.WD.GD.ZS,1.7099038174861
Mexico,MX,MEX,2022,BX.KLT.DINV.WD.GD.ZS,2.67267286267437
Mexico,MX,MEX,2021,BX.KLT.DINV.WD.GD.ZS,2.70530313479407
Mexico,MX,MEX,2020,BX.KLT.DINV.WD.GD.ZS,2.81400875229273
Mexico,MX,MEX,2019,BX.KLT.DINV.WD.GD.ZS,2.29651449559824
Mexico,MX,MEX,2018,BX.KLT.DINV.WD.GD.ZS,3.0141785043816
Mexico,MX,MEX,2017,BX.KLT.DINV.WD.GD.ZS,2.78307493364523
Mexico,MX,MEX,2016,BX.KLT.DINV.WD.GD.ZS,3.49768027047347
Mexico,MX,MEX,2015,BX.KLT.DINV.WD.GD.ZS,2.98783786611186
Mexico,MX,MEX,2014,BX.KLT.DINV.WD.GD.ZS,2.08415748539387
Mexico,MX,MEX,2013,BX.KLT.DINV.WD.GD.ZS,3.83670268116194
Mexico,MX,MEX,2012,BX.KLT.DINV.WD.GD.ZS,1.45258915061197
Mexico,MX,MEX,2011,BX.KLT.DINV.WD.GD.ZS,1.9442261568419
Mexico,MX,MEX,2010,BX.KLT.DINV.WD.GD.ZS,2.76223720236461
Netherlands,NL,NLD,2023,BX.KLT.DINV.WD.GD.ZS,-30.2430732965592
Netherlands,NL,NLD,2022,BX.KLT.DINV.WD.GD.ZS,1.47701805979237
Netherlands,NL,NLD,2021,BX.KLT.DINV.WD.GD.ZS,-10.9725941589172
Netherlands,NL,NLD,2020,BX.KLT.DINV.WD.GD.ZS,-23.6860117625863
Netherlands,NL,NLD,2019,BX.KLT.DINV.WD.GD.ZS,-13.7565327156949
Netherlands,NL,NLD,2018,BX.KLT.DINV.WD.GD.ZS,-30.6576768564655
Netherlands,NL,NLD,2017,BX.KLT.DINV.WD.GD.ZS,23.7131758376085
Netherlands,NL,NLD,2016,BX.KLT.DINV.WD.GD.ZS,34.7918547450687
Netherlands,NL,NLD,2015,BX.KLT.DINV.WD.GD.ZS,48.4706196279081
Netherlands,NL,NLD,2014,BX.KLT.DINV.WD.GD.ZS,15.9879956344505
Netherlands,NL,NLD,2013,BX.KLT.DINV.WD.GD.ZS,36.6955717929323
Netherlands,NL,NLD,2012,BX.KLT.DINV.WD.GD.ZS,30.9042384931276
Netherlands,NL,NLD,2011,BX.KLT.DINV.WD.GD.ZS,39.0408469194559
Netherlands,NL,NLD,2010,BX.KLT.DINV.WD.GD.ZS,6.47724170250418
Poland,PL,POL,2023,BX.KLT.DINV.WD.GD.ZS,4.38918673390545
Poland,PL,POL,2022,BX.KLT.DINV.WD.GD.ZS,6.00626096603428
Poland,PL,POL,2021,BX.KLT.DINV.WD.GD.ZS,5.44306737738578
Poland,PL,POL,2020,BX.KLT.DINV.WD.GD.ZS,3.31499059495462
Poland,PL,POL,2019,BX.KLT.DINV.WD.GD.ZS,3.15455649244208
Poland,PL,POL,2018,BX.KLT.DINV.WD.GD.ZS,3.34803954559233
Poland,PL,POL,2017,BX.KLT.DINV.WD.GD.ZS,2.37812815599278
Poland,PL,POL,2016,BX.KLT.DINV.WD.GD.ZS,3.81608721408819
Poland,PL,POL,2015,BX.KLT.DINV.WD.GD.ZS,3.29546177974363
Poland,PL,POL,2014,BX.KLT.DINV.WD.GD.ZS,3.85089176515991
Poland,PL,POL,2013,BX.KLT.DINV.WD.GD.ZS,0.258983446617592
Poland,PL,POL,2012,BX.KLT.DINV.WD.GD.ZS,1.52886091421625
Poland,PL,POL,2011,BX.KLT.DINV.WD.GD.ZS,3.57128957712437
Poland,PL,POL,2010,BX.KLT.DINV.WD.GD.ZS,3.94489462074706
Sweden,SE,SWE,2023,BX.KLT.DINV.WD.GD.ZS,3.22512369002956
Sweden,SE,SWE,2022,BX.KLT.DINV.WD.GD.ZS,9.35228228785513
Sweden,SE,SWE,2021,BX.KLT.DINV.WD.GD.ZS,9.17868162234424
Sweden,SE,SWE,2020,BX.KLT.DINV.WD.GD.ZS,3.36375559523307
Sweden,SE,SWE,2019,BX.KLT.DINV.WD.GD.ZS,2.9559286166832
Sweden,SE,SWE,2018,BX.KLT.DINV.WD.GD.ZS,-0.129928906336359
Sweden,SE,SWE,2017,BX.KLT.DINV.WD.GD.ZS,4.54156677126576
Sweden,SE,SWE,2016,BX.KLT.DINV.WD.GD.ZS,3.01534061830454
Sweden,SE,SWE,2015,BX.KLT.DINV.WD.GD.ZS,1.94926707461038
Sweden,SE,SWE,2014,BX.KLT.DINV.WD.GD.ZS,-1.0454392642501
Sweden,SE,SWE,2013,BX.KLT.DINV.WD.GD.ZS,0.2546975094246
Sweden,SE,SWE,2012,BX.KLT.DINV.WD.GD.ZS,0.777373680569339
Sweden,SE,SWE,2011,BX.KLT.DINV.WD.GD.ZS,1.22329216394859
Sweden,SE,SWE,2010,BX.KLT.DINV.WD.GD.ZS,0.126859666003955
United States,US,USA,2023,BX.KLT.DINV.WD.GD.ZS,1.30141768246586
United States,US,USA,2022,BX.KLT.DINV.WD.GD.ZS,1.60006208497274
United States,US,USA,2021,BX.KLT.DINV.WD.GD.ZS,2.01451214498067
United States,US,USA,2020,BX.KLT.DINV.WD.GD.ZS,0.641236014628299
United States,US,USA,2019,BX.KLT.DINV.WD.GD.ZS,1.46696501417689
United States,US,USA,2018,BX.KLT.DINV.WD.GD.ZS,1.03945408799819
United States,US,USA,2017,BX.KLT.DINV.WD.GD.ZS,1.94177554246862
United States,US,USA,2016,BX.KLT.DINV.WD.GD.ZS,2.52268117379751
United States,US,USA,2015,BX.KLT.DINV.WD.GD.ZS,2.79548220201356
United States,US,USA,2014,BX.KLT.DINV.WD.GD.ZS,1.43033863092168
United States,US,USA,2013,BX.KLT.DINV.WD.GD.ZS,1.70686814034716
United States,US,USA,2012,BX.KLT.DINV.WD.GD.ZS,1.54020833064168
United States,US,USA,2011,BX.KLT.DINV.WD.GD.ZS,1.68911235141732
United States,US,USA,2010,BX.KLT.DINV.WD.GD.ZS,1.75453192115262
Australia,AU,AUS,2023,BX.KLT.DINV.WD.GD.ZS,2.03614704389564
Australia,AU,AUS,2022,BX.KLT.DINV.WD.GD.ZS,4.05215286724898
Australia,AU,AUS,2021,BX.KLT.DINV.WD.GD.ZS,2.01542405903096
Australia,AU,AUS,2020,BX.KLT.DINV.WD.GD.ZS,1.34826011276187
Australia,AU,AUS,2019,BX.KLT.DINV.WD.GD.ZS,2.77077560426989
Australia,AU,AUS,2018,BX.KLT.DINV.WD.GD.ZS,4.23450805251819
Australia,AU,AUS,2017,BX.KLT.DINV.WD.GD.ZS,3.62158795648508
Australia,AU,AUS,2016,BX.KLT.DINV.WD.GD.ZS,3.54660341826144
Australia,AU,AUS,2015,BX.KLT.DINV.WD.GD.ZS,3.456117831131
Australia,AU,AUS,2014,BX.KLT.DINV.WD.GD.ZS,4.28599049307814
Australia,AU,AUS,2013,BX.KLT.DINV.WD.GD.ZS,3.43950309398958
Australia,AU,AUS,2012,BX.KLT.DINV.WD.GD.ZS,3.70774989384992
Australia,AU,AUS,2011,BX.KLT.DINV.WD.GD.ZS,4.67434620832808
Australia,AU,AUS,2010,BX.KLT.DINV.WD.GD.ZS,3.08482804330762
Chile,CL,CHL,2023,BX.KLT.DINV.WD.GD.ZS,5.72340675956374
Chile,CL,CHL,2022,BX.KLT.DINV.WD.GD.ZS,6.2344860828365
Chile,CL,CHL,2021,BX.KLT.DINV.WD.GD.ZS,4.81031437211446
Chile,CL,CHL,2020,BX.KLT.DINV.WD.GD.ZS,4.50500989019161
Chile,CL,CHL,2019,BX.KLT.DINV.WD.GD.ZS,4.87915172452024
Chile,CL,CHL,2018,BX.KLT.DINV.WD.GD.ZS,2.68461345207245
Chile,CL,CHL,2017,BX.KLT.DINV.WD.GD.ZS,1.89647029836548
Chile,CL,CHL,2016,BX.KLT.DINV.WD.GD.ZS,4.55707488153847
Chile,CL,CHL,2015,BX.KLT.DINV.WD.GD.ZS,7.32780348711267
Chile,CL,CHL,2014,BX.KLT.DINV.WD.GD.ZS,9.83500371419039
Chile,CL,CHL,2013,BX.KLT.DINV.WD.GD.ZS,7.61396398974862
Chile,CL,CHL,2012,BX.KLT.DINV.WD.GD.ZS,11.9097449981544
Chile,CL,CHL,2011,BX.KLT.DINV.WD.GD.ZS,10.4897738058645
Chile,CL,CHL,2010,BX.KLT.DINV.WD.GD.ZS,6.84144686828522
Colombia,CO,COL,2023,BX.KLT.DINV.WD.GD.ZS,4.57716748279263
Colombia,CO,COL,2022,BX.KLT.DINV.WD.GD.ZS,4.97124137726565
Colombia,CO,COL,2021,BX.KLT.DINV.WD.GD.ZS,3.00175693787234
Colombia,CO,COL,2020,BX.KLT.DINV.WD.GD.ZS,2.7588942895314
Colombia,CO,COL,2019,BX.KLT.DINV.WD.GD.ZS,4.33058240931506
Colombia,CO,COL,2018,BX.KLT.DINV.WD.GD.ZS,3.38083573220188
Colombia,CO,COL,2017,BX.KLT.DINV.WD.GD.ZS,4.3931823276543
Colombia,CO,COL,2016,BX.KLT.DINV.WD.GD.ZS,4.90164572903473
Colombia,CO,COL,2015,BX.KLT.DINV.WD.GD.ZS,3.95939854860993
Colombia,CO,COL,2014,BX.KLT.DINV.WD.GD.ZS,4.24107256687862
Colombia,CO,COL,2013,BX.KLT.DINV.WD.GD.ZS,4.24252457969381
Colombia,CO,COL,2012,BX.KLT.DINV.WD.GD.ZS,4.05728041313345
Colombia,CO,COL,2011,BX.KLT.DINV.WD.GD.ZS,4.37269536127322
Colombia,CO,COL,2010,BX.KLT.DINV.WD.GD.ZS,2.24433595561184
"Egypt, Arab Rep.",EG,EGY,2023,BX.KLT.DINV.WD.GD.ZS,2.48546400695984
"Egypt, Arab Rep.",EG,EGY,2022,BX.KLT.DINV.WD.GD.ZS,2.39118080969079
"Egypt, Arab Rep.",EG,EGY,2021,BX.KLT.DINV.WD.GD.ZS,1.20617861055665
"Egypt, Arab Rep.",EG,EGY,2020,BX.KLT.DINV.WD.GD.ZS,1.52462948997172
"Egypt, Arab Rep.",EG,EGY,2019,BX.KLT.DINV.WD.GD.ZS,2.82732944960686
"Egypt, Arab Rep.",EG,EGY,2018,BX.KLT.DINV.WD.GD.ZS,3.10040077579187
"Egypt, Arab Rep.",EG,EGY,2017,BX.KLT.DINV.WD.GD.ZS,2.98301550917695
"Egypt, Arab Rep.",EG,EGY,2016,BX.KLT.DINV.WD.GD.ZS,2.43856278142762
"Egypt, Arab Rep.",EG,EGY,2015,BX.KLT.DINV.WD.GD.ZS,2.10258128401326
"Egypt, Arab Rep.",EG,EGY,2014,BX.KLT.DINV.WD.GD.ZS,1.50925042253521
"Egypt, Arab Rep.",EG,EGY,2013,BX.KLT.DINV.WD.GD.ZS,1.45343420769727
"Egypt, Arab Rep.",EG,EGY,2012,BX.KLT.DINV.WD.GD.ZS,1.00234071774049
"Egypt, Arab Rep.",EG,EGY,2011,BX.KLT.DINV.WD.GD.ZS,-0.204542848807527
"Egypt, Arab Rep.",EG,EGY,2010,BX.KLT.DINV.WD.GD.ZS,2.91601657550141
Indonesia,ID,IDN,2023,BX.KLT.DINV.WD.GD.ZS,1.57116966408747
Indonesia,ID,IDN,2022,BX.KLT.DINV.WD.GD.ZS,1.87264100861425
Indonesia,ID,IDN,2021,BX.KLT.DINV.WD.GD.ZS,1.7878556314554
Indonesia,ID,IDN,2020,BX.KLT.DINV.WD.GD.ZS,1.81058402027127
Indonesia,ID,IDN,2019,BX.KLT.DINV.WD.GD.ZS,2.23336204282241
Indonesia,ID,IDN,2018,BX.KLT.DINV.WD.GD.ZS,1.81428979349441
Indonesia,ID,IDN,2017,BX.KLT.DINV.WD.GD.ZS,2.01948919812582
Indonesia,ID,IDN,2016,BX.KLT.DINV.WD.GD.ZS,0.487372471368879
Indonesia,ID,IDN,2015,BX.KLT.DINV.WD.GD.ZS,2.29761639380441
Indonesia,ID,IDN,2014,BX.KLT.DINV.WD.GD.ZS,2.81997260412102
Indonesia,ID,IDN,2013,BX.KLT.DINV.WD.GD.ZS,2.55135633401058
Indonesia,ID,IDN,2012,BX.KLT.DINV.WD.GD.ZS,2.30978031853073
Indonesia,ID,IDN,2011,BX.KLT.DINV.WD.GD.ZS,2.30298429381592
Indonesia,ID,IDN,2010,BX.KLT.DINV.WD.GD.ZS,2.02517914569356
India,IN,IND,2023,BX.KLT.DINV.WD.GD.ZS,0.802254995836756
India,IN,IND,2022,BX.KLT.DINV.WD.GD.ZS,1.53665241748393
India,IN,IND,2021,BX.KLT.DINV.WD.GD.ZS,1.41217101040888
India,IN,IND,2020,BX.KLT.DINV.WD.GD.ZS,2.40620322673636
India,IN,IND,2019,BX.KLT.DINV.WD.GD.ZS,1.78482633957161
India,IN,IND,2018,BX.KLT.DINV.WD.GD.ZS,1.55821483801456
India,IN,IND,2017,BX.KLT.DINV.WD.GD.ZS,1.50731583255894
India,IN,IND,2016,BX.KLT.DINV.WD.GD.ZS,1.9373641224439
India,IN,IND,2015,BX.KLT.DINV.WD.GD.ZS,2.09211521443253
India,IN,IND,2014,BX.KLT.DINV.WD.GD.ZS,1.69565958990806
India,IN,IND,2013,BX.KLT.DINV.WD.GD.ZS,1.5162764665975
India,IN,IND,2012,BX.KLT.DINV.WD.GD.ZS,1.31293453035323
India,IN,IND,2011,BX.KLT.DINV.WD.GD.ZS,2.0020634629993
India,IN,IND,2010,BX.KLT.DINV.WD.GD.ZS,1.6350340943491
"Korea, Rep.",KR,KOR,2023,BX.KLT.DINV.WD.GD.ZS,1.03221435142435
"Korea, Rep.",KR,KOR,2022,BX.KLT.DINV.WD.GD.ZS,1.39186469730544
"Korea, Rep.",KR,KOR,2021,BX.KLT.DINV.WD.GD.ZS,1.13577953855347
"Korea, Rep.",KR,KOR,2020,BX.KLT.DINV.WD.GD.ZS,0.502554290313687
"Korea, Rep.",KR,KOR,2019,BX.KLT.DINV.WD.GD.ZS,0.550202642546341
"Korea, Rep.",KR,KOR,2018,BX.KLT.DINV.WD.GD.ZS,0.66781363782051
"Korea, Rep.",KR,KOR,2017,BX.KLT.DINV.WD.GD.ZS,1.04741749331971
"Korea, Rep.",KR,KOR,2016,BX.KLT.DINV.WD.GD.ZS,0.766507046338007
"Korea, Rep.",KR,KOR,2015,BX.KLT.DINV.WD.GD.ZS,0.266636382581676
"Korea, Rep.",KR,KOR,2014,BX.KLT.DINV.WD.GD.ZS,0.595893048504325
"Korea, Rep.",KR,KOR,2013,BX.KLT.DINV.WD.GD.ZS,0.889863368558993
"Korea, Rep.",KR,KOR,2012,BX.KLT.DINV.WD.GD.ZS,0.711120351080011
"Korea, Rep.",KR,KOR,2011,BX.KLT.DINV.WD.GD.ZS,0.747683727442323
"Korea, Rep.",KR,KOR,2010,BX.KLT.DINV.WD.GD.ZS,0.796207328344812
Nigeria,NG,NGA,2023,BX.KLT.DINV.WD.GD.ZS,0.384195197916836
Nigeria,NG,NGA,2022,BX.KLT.DINV.WD.GD.ZS,-0.0288727652155146
Nigeria,NG,NGA,2021,BX.KLT.DINV.WD.GD.ZS,0.543909122159359
Nigeria,NG,NGA,2020,BX.KLT.DINV.WD.GD.ZS,0.398484830423335
Nigeria,NG,NGA,2019,BX.KLT.DINV.WD.GD.ZS,0.344961215906745
Nigeria,NG,NGA,2018,BX.KLT.DINV.WD.GD.ZS,0.183821495682229
Nigeria,NG,NGA,2017,BX.KLT.DINV.WD.GD.ZS,0.642182922336257
Nigeria,NG,NGA,2016,BX.KLT.DINV.WD.GD.ZS,0.853395742751916
Nigeria,NG,NGA,2015,BX.KLT.DINV.WD.GD.ZS,0.621501637000126
Nigeria,NG,NGA,2014,BX.KLT.DINV.WD.GD.ZS,0.817478467870197
Nigeria,NG,NGA,2013,BX.KLT.DINV.WD.GD.ZS,1.06953936497778
Nigeria,NG,NGA,2012,BX.KLT.DINV.WD.GD.ZS,1.52378233769127
Nigeria,NG,NGA,2011,BX.KLT.DINV.WD.GD.ZS,2.133117701613
Nigeria,NG,NGA,2010,BX.KLT.DINV.WD.GD.ZS,1.64207369186652
Russian Federation,RU,RUS,2023,BX.KLT.DINV.WD.GD.ZS,-0.490895490828941
Russian Federation,RU,RUS,2022,BX.KLT.DINV.WD.GD.ZS,-1.73614086534944
Russian Federation,RU,RUS,2021,BX.KLT.DINV.WD.GD.ZS,2.21136527873962
Russian Federation,RU,RUS,2020,BX.KLT.DINV.WD.GD.ZS,0.634851184443604
Russian Federation,RU,RUS,2019,BX.KLT.DINV.WD.GD.ZS,1.88851731564914
Russian Federation,RU,RUS,2018,BX.KLT.DINV.WD.GD.ZS,0.530060790633169
Russian Federation,RU,RUS,2017,BX.KLT.DINV.WD.GD.ZS,1.81409297475419
Russian Federation,RU,RUS,2016,BX.KLT.DINV.WD.GD.ZS,2.54849998807899
Russian Federation,RU,RUS,2015,BX.KLT.DINV.WD.GD.ZS,0.502607961400285
Russian Federation,RU,RUS,2014,BX.KLT.DINV.WD.GD.ZS,1.0698764102333
Russian Federation,RU,RUS,2013,BX.KLT.DINV.WD.GD.ZS,3.01940211363344
Russian Federation,RU,RUS,2012,BX.KLT.DINV.WD.GD.ZS,2.29079869889368
Russian Federation,RU,RUS,2011,BX.KLT.DINV.WD.GD.ZS,2.69236118071968
Russian Federation,RU,RUS,2010,BX.KLT.DINV.WD.GD.ZS,2.8308286983175
Saudi Arabia,SA,SAU,2023,BX.KLT.DINV.WD.GD.ZS,1.87130991298946
Saudi Arabia,SA,SAU,2022,BX.KLT.DINV.WD.GD.ZS,2.1556449627378
Saudi Arabia,SA,SAU,2021,BX.KLT.DINV.WD.GD.ZS,2.8850612174452
Saudi Arabia,SA,SAU,2020,BX.KLT.DINV.WD.GD.ZS,0.211115523412857
Saudi Arabia,SA,SAU,2019,BX.KLT.DINV.WD.GD.ZS,0.346411455797861
Saudi Arabia,SA,SAU,2018,BX.KLT.DINV.WD.GD.ZS,1.36945683303735
Saudi Arabia,SA,SAU,2017,BX.KLT.DINV.WD.GD.ZS,0.136801407151884
Saudi Arabia,SA,SAU,2016,BX.KLT.DINV.WD.GD.ZS,3.18518611850268
Saudi Arabia,SA,SAU,2015,BX.KLT.DINV.WD.GD.ZS,0.572622097928938
Saudi Arabia,SA,SAU,2014,BX.KLT.DINV.WD.GD.ZS,0.191711517264834
Saudi Arabia,SA,SAU,2013,BX.KLT.DINV.WD.GD.ZS,0.437984195574321
Saudi Arabia,SA,SAU,2012,BX.KLT.DINV.WD.GD.ZS,0.669626013751334
Saudi Arabia,SA,SAU,2011,BX.KLT.DINV.WD.GD.ZS,0.688133631504519
Saudi Arabia,SA,SAU,2010,BX.KLT.DINV.WD.GD.ZS,0.923670092367435
Singapore,SG,SGP,2023,BX.KLT.DINV.WD.GD.ZS,24.607056245637
Singapore,SG,SGP,2022,BX.KLT.DINV.WD.GD.ZS,28.0305519383786
Singapore,SG,SGP,2021,BX.KLT.DINV.WD.GD.ZS,32.2624851402185
Singapore,SG,SGP,2020,BX.KLT.DINV.WD.GD.ZS,22.5843942948636
Singapore,SG,SGP,2019,BX.KLT.DINV.WD.GD.ZS,28.1758142041642
Singapore,SG,SGP,2018,BX.KLT.DINV.WD.GD.ZS,22.7862106121625
Singapore,SG,SGP,2017,BX.KLT.DINV.WD.GD.ZS,29.5741008560154
Singapore,SG,SGP,2016,BX.KLT.DINV.WD.GD.ZS,20.3059406285478
Singapore,SG,SGP,2015,BX.KLT.DINV.WD.GD.ZS,22.6541826890491
Singapore,SG,SGP,2014,BX.KLT.DINV.WD.GD.ZS,21.8184880782679
Singapore,SG,SGP,2013,BX.KLT.DINV.WD.GD.ZS,20.9344810446532
Singapore,SG,SGP,2012,BX.KLT.DINV.WD.GD.ZS,18.7435244231802
Singapore,SG,SGP,2011,BX.KLT.DINV.WD.GD.ZS,17.5960314065854
Singapore,SG,SGP,2010,BX.KLT.DINV.WD.GD.ZS,23.0694716770802
Turkiye,TR,TUR,2023,BX.KLT.DINV.WD.GD.ZS,0.933806495534912
Turkiye,TR,TUR,2022,BX.KLT.DINV.WD.GD.ZS,1.48839623728753
Turkiye,TR,TUR,2021,BX.KLT.DINV.WD.GD.ZS,1.50891969619413
Turkiye,TR,TUR,2020,BX.KLT.DINV.WD.GD.ZS,1.02531493703228
Turkiye,TR,TUR,2019,BX.KLT.DINV.WD.GD.ZS,1.22536076199392
Turkiye,TR,TUR,2018,BX.KLT.DINV.WD.GD.ZS,1.57923380202967
Turkiye,TR,TUR,2017,BX.KLT.DINV.WD.GD.ZS,1.29532700760314
Turkiye,TR,TUR,2016,BX.KLT.DINV.WD.GD.ZS,1.58873607703875
Turkiye,TR,TUR,2015,BX.KLT.DINV.WD.GD.ZS,2.225752648523
Turkiye,TR,TUR,2014,BX.KLT.DINV.WD.GD.ZS,1.41530142282668
Turkiye,TR,TUR,2013,BX.KLT.DINV.WD.GD.ZS,1.40962960980578
Turkiye,TR,TUR,2012,BX.KLT.DINV.WD.GD.ZS,1.55241965245755
Turkiye,TR,TUR,2011,BX.KLT.DINV.WD.GD.ZS,1.91686136260632
Turkiye,TR,TUR,2010,BX.KLT.DINV.WD.GD.ZS,1.16274364749147
Viet Nam,VN,VNM,2023,BX.KLT.DINV.WD.GD.ZS,4.26458856546888
Viet Nam,VN,VNM,2022,BX.KLT.DINV.WD.GD.ZS,4.32947308910883
Viet Nam,VN,VNM,2021,BX.KLT.DINV.WD.GD.ZS,4.27314566190187
Viet Nam,VN,VNM,2020,BX.KLT.DINV.WD.GD.ZS,4.55836196782424
Viet Nam,VN,VNM,2019,BX.KLT.DINV.WD.GD.ZS,4.821074861051
Viet Nam,VN,VNM,2018,BX.KLT.DINV.WD.GD.ZS,4.99828319622328
Viet Nam,VN,VNM,2017,BX.KLT.DINV.WD.GD.ZS,5.01148721749681
Viet Nam,VN,VNM,2016,BX.KLT.DINV.WD.GD.ZS,4.90089302916746
Viet Nam,VN,VNM,2015,BX.KLT.DINV.WD.GD.ZS,4.93190773329022
Viet Nam,VN,VNM,2014,BX.KLT.DINV.WD.GD.ZS,3.94086189051961
Viet Nam,VN,VNM,2013,BX.KLT.DINV.WD.GD.ZS,4.16454517277325
Viet Nam,VN,VNM,2012,BX.KLT.DINV.WD.GD.ZS,4.27832287681174
Viet Nam,VN,VNM,2011,BX.KLT.DINV.WD.GD.ZS,4.30487434902161
Viet Nam,VN,VNM,2010,BX.KLT.DINV.WD.GD.ZS,5.4347392933443
South Africa,ZA,ZAF,2023,BX.KLT.DINV.WD.GD.ZS,1.0127377916456
South Africa,ZA,ZAF,2022,BX.KLT.DINV.WD.GD.ZS,2.26670277731613
South Africa,ZA,ZAF,2021,BX.KLT.DINV.WD.GD.ZS,9.68098022663018
South Africa,ZA,ZAF,2020,BX.KLT.DINV.WD.GD.ZS,0.933073684352391
South Africa,ZA,ZAF,2019,BX.KLT.DINV.WD.GD.ZS,1.31407752293306
South Africa,ZA,ZAF,2018,BX.KLT.DINV.WD.GD.ZS,1.3742911715346
South Africa,ZA,ZAF,2017,BX.KLT.DINV.WD.GD.ZS,0.539673956759456
South Africa,ZA,ZAF,2016,BX.KLT.DINV.WD.GD.ZS,0.684612553455795
South Africa,ZA,ZAF,2015,BX.KLT.DINV.WD.GD.ZS,0.438735792056356
South Africa,ZA,ZAF,2014,BX.KLT.DINV.WD.GD.ZS,1.51932743753979
South Africa,ZA,ZAF,2013,BX.KLT.DINV.WD.GD.ZS,2.05358095229684
South Africa,ZA,ZAF,2012,BX.KLT.DINV.WD.GD.ZS,1.06492249485696
South Africa,ZA,ZAF,2011,BX.KLT.DINV.WD.GD.ZS,0.903381424332556
South Africa,ZA,ZAF,2010,BX.KLT.DINV.WD.GD.ZS,0.884904611686012
