country,iso2,iso3,year,indicator_code,value
Austria,AT,AT,2012,EDU_EXP_PC_GDP_ED0,0.54
Austria,AT,AT,2013,EDU_EXP_PC_GDP_ED0,0.55
Austria,AT,AT,2014,EDU_EXP_PC_GDP_ED0,0.58
Austria,AT,AT,2015,EDU_EXP_PC_GDP_ED0,0.58
Austria,AT,AT,2016,EDU_EXP_PC_GDP_ED0,0.6
Austria,AT,AT,2017,EDU_EXP_PC_GDP_ED0,0.61
Austria,AT,AT,2018,EDU_EXP_PC_GDP_ED0,0.61
Austria,AT,AT,2019,EDU_EXP_PC_GDP_ED0,0.43
Austria,AT,AT,2020,EDU_EXP_PC_GDP_ED0,0.69
Austria,AT,AT,2021,EDU_EXP_PC_GDP_ED0,0.67
Austria,AT,AT,2022,EDU_EXP_PC_GDP_ED0,0.68
Bulgaria,BG,BG,2012,EDU_EXP_PC_GDP_ED0,0.85
Bulgaria,BG,BG,2013,EDU_EXP_PC_GDP_ED0,1.03
Bulgaria,BG,BG,2014,EDU_EXP_PC_GDP_ED0,1.04
Bulgaria,BG,BG,2015,EDU_EXP_PC_GDP_ED0,0.96
Bulgaria,BG,BG,2016,EDU_EXP_PC_GDP_ED0,0.94
Bulgaria,BG,BG,2017,EDU_EXP_PC_GDP_ED0,0.93
Bulgaria,BG,BG,2018,EDU_EXP_PC_GDP_ED0,0.92
Bulgaria,BG,BG,2019,EDU_EXP_PC_GDP_ED0,0.94
Bulgaria,BG,BG,2020,EDU_EXP_PC_GDP_ED0,0.97
Bulgaria,BG,BG,2021,EDU_EXP_PC_GDP_ED0,1.03
Bulgaria,BG,BG,2022,EDU_EXP_PC_GDP_ED0,1.06
Czechia,CZ,CZ,2012,EDU_EXP_PC_GDP_ED0,0.54
Czechia,CZ,CZ,2013,EDU_EXP_PC_GDP_ED0,0.54
Czechia,CZ,CZ,2014,EDU_EXP_PC_GDP_ED0,0.55
Czechia,CZ,CZ,2015,EDU_EXP_PC_GDP_ED0,0.52
Czechia,CZ,CZ,2016,EDU_EXP_PC_GDP_ED0,0.49
Czechia,CZ,CZ,2017,EDU_EXP_PC_GDP_ED0,0.52
Czechia,CZ,CZ,2018,EDU_EXP_PC_GDP_ED0,0.55
Czechia,CZ,CZ,2019,EDU_EXP_PC_GDP_ED0,0.58
Czechia,CZ,CZ,2020,EDU_EXP_PC_GDP_ED0,0.62
Czechia,CZ,CZ,2021,EDU_EXP_PC_GDP_ED0,0.62
Czechia,CZ,CZ,2022,EDU_EXP_PC_GDP_ED0,0.59
Germany,DE,DE,2012,EDU_EXP_PC_GDP_ED0,0.6
Germany,DE,DE,2013,EDU_EXP_PC_GDP_ED0,0.64
Germany,DE,DE,2014,EDU_EXP_PC_GDP_ED0,0.68
Germany,DE,DE,2015,EDU_EXP_PC_GDP_ED0,0.7
Germany,DE,DE,2016,EDU_EXP_PC_GDP_ED0,0.74
Germany,DE,DE,2017,EDU_EXP_PC_GDP_ED0,0.78
Germany,DE,DE,2018,EDU_EXP_PC_GDP_ED0,0.82
Germany,DE,DE,2019,EDU_EXP_PC_GDP_ED0,0.89
Germany,DE,DE,2020,EDU_EXP_PC_GDP_ED0,1.02
Germany,DE,DE,2021,EDU_EXP_PC_GDP_ED0,1.04
Germany,DE,DE,2022,EDU_EXP_PC_GDP_ED0,1.01
Denmark,DK,DK,2012,EDU_EXP_PC_GDP_ED0,1.25
Denmark,DK,DK,2013,EDU_EXP_PC_GDP_ED0,1.18
Denmark,DK,DK,2014,EDU_EXP_PC_GDP_ED0,1.13
Denmark,DK,DK,2016,EDU_EXP_PC_GDP_ED0,0.94
Denmark,DK,DK,2017,EDU_EXP_PC_GDP_ED0,0.93
Denmark,DK,DK,2018,EDU_EXP_PC_GDP_ED0,0.95
Denmark,DK,DK,2019,EDU_EXP_PC_GDP_ED0,0.95
Denmark,DK,DK,2020,EDU_EXP_PC_GDP_ED0,1.0
Denmark,DK,DK,2021,EDU_EXP_PC_GDP_ED0,0.99
Denmark,DK,DK,2022,EDU_EXP_PC_GDP_ED0,0.89
Spain,ES,ES,2012,EDU_EXP_PC_GDP_ED0,0.65
Spain,ES,ES,2013,EDU_EXP_PC_GDP_ED0,0.63
Spain,ES,ES,2014,EDU_EXP_PC_GDP_ED0,0.62
Spain,ES,ES,2015,EDU_EXP_PC_GDP_ED0,0.61
Spain,ES,ES,2016,EDU_EXP_PC_GDP_ED0,0.59
Spain,ES,ES,2017,EDU_EXP_PC_GDP_ED0,0.58
Spain,ES,ES,2018,EDU_EXP_PC_GDP_ED0,0.59
Spain,ES,ES,2019,EDU_EXP_PC_GDP_ED0,0.59
Spain,ES,ES,2020,EDU_EXP_PC_GDP_ED0,0.68
Spain,ES,ES,2021,EDU_EXP_PC_GDP_ED0,0.66
Spain,ES,ES,2022,EDU_EXP_PC_GDP_ED0,0.62
Finland,FI,FI,2012,EDU_EXP_PC_GDP_ED0,1.13
Finland,FI,FI,2013,EDU_EXP_PC_GDP_ED0,1.11
Finland,FI,FI,2014,EDU_EXP_PC_GDP_ED0,1.11
Finland,FI,FI,2015,EDU_EXP_PC_GDP_ED0,1.11
Finland,FI,FI,2016,EDU_EXP_PC_GDP_ED0,1.1
Finland,FI,FI,2017,EDU_EXP_PC_GDP_ED0,1.03
Finland,FI,FI,2018,EDU_EXP_PC_GDP_ED0,1.08
Finland,FI,FI,2019,EDU_EXP_PC_GDP_ED0,1.13
Finland,FI,FI,2020,EDU_EXP_PC_GDP_ED0,1.15
Finland,FI,FI,2021,EDU_EXP_PC_GDP_ED0,1.14
Finland,FI,FI,2022,EDU_EXP_PC_GDP_ED0,1.15
France,FR,FR,2012,EDU_EXP_PC_GDP_ED0,0.65
France,FR,FR,2013,EDU_EXP_PC_GDP_ED0,0.7
France,FR,FR,2014,EDU_EXP_PC_GDP_ED0,0.7
France,FR,FR,2015,EDU_EXP_PC_GDP_ED0,0.7
France,FR,FR,2016,EDU_EXP_PC_GDP_ED0,0.69
France,FR,FR,2017,EDU_EXP_PC_GDP_ED0,0.7
France,FR,FR,2018,EDU_EXP_PC_GDP_ED0,0.69
France,FR,FR,2019,EDU_EXP_PC_GDP_ED0,0.67
France,FR,FR,2020,EDU_EXP_PC_GDP_ED0,0.7
France,FR,FR,2021,EDU_EXP_PC_GDP_ED0,0.67
France,FR,FR,2022,EDU_EXP_PC_GDP_ED0,0.67
Croatia,HR,HR,2016,EDU_EXP_PC_GDP_ED0,0.51
Croatia,HR,HR,2017,EDU_EXP_PC_GDP_ED0,0.53
Croatia,HR,HR,2018,EDU_EXP_PC_GDP_ED0,0.54
Croatia,HR,HR,2019,EDU_EXP_PC_GDP_ED0,0.56
Croatia,HR,HR,2020,EDU_EXP_PC_GDP_ED0,0.63
Croatia,HR,HR,2021,EDU_EXP_PC_GDP_ED0,0.58
Croatia,HR,HR,2022,EDU_EXP_PC_GDP_ED0,0.56
Hungary,HU,HU,2014,EDU_EXP_PC_GDP_ED0,0.81
Hungary,HU,HU,2015,EDU_EXP_PC_GDP_ED0,0.81
Hungary,HU,HU,2016,EDU_EXP_PC_GDP_ED0,0.79
Hungary,HU,HU,2017,EDU_EXP_PC_GDP_ED0,0.73
Hungary,HU,HU,2018,EDU_EXP_PC_GDP_ED0,0.71
Hungary,HU,HU,2019,EDU_EXP_PC_GDP_ED0,0.7
Hungary,HU,HU,2020,EDU_EXP_PC_GDP_ED0,0.67
Hungary,HU,HU,2021,EDU_EXP_PC_GDP_ED0,0.62
Hungary,HU,HU,2022,EDU_EXP_PC_GDP_ED0,0.59
Ireland,IE,IE,2013,EDU_EXP_PC_GDP_ED0,0.11
Ireland,IE,IE,2014,EDU_EXP_PC_GDP_ED0,0.1
Ireland,IE,IE,2015,EDU_EXP_PC_GDP_ED0,0.07
Ireland,IE,IE,2016,EDU_EXP_PC_GDP_ED0,0.12
Ireland,IE,IE,2017,EDU_EXP_PC_GDP_ED0,0.15
Ireland,IE,IE,2018,EDU_EXP_PC_GDP_ED0,0.16
Ireland,IE,IE,2019,EDU_EXP_PC_GDP_ED0,0.17
Ireland,IE,IE,2020,EDU_EXP_PC_GDP_ED0,0.12
Ireland,IE,IE,2021,EDU_EXP_PC_GDP_ED0,0.14
Ireland,IE,IE,2022,EDU_EXP_PC_GDP_ED0,0.13
Italy,IT,IT,2012,EDU_EXP_PC_GDP_ED0,0.45
Italy,IT,IT,2013,EDU_EXP_PC_GDP_ED0,0.45
Italy,IT,IT,2014,EDU_EXP_PC_GDP_ED0,0.46
Italy,IT,IT,2015,EDU_EXP_PC_GDP_ED0,0.48
Italy,IT,IT,2016,EDU_EXP_PC_GDP_ED0,0.44
Italy,IT,IT,2017,EDU_EXP_PC_GDP_ED0,0.47
Italy,IT,IT,2018,EDU_EXP_PC_GDP_ED0,0.48
Italy,IT,IT,2019,EDU_EXP_PC_GDP_ED0,0.49
Italy,IT,IT,2020,EDU_EXP_PC_GDP_ED0,0.48
Italy,IT,IT,2021,EDU_EXP_PC_GDP_ED0,0.42
Italy,IT,IT,2022,EDU_EXP_PC_GDP_ED0,0.4
Netherlands,NL,NL,2012,EDU_EXP_PC_GDP_ED0,0.41
Netherlands,NL,NL,2013,EDU_EXP_PC_GDP_ED0,0.38
Netherlands,NL,NL,2014,EDU_EXP_PC_GDP_ED0,0.37
Netherlands,NL,NL,2015,EDU_EXP_PC_GDP_ED0,0.36
Netherlands,NL,NL,2016,EDU_EXP_PC_GDP_ED0,0.35
Netherlands,NL,NL,2017,EDU_EXP_PC_GDP_ED0,0.34
Netherlands,NL,NL,2018,EDU_EXP_PC_GDP_ED0,0.35
Netherlands,NL,NL,2019,EDU_EXP_PC_GDP_ED0,0.35
Netherlands,NL,NL,2020,EDU_EXP_PC_GDP_ED0,0.38
Netherlands,NL,NL,2021,EDU_EXP_PC_GDP_ED0,0.38
Netherlands,NL,NL,2022,EDU_EXP_PC_GDP_ED0,0.38
Poland,PL,PL,2012,EDU_EXP_PC_GDP_ED0,0.56
Poland,PL,PL,2013,EDU_EXP_PC_GDP_ED0,0.59
Poland,PL,PL,2014,EDU_EXP_PC_GDP_ED0,0.61
Poland,PL,PL,2015,EDU_EXP_PC_GDP_ED0,0.61
Poland,PL,PL,2016,EDU_EXP_PC_GDP_ED0,0.64
Poland,PL,PL,2017,EDU_EXP_PC_GDP_ED0,0.67
Poland,PL,PL,2018,EDU_EXP_PC_GDP_ED0,0.7
Poland,PL,PL,2019,EDU_EXP_PC_GDP_ED0,0.73
Poland,PL,PL,2020,EDU_EXP_PC_GDP_ED0,0.77
Poland,PL,PL,2021,EDU_EXP_PC_GDP_ED0,0.77
Poland,PL,PL,2022,EDU_EXP_PC_GDP_ED0,0.74
Portugal,PT,PT,2012,EDU_EXP_PC_GDP_ED0,0.39
Portugal,PT,PT,2013,EDU_EXP_PC_GDP_ED0,0.42
Portugal,PT,PT,2014,EDU_EXP_PC_GDP_ED0,0.42
Portugal,PT,PT,2015,EDU_EXP_PC_GDP_ED0,0.39
Romania,RO,RO,2014,EDU_EXP_PC_GDP_ED0,0.36
Romania,RO,RO,2015,EDU_EXP_PC_GDP_ED0,0.36
Romania,RO,RO,2016,EDU_EXP_PC_GDP_ED0,0.33
Romania,RO,RO,2017,EDU_EXP_PC_GDP_ED0,0.34
Romania,RO,RO,2018,EDU_EXP_PC_GDP_ED0,0.36
Romania,RO,RO,2019,EDU_EXP_PC_GDP_ED0,0.41
Romania,RO,RO,2020,EDU_EXP_PC_GDP_ED0,0.41
Romania,RO,RO,2021,EDU_EXP_PC_GDP_ED0,0.39
Romania,RO,RO,2022,EDU_EXP_PC_GDP_ED0,0.39
Sweden,SE,SE,2012,EDU_EXP_PC_GDP_ED0,1.85
Sweden,SE,SE,2013,EDU_EXP_PC_GDP_ED0,1.84
Sweden,SE,SE,2014,EDU_EXP_PC_GDP_ED0,1.84
Sweden,SE,SE,2015,EDU_EXP_PC_GDP_ED0,1.83
Sweden,SE,SE,2016,EDU_EXP_PC_GDP_ED0,1.82
Sweden,SE,SE,2017,EDU_EXP_PC_GDP_ED0,1.72
Sweden,SE,SE,2018,EDU_EXP_PC_GDP_ED0,1.73
Sweden,SE,SE,2019,EDU_EXP_PC_GDP_ED0,1.7
Sweden,SE,SE,2020,EDU_EXP_PC_GDP_ED0,1.73
Sweden,SE,SE,2021,EDU_EXP_PC_GDP_ED0,1.63
Sweden,SE,SE,2022,EDU_EXP_PC_GDP_ED0,1.57
Slovakia,SK,SK,2013,EDU_EXP_PC_GDP_ED0,0.44
Slovakia,SK,SK,2014,EDU_EXP_PC_GDP_ED0,0.49
Slovakia,SK,SK,2015,EDU_EXP_PC_GDP_ED0,0.49
Slovakia,SK,SK,2016,EDU_EXP_PC_GDP_ED0,0.51
Slovakia,SK,SK,2017,EDU_EXP_PC_GDP_ED0,0.53
Slovakia,SK,SK,2018,EDU_EXP_PC_GDP_ED0,0.55
Slovakia,SK,SK,2019,EDU_EXP_PC_GDP_ED0,0.63
Slovakia,SK,SK,2020,EDU_EXP_PC_GDP_ED0,0.66
Slovakia,SK,SK,2021,EDU_EXP_PC_GDP_ED0,0.63
Slovakia,SK,SK,2022,EDU_EXP_PC_GDP_ED0,0.66
Austria,AT,AT,2012,EDU_EXP_PC_GDP_ED01,0.07
Austria,AT,AT,2013,EDU_EXP_PC_GDP_ED01,0.08
Austria,AT,AT,2014,EDU_EXP_PC_GDP_ED01,0.09
Austria,AT,AT,2015,EDU_EXP_PC_GDP_ED01,0.1
Austria,AT,AT,2016,EDU_EXP_PC_GDP_ED01,0.1
Austria,AT,AT,2017,EDU_EXP_PC_GDP_ED01,0.11
Austria,AT,AT,2018,EDU_EXP_PC_GDP_ED01,0.11
Austria,AT,AT,2019,EDU_EXP_PC_GDP_ED01,0.07
Austria,AT,AT,2020,EDU_EXP_PC_GDP_ED01,0.14
Austria,AT,AT,2021,EDU_EXP_PC_GDP_ED01,0.14
Austria,AT,AT,2022,EDU_EXP_PC_GDP_ED01,0.14
Germany,DE,DE,2012,EDU_EXP_PC_GDP_ED01,0.18
Germany,DE,DE,2013,EDU_EXP_PC_GDP_ED01,0.2
Germany,DE,DE,2014,EDU_EXP_PC_GDP_ED01,0.24
Germany,DE,DE,2015,EDU_EXP_PC_GDP_ED01,0.24
Germany,DE,DE,2016,EDU_EXP_PC_GDP_ED01,0.27
Germany,DE,DE,2017,EDU_EXP_PC_GDP_ED01,0.29
Germany,DE,DE,2018,EDU_EXP_PC_GDP_ED01,0.31
Germany,DE,DE,2019,EDU_EXP_PC_GDP_ED01,0.33
Germany,DE,DE,2020,EDU_EXP_PC_GDP_ED01,0.38
Germany,DE,DE,2021,EDU_EXP_PC_GDP_ED01,0.36
Germany,DE,DE,2022,EDU_EXP_PC_GDP_ED01,0.36
Denmark,DK,DK,2012,EDU_EXP_PC_GDP_ED01,0.0
Denmark,DK,DK,2016,EDU_EXP_PC_GDP_ED01,0.51
Denmark,DK,DK,2017,EDU_EXP_PC_GDP_ED01,0.5
Denmark,DK,DK,2018,EDU_EXP_PC_GDP_ED01,0.52
Denmark,DK,DK,2019,EDU_EXP_PC_GDP_ED01,0.51
Denmark,DK,DK,2020,EDU_EXP_PC_GDP_ED01,0.53
Denmark,DK,DK,2021,EDU_EXP_PC_GDP_ED01,0.51
Denmark,DK,DK,2022,EDU_EXP_PC_GDP_ED01,0.48
Spain,ES,ES,2012,EDU_EXP_PC_GDP_ED01,0.15
Spain,ES,ES,2013,EDU_EXP_PC_GDP_ED01,0.14
Spain,ES,ES,2014,EDU_EXP_PC_GDP_ED01,0.14
Spain,ES,ES,2015,EDU_EXP_PC_GDP_ED01,0.14
Spain,ES,ES,2016,EDU_EXP_PC_GDP_ED01,0.13
Spain,ES,ES,2017,EDU_EXP_PC_GDP_ED01,0.13
Spain,ES,ES,2018,EDU_EXP_PC_GDP_ED01,0.15
Spain,ES,ES,2019,EDU_EXP_PC_GDP_ED01,0.16
Spain,ES,ES,2020,EDU_EXP_PC_GDP_ED01,0.18
Spain,ES,ES,2021,EDU_EXP_PC_GDP_ED01,0.17
Spain,ES,ES,2022,EDU_EXP_PC_GDP_ED01,0.17
Finland,FI,FI,2012,EDU_EXP_PC_GDP_ED01,0.35
Finland,FI,FI,2013,EDU_EXP_PC_GDP_ED01,0.34
Finland,FI,FI,2014,EDU_EXP_PC_GDP_ED01,0.34
Finland,FI,FI,2015,EDU_EXP_PC_GDP_ED01,0.34
Finland,FI,FI,2016,EDU_EXP_PC_GDP_ED01,0.34
Finland,FI,FI,2017,EDU_EXP_PC_GDP_ED01,0.32
Finland,FI,FI,2018,EDU_EXP_PC_GDP_ED01,0.34
Finland,FI,FI,2019,EDU_EXP_PC_GDP_ED01,0.36
Finland,FI,FI,2020,EDU_EXP_PC_GDP_ED01,0.37
Finland,FI,FI,2021,EDU_EXP_PC_GDP_ED01,0.37
Finland,FI,FI,2022,EDU_EXP_PC_GDP_ED01,0.41
Hungary,HU,HU,2015,EDU_EXP_PC_GDP_ED01,0.04
Hungary,HU,HU,2016,EDU_EXP_PC_GDP_ED01,0.04
Hungary,HU,HU,2017,EDU_EXP_PC_GDP_ED01,0.04
Hungary,HU,HU,2018,EDU_EXP_PC_GDP_ED01,0.03
Hungary,HU,HU,2019,EDU_EXP_PC_GDP_ED01,0.03
Hungary,HU,HU,2020,EDU_EXP_PC_GDP_ED01,0.03
Hungary,HU,HU,2021,EDU_EXP_PC_GDP_ED01,0.03
Hungary,HU,HU,2022,EDU_EXP_PC_GDP_ED01,0.03
Romania,RO,RO,2014,EDU_EXP_PC_GDP_ED01,0.02
Romania,RO,RO,2015,EDU_EXP_PC_GDP_ED01,0.02
Romania,RO,RO,2016,EDU_EXP_PC_GDP_ED01,0.03
Romania,RO,RO,2017,EDU_EXP_PC_GDP_ED01,0.03
Romania,RO,RO,2018,EDU_EXP_PC_GDP_ED01,0.03
Romania,RO,RO,2019,EDU_EXP_PC_GDP_ED01,0.03
Romania,RO,RO,2020,EDU_EXP_PC_GDP_ED01,0.04
Romania,RO,RO,2021,EDU_EXP_PC_GDP_ED01,0.04
Romania,RO,RO,2022,EDU_EXP_PC_GDP_ED01,0.04
Sweden,SE,SE,2012,EDU_EXP_PC_GDP_ED01,0.56
Sweden,SE,SE,2013,EDU_EXP_PC_GDP_ED01,0.54
Sweden,SE,SE,2014,EDU_EXP_PC_GDP_ED01,0.54
Sweden,SE,SE,2015,EDU_EXP_PC_GDP_ED01,0.54
Sweden,SE,SE,2016,EDU_EXP_PC_GDP_ED01,0.54
Sweden,SE,SE,2017,EDU_EXP_PC_GDP_ED01,0.51
Sweden,SE,SE,2018,EDU_EXP_PC_GDP_ED01,0.51
Sweden,SE,SE,2019,EDU_EXP_PC_GDP_ED01,0.58
Sweden,SE,SE,2020,EDU_EXP_PC_GDP_ED01,0.58
Sweden,SE,SE,2021,EDU_EXP_PC_GDP_ED01,0.55
Sweden,SE,SE,2022,EDU_EXP_PC_GDP_ED01,0.52
Austria,AT,AT,2012,EDU_EXP_PC_GDP_ED02,0.47
Austria,AT,AT,2013,EDU_EXP_PC_GDP_ED02,0.47
Austria,AT,AT,2014,EDU_EXP_PC_GDP_ED02,0.48
Austria,AT,AT,2015,EDU_EXP_PC_GDP_ED02,0.49
Austria,AT,AT,2016,EDU_EXP_PC_GDP_ED02,0.5
Austria,AT,AT,2017,EDU_EXP_PC_GDP_ED02,0.51
Austria,AT,AT,2018,EDU_EXP_PC_GDP_ED02,0.49
Austria,AT,AT,2019,EDU_EXP_PC_GDP_ED02,0.36
Austria,AT,AT,2020,EDU_EXP_PC_GDP_ED02,0.55
Austria,AT,AT,2021,EDU_EXP_PC_GDP_ED02,0.54
Austria,AT,AT,2022,EDU_EXP_PC_GDP_ED02,0.54
Belgium,BE,BE,2012,EDU_EXP_PC_GDP_ED02,0.68
Belgium,BE,BE,2013,EDU_EXP_PC_GDP_ED02,0.71
Belgium,BE,BE,2014,EDU_EXP_PC_GDP_ED02,0.7
Belgium,BE,BE,2015,EDU_EXP_PC_GDP_ED02,0.7
Belgium,BE,BE,2016,EDU_EXP_PC_GDP_ED02,0.7
Belgium,BE,BE,2017,EDU_EXP_PC_GDP_ED02,0.68
Belgium,BE,BE,2018,EDU_EXP_PC_GDP_ED02,0.69
Belgium,BE,BE,2019,EDU_EXP_PC_GDP_ED02,0.68
Belgium,BE,BE,2020,EDU_EXP_PC_GDP_ED02,0.72
Belgium,BE,BE,2021,EDU_EXP_PC_GDP_ED02,0.69
Belgium,BE,BE,2022,EDU_EXP_PC_GDP_ED02,0.69
Bulgaria,BG,BG,2012,EDU_EXP_PC_GDP_ED02,0.85
Bulgaria,BG,BG,2013,EDU_EXP_PC_GDP_ED02,1.03
Bulgaria,BG,BG,2014,EDU_EXP_PC_GDP_ED02,1.04
Bulgaria,BG,BG,2015,EDU_EXP_PC_GDP_ED02,0.96
Bulgaria,BG,BG,2016,EDU_EXP_PC_GDP_ED02,0.94
Bulgaria,BG,BG,2017,EDU_EXP_PC_GDP_ED02,0.93
Bulgaria,BG,BG,2018,EDU_EXP_PC_GDP_ED02,0.92
Bulgaria,BG,BG,2019,EDU_EXP_PC_GDP_ED02,0.94
Bulgaria,BG,BG,2020,EDU_EXP_PC_GDP_ED02,0.97
Bulgaria,BG,BG,2021,EDU_EXP_PC_GDP_ED02,1.03
Bulgaria,BG,BG,2022,EDU_EXP_PC_GDP_ED02,1.06
Czechia,CZ,CZ,2012,EDU_EXP_PC_GDP_ED02,0.54
Czechia,CZ,CZ,2013,EDU_EXP_PC_GDP_ED02,0.54
Czechia,CZ,CZ,2014,EDU_EXP_PC_GDP_ED02,0.55
Czechia,CZ,CZ,2015,EDU_EXP_PC_GDP_ED02,0.52
Czechia,CZ,CZ,2016,EDU_EXP_PC_GDP_ED02,0.49
Czechia,CZ,CZ,2017,EDU_EXP_PC_GDP_ED02,0.52
Czechia,CZ,CZ,2018,EDU_EXP_PC_GDP_ED02,0.55
Czechia,CZ,CZ,2019,EDU_EXP_PC_GDP_ED02,0.58
Czechia,CZ,CZ,2020,EDU_EXP_PC_GDP_ED02,0.62
Czechia,CZ,CZ,2021,EDU_EXP_PC_GDP_ED02,0.62
Czechia,CZ,CZ,2022,EDU_EXP_PC_GDP_ED02,0.59
Germany,DE,DE,2012,EDU_EXP_PC_GDP_ED02,0.43
Germany,DE,DE,2013,EDU_EXP_PC_GDP_ED02,0.44
Germany,DE,DE,2014,EDU_EXP_PC_GDP_ED02,0.44
Germany,DE,DE,2015,EDU_EXP_PC_GDP_ED02,0.46
Germany,DE,DE,2016,EDU_EXP_PC_GDP_ED02,0.47
Germany,DE,DE,2017,EDU_EXP_PC_GDP_ED02,0.49
Germany,DE,DE,2018,EDU_EXP_PC_GDP_ED02,0.51
Germany,DE,DE,2019,EDU_EXP_PC_GDP_ED02,0.55
Germany,DE,DE,2020,EDU_EXP_PC_GDP_ED02,0.64
Germany,DE,DE,2021,EDU_EXP_PC_GDP_ED02,0.68
Germany,DE,DE,2022,EDU_EXP_PC_GDP_ED02,0.66
Denmark,DK,DK,2012,EDU_EXP_PC_GDP_ED02,1.25
Denmark,DK,DK,2016,EDU_EXP_PC_GDP_ED02,0.43
Denmark,DK,DK,2017,EDU_EXP_PC_GDP_ED02,0.43
Denmark,DK,DK,2018,EDU_EXP_PC_GDP_ED02,0.43
Denmark,DK,DK,2019,EDU_EXP_PC_GDP_ED02,0.44
Denmark,DK,DK,2020,EDU_EXP_PC_GDP_ED02,0.47
Denmark,DK,DK,2021,EDU_EXP_PC_GDP_ED02,0.47
Denmark,DK,DK,2022,EDU_EXP_PC_GDP_ED02,0.41
Greece,EL,EL,2012,EDU_EXP_PC_GDP_ED02,0.24
Greece,EL,EL,2013,EDU_EXP_PC_GDP_ED02,0.25
Greece,EL,EL,2014,EDU_EXP_PC_GDP_ED02,0.27
Greece,EL,EL,2015,EDU_EXP_PC_GDP_ED02,0.26
Greece,EL,EL,2016,EDU_EXP_PC_GDP_ED02,0.27
Greece,EL,EL,2017,EDU_EXP_PC_GDP_ED02,0.25
Greece,EL,EL,2018,EDU_EXP_PC_GDP_ED02,0.26
Greece,EL,EL,2019,EDU_EXP_PC_GDP_ED02,0.27
Greece,EL,EL,2022,EDU_EXP_PC_GDP_ED02,0.28
Spain,ES,ES,2012,EDU_EXP_PC_GDP_ED02,0.5
Spain,ES,ES,2013,EDU_EXP_PC_GDP_ED02,0.48
Spain,ES,ES,2014,EDU_EXP_PC_GDP_ED02,0.48
Spain,ES,ES,2015,EDU_EXP_PC_GDP_ED02,0.47
Spain,ES,ES,2016,EDU_EXP_PC_GDP_ED02,0.46
Spain,ES,ES,2017,EDU_EXP_PC_GDP_ED02,0.44
Spain,ES,ES,2018,EDU_EXP_PC_GDP_ED02,0.44
Spain,ES,ES,2019,EDU_EXP_PC_GDP_ED02,0.43
Spain,ES,ES,2020,EDU_EXP_PC_GDP_ED02,0.5
Spain,ES,ES,2021,EDU_EXP_PC_GDP_ED02,0.48
Spain,ES,ES,2022,EDU_EXP_PC_GDP_ED02,0.45
Finland,FI,FI,2012,EDU_EXP_PC_GDP_ED02,0.78
Finland,FI,FI,2013,EDU_EXP_PC_GDP_ED02,0.77
Finland,FI,FI,2014,EDU_EXP_PC_GDP_ED02,0.77
Finland,FI,FI,2015,EDU_EXP_PC_GDP_ED02,0.77
Finland,FI,FI,2016,EDU_EXP_PC_GDP_ED02,0.75
Finland,FI,FI,2017,EDU_EXP_PC_GDP_ED02,0.71
Finland,FI,FI,2018,EDU_EXP_PC_GDP_ED02,0.74
Finland,FI,FI,2019,EDU_EXP_PC_GDP_ED02,0.77
Finland,FI,FI,2020,EDU_EXP_PC_GDP_ED02,0.78
Finland,FI,FI,2021,EDU_EXP_PC_GDP_ED02,0.77
Finland,FI,FI,2022,EDU_EXP_PC_GDP_ED02,0.73
France,FR,FR,2012,EDU_EXP_PC_GDP_ED02,0.65
France,FR,FR,2013,EDU_EXP_PC_GDP_ED02,0.7
France,FR,FR,2014,EDU_EXP_PC_GDP_ED02,0.7
France,FR,FR,2015,EDU_EXP_PC_GDP_ED02,0.7
France,FR,FR,2016,EDU_EXP_PC_GDP_ED02,0.69
France,FR,FR,2017,EDU_EXP_PC_GDP_ED02,0.7
France,FR,FR,2018,EDU_EXP_PC_GDP_ED02,0.69
France,FR,FR,2019,EDU_EXP_PC_GDP_ED02,0.67
France,FR,FR,2020,EDU_EXP_PC_GDP_ED02,0.7
France,FR,FR,2021,EDU_EXP_PC_GDP_ED02,0.67
France,FR,FR,2022,EDU_EXP_PC_GDP_ED02,0.67
Hungary,HU,HU,2012,EDU_EXP_PC_GDP_ED02,0.65
Hungary,HU,HU,2013,EDU_EXP_PC_GDP_ED02,0.65
Hungary,HU,HU,2015,EDU_EXP_PC_GDP_ED02,0.78
Hungary,HU,HU,2016,EDU_EXP_PC_GDP_ED02,0.75
Hungary,HU,HU,2017,EDU_EXP_PC_GDP_ED02,0.7
Hungary,HU,HU,2018,EDU_EXP_PC_GDP_ED02,0.67
Hungary,HU,HU,2019,EDU_EXP_PC_GDP_ED02,0.67
Hungary,HU,HU,2020,EDU_EXP_PC_GDP_ED02,0.65
Hungary,HU,HU,2021,EDU_EXP_PC_GDP_ED02,0.6
Hungary,HU,HU,2022,EDU_EXP_PC_GDP_ED02,0.56
Ireland,IE,IE,2012,EDU_EXP_PC_GDP_ED02,0.11
Ireland,IE,IE,2013,EDU_EXP_PC_GDP_ED02,0.11
Ireland,IE,IE,2014,EDU_EXP_PC_GDP_ED02,0.1
Ireland,IE,IE,2015,EDU_EXP_PC_GDP_ED02,0.07
Italy,IT,IT,2012,EDU_EXP_PC_GDP_ED02,0.45
Italy,IT,IT,2013,EDU_EXP_PC_GDP_ED02,0.45
Italy,IT,IT,2014,EDU_EXP_PC_GDP_ED02,0.46
Italy,IT,IT,2015,EDU_EXP_PC_GDP_ED02,0.48
Italy,IT,IT,2016,EDU_EXP_PC_GDP_ED02,0.44
Italy,IT,IT,2017,EDU_EXP_PC_GDP_ED02,0.47
Italy,IT,IT,2018,EDU_EXP_PC_GDP_ED02,0.48
Italy,IT,IT,2019,EDU_EXP_PC_GDP_ED02,0.49
Italy,IT,IT,2020,EDU_EXP_PC_GDP_ED02,0.48
Italy,IT,IT,2021,EDU_EXP_PC_GDP_ED02,0.42
Italy,IT,IT,2022,EDU_EXP_PC_GDP_ED02,0.4
Netherlands,NL,NL,2012,EDU_EXP_PC_GDP_ED02,0.41
Netherlands,NL,NL,2013,EDU_EXP_PC_GDP_ED02,0.38
Netherlands,NL,NL,2014,EDU_EXP_PC_GDP_ED02,0.37
Netherlands,NL,NL,2015,EDU_EXP_PC_GDP_ED02,0.36
Netherlands,NL,NL,2016,EDU_EXP_PC_GDP_ED02,0.35
Netherlands,NL,NL,2017,EDU_EXP_PC_GDP_ED02,0.34
Netherlands,NL,NL,2018,EDU_EXP_PC_GDP_ED02,0.35
Netherlands,NL,NL,2019,EDU_EXP_PC_GDP_ED02,0.35
Netherlands,NL,NL,2020,EDU_EXP_PC_GDP_ED02,0.38
Netherlands,NL,NL,2021,EDU_EXP_PC_GDP_ED02,0.38
Netherlands,NL,NL,2022,EDU_EXP_PC_GDP_ED02,0.38
Poland,PL,PL,2012,EDU_EXP_PC_GDP_ED02,0.56
Poland,PL,PL,2013,EDU_EXP_PC_GDP_ED02,0.59
Poland,PL,PL,2014,EDU_EXP_PC_GDP_ED02,0.61
Poland,PL,PL,2015,EDU_EXP_PC_GDP_ED02,0.61
Poland,PL,PL,2016,EDU_EXP_PC_GDP_ED02,0.64
Poland,PL,PL,2017,EDU_EXP_PC_GDP_ED02,0.67
Poland,PL,PL,2018,EDU_EXP_PC_GDP_ED02,0.7
Poland,PL,PL,2019,EDU_EXP_PC_GDP_ED02,0.73
Poland,PL,PL,2020,EDU_EXP_PC_GDP_ED02,0.77
Poland,PL,PL,2021,EDU_EXP_PC_GDP_ED02,0.77
Poland,PL,PL,2022,EDU_EXP_PC_GDP_ED02,0.74
Portugal,PT,PT,2012,EDU_EXP_PC_GDP_ED02,0.39
Portugal,PT,PT,2013,EDU_EXP_PC_GDP_ED02,0.42
Portugal,PT,PT,2014,EDU_EXP_PC_GDP_ED02,0.42
Portugal,PT,PT,2015,EDU_EXP_PC_GDP_ED02,0.39
Portugal,PT,PT,2016,EDU_EXP_PC_GDP_ED02,0.38
Portugal,PT,PT,2017,EDU_EXP_PC_GDP_ED02,0.4
Portugal,PT,PT,2018,EDU_EXP_PC_GDP_ED02,0.36
Portugal,PT,PT,2019,EDU_EXP_PC_GDP_ED02,0.35
Portugal,PT,PT,2020,EDU_EXP_PC_GDP_ED02,0.38
Portugal,PT,PT,2021,EDU_EXP_PC_GDP_ED02,0.4
Portugal,PT,PT,2022,EDU_EXP_PC_GDP_ED02,0.37
Romania,RO,RO,2012,EDU_EXP_PC_GDP_ED02,0.29
Romania,RO,RO,2013,EDU_EXP_PC_GDP_ED02,0.3
Romania,RO,RO,2014,EDU_EXP_PC_GDP_ED02,0.34
Romania,RO,RO,2015,EDU_EXP_PC_GDP_ED02,0.33
Romania,RO,RO,2016,EDU_EXP_PC_GDP_ED02,0.31
Romania,RO,RO,2017,EDU_EXP_PC_GDP_ED02,0.31
Romania,RO,RO,2018,EDU_EXP_PC_GDP_ED02,0.33
Romania,RO,RO,2019,EDU_EXP_PC_GDP_ED02,0.37
Romania,RO,RO,2020,EDU_EXP_PC_GDP_ED02,0.38
Romania,RO,RO,2021,EDU_EXP_PC_GDP_ED02,0.35
Romania,RO,RO,2022,EDU_EXP_PC_GDP_ED02,0.35
Sweden,SE,SE,2012,EDU_EXP_PC_GDP_ED02,1.29
Sweden,SE,SE,2013,EDU_EXP_PC_GDP_ED02,1.29
Sweden,SE,SE,2014,EDU_EXP_PC_GDP_ED02,1.3
Sweden,SE,SE,2015,EDU_EXP_PC_GDP_ED02,1.29
Sweden,SE,SE,2016,EDU_EXP_PC_GDP_ED02,1.28
Sweden,SE,SE,2017,EDU_EXP_PC_GDP_ED02,1.21
Sweden,SE,SE,2018,EDU_EXP_PC_GDP_ED02,1.21
Sweden,SE,SE,2019,EDU_EXP_PC_GDP_ED02,1.12
Sweden,SE,SE,2020,EDU_EXP_PC_GDP_ED02,1.15
Sweden,SE,SE,2021,EDU_EXP_PC_GDP_ED02,1.08
Sweden,SE,SE,2022,EDU_EXP_PC_GDP_ED02,1.05
Slovakia,SK,SK,2013,EDU_EXP_PC_GDP_ED02,0.44
Slovakia,SK,SK,2014,EDU_EXP_PC_GDP_ED02,0.49
Slovakia,SK,SK,2015,EDU_EXP_PC_GDP_ED02,0.49
Slovakia,SK,SK,2016,EDU_EXP_PC_GDP_ED02,0.51
Slovakia,SK,SK,2017,EDU_EXP_PC_GDP_ED02,0.53
Slovakia,SK,SK,2018,EDU_EXP_PC_GDP_ED02,0.55
Slovakia,SK,SK,2019,EDU_EXP_PC_GDP_ED02,0.63
Slovakia,SK,SK,2020,EDU_EXP_PC_GDP_ED02,0.66
Slovakia,SK,SK,2021,EDU_EXP_PC_GDP_ED02,0.63
Slovakia,SK,SK,2022,EDU_EXP_PC_GDP_ED02,0.66
Austria,AT,AT,2012,EDU_EXP_PC_GDP_ED02-8,5.62
Austria,AT,AT,2013,EDU_EXP_PC_GDP_ED02-8,5.49
Austria,AT,AT,2014,EDU_EXP_PC_GDP_ED02-8,5.4
Austria,AT,AT,2015,EDU_EXP_PC_GDP_ED02-8,5.43
Austria,AT,AT,2016,EDU_EXP_PC_GDP_ED02-8,5.38
Austria,AT,AT,2017,EDU_EXP_PC_GDP_ED02-8,5.25
Austria,AT,AT,2018,EDU_EXP_PC_GDP_ED02-8,5.11
Austria,AT,AT,2019,EDU_EXP_PC_GDP_ED02-8,4.71
Austria,AT,AT,2020,EDU_EXP_PC_GDP_ED02-8,5.43
Austria,AT,AT,2021,EDU_EXP_PC_GDP_ED02-8,5.36
Austria,AT,AT,2022,EDU_EXP_PC_GDP_ED02-8,5.13
Belgium,BE,BE,2012,EDU_EXP_PC_GDP_ED02-8,6.43
Belgium,BE,BE,2013,EDU_EXP_PC_GDP_ED02-8,6.56
Belgium,BE,BE,2014,EDU_EXP_PC_GDP_ED02-8,6.49
Belgium,BE,BE,2015,EDU_EXP_PC_GDP_ED02-8,6.43
Belgium,BE,BE,2016,EDU_EXP_PC_GDP_ED02-8,6.33
Belgium,BE,BE,2017,EDU_EXP_PC_GDP_ED02-8,6.3
Belgium,BE,BE,2018,EDU_EXP_PC_GDP_ED02-8,6.29
Belgium,BE,BE,2019,EDU_EXP_PC_GDP_ED02-8,6.21
Belgium,BE,BE,2020,EDU_EXP_PC_GDP_ED02-8,6.71
Belgium,BE,BE,2021,EDU_EXP_PC_GDP_ED02-8,6.26
Belgium,BE,BE,2022,EDU_EXP_PC_GDP_ED02-8,6.18
Bulgaria,BG,BG,2012,EDU_EXP_PC_GDP_ED02-8,3.48
Bulgaria,BG,BG,2013,EDU_EXP_PC_GDP_ED02-8,4.06
Bulgaria,BG,BG,2014,EDU_EXP_PC_GDP_ED02-8,4.19
Bulgaria,BG,BG,2015,EDU_EXP_PC_GDP_ED02-8,3.88
Bulgaria,BG,BG,2016,EDU_EXP_PC_GDP_ED02-8,3.81
Bulgaria,BG,BG,2017,EDU_EXP_PC_GDP_ED02-8,4.08
Bulgaria,BG,BG,2018,EDU_EXP_PC_GDP_ED02-8,4.06
Bulgaria,BG,BG,2019,EDU_EXP_PC_GDP_ED02-8,4.22
Bulgaria,BG,BG,2020,EDU_EXP_PC_GDP_ED02-8,4.49
Bulgaria,BG,BG,2021,EDU_EXP_PC_GDP_ED02-8,4.71
Bulgaria,BG,BG,2022,EDU_EXP_PC_GDP_ED02-8,4.5
Czechia,CZ,CZ,2012,EDU_EXP_PC_GDP_ED02-8,4.33
Czechia,CZ,CZ,2013,EDU_EXP_PC_GDP_ED02-8,3.95
Czechia,CZ,CZ,2014,EDU_EXP_PC_GDP_ED02-8,3.84
Czechia,CZ,CZ,2015,EDU_EXP_PC_GDP_ED02-8,3.79
Czechia,CZ,CZ,2016,EDU_EXP_PC_GDP_ED02-8,3.54
Czechia,CZ,CZ,2017,EDU_EXP_PC_GDP_ED02-8,3.73
Czechia,CZ,CZ,2018,EDU_EXP_PC_GDP_ED02-8,4.23
Czechia,CZ,CZ,2019,EDU_EXP_PC_GDP_ED02-8,4.5
Czechia,CZ,CZ,2020,EDU_EXP_PC_GDP_ED02-8,4.67
Czechia,CZ,CZ,2021,EDU_EXP_PC_GDP_ED02-8,4.57
Czechia,CZ,CZ,2022,EDU_EXP_PC_GDP_ED02-8,4.29
Germany,DE,DE,2012,EDU_EXP_PC_GDP_ED02-8,4.64
Germany,DE,DE,2013,EDU_EXP_PC_GDP_ED02-8,4.61
Germany,DE,DE,2014,EDU_EXP_PC_GDP_ED02-8,4.57
Germany,DE,DE,2015,EDU_EXP_PC_GDP_ED02-8,4.52
Germany,DE,DE,2016,EDU_EXP_PC_GDP_ED02-8,4.5
Germany,DE,DE,2017,EDU_EXP_PC_GDP_ED02-8,4.51
Germany,DE,DE,2018,EDU_EXP_PC_GDP_ED02-8,4.58
Germany,DE,DE,2019,EDU_EXP_PC_GDP_ED02-8,4.7
Germany,DE,DE,2020,EDU_EXP_PC_GDP_ED02-8,5.12
Germany,DE,DE,2021,EDU_EXP_PC_GDP_ED02-8,5.01
Germany,DE,DE,2022,EDU_EXP_PC_GDP_ED02-8,4.79
Denmark,DK,DK,2016,EDU_EXP_PC_GDP_ED02-8,7.19
Denmark,DK,DK,2017,EDU_EXP_PC_GDP_ED02-8,6.85
Denmark,DK,DK,2018,EDU_EXP_PC_GDP_ED02-8,6.77
Denmark,DK,DK,2019,EDU_EXP_PC_GDP_ED02-8,6.74
Denmark,DK,DK,2020,EDU_EXP_PC_GDP_ED02-8,6.85
Denmark,DK,DK,2021,EDU_EXP_PC_GDP_ED02-8,6.44
Denmark,DK,DK,2022,EDU_EXP_PC_GDP_ED02-8,5.87
Greece,EL,EL,2012,EDU_EXP_PC_GDP_ED02-8,3.64
Greece,EL,EL,2013,EDU_EXP_PC_GDP_ED02-8,3.58
Greece,EL,EL,2014,EDU_EXP_PC_GDP_ED02-8,3.62
Greece,EL,EL,2015,EDU_EXP_PC_GDP_ED02-8,3.68
Greece,EL,EL,2017,EDU_EXP_PC_GDP_ED02-8,3.41
Greece,EL,EL,2018,EDU_EXP_PC_GDP_ED02-8,3.6
Greece,EL,EL,2019,EDU_EXP_PC_GDP_ED02-8,3.59
Greece,EL,EL,2022,EDU_EXP_PC_GDP_ED02-8,3.38
Spain,ES,ES,2012,EDU_EXP_PC_GDP_ED02-8,4.34
Spain,ES,ES,2013,EDU_EXP_PC_GDP_ED02-8,4.18
Spain,ES,ES,2014,EDU_EXP_PC_GDP_ED02-8,4.15
Spain,ES,ES,2015,EDU_EXP_PC_GDP_ED02-8,4.16
Spain,ES,ES,2016,EDU_EXP_PC_GDP_ED02-8,4.1
Spain,ES,ES,2017,EDU_EXP_PC_GDP_ED02-8,4.07
Spain,ES,ES,2018,EDU_EXP_PC_GDP_ED02-8,4.03
Spain,ES,ES,2019,EDU_EXP_PC_GDP_ED02-8,4.08
Spain,ES,ES,2020,EDU_EXP_PC_GDP_ED02-8,4.72
Spain,ES,ES,2021,EDU_EXP_PC_GDP_ED02-8,4.69
Spain,ES,ES,2022,EDU_EXP_PC_GDP_ED02-8,4.42
Finland,FI,FI,2014,EDU_EXP_PC_GDP_ED02-8,6.81
Finland,FI,FI,2015,EDU_EXP_PC_GDP_ED02-8,6.75
Finland,FI,FI,2016,EDU_EXP_PC_GDP_ED02-8,6.51
Finland,FI,FI,2017,EDU_EXP_PC_GDP_ED02-8,6.06
Finland,FI,FI,2018,EDU_EXP_PC_GDP_ED02-8,5.94
Finland,FI,FI,2019,EDU_EXP_PC_GDP_ED02-8,6.06
Finland,FI,FI,2020,EDU_EXP_PC_GDP_ED02-8,6.27
Finland,FI,FI,2021,EDU_EXP_PC_GDP_ED02-8,6.16
Finland,FI,FI,2022,EDU_EXP_PC_GDP_ED02-8,5.96
France,FR,FR,2012,EDU_EXP_PC_GDP_ED02-8,5.46
France,FR,FR,2013,EDU_EXP_PC_GDP_ED02-8,5.51
France,FR,FR,2014,EDU_EXP_PC_GDP_ED02-8,5.52
France,FR,FR,2015,EDU_EXP_PC_GDP_ED02-8,5.47
France,FR,FR,2016,EDU_EXP_PC_GDP_ED02-8,5.42
France,FR,FR,2017,EDU_EXP_PC_GDP_ED02-8,5.45
France,FR,FR,2018,EDU_EXP_PC_GDP_ED02-8,5.41
France,FR,FR,2019,EDU_EXP_PC_GDP_ED02-8,5.35
France,FR,FR,2020,EDU_EXP_PC_GDP_ED02-8,5.66
France,FR,FR,2021,EDU_EXP_PC_GDP_ED02-8,5.42
France,FR,FR,2022,EDU_EXP_PC_GDP_ED02-8,5.33
Croatia,HR,HR,2016,EDU_EXP_PC_GDP_ED02-8,3.25
Croatia,HR,HR,2017,EDU_EXP_PC_GDP_ED02-8,3.3
Croatia,HR,HR,2018,EDU_EXP_PC_GDP_ED02-8,3.34
Croatia,HR,HR,2019,EDU_EXP_PC_GDP_ED02-8,3.35
Croatia,HR,HR,2020,EDU_EXP_PC_GDP_ED02-8,3.8
Croatia,HR,HR,2021,EDU_EXP_PC_GDP_ED02-8,3.48
Croatia,HR,HR,2022,EDU_EXP_PC_GDP_ED02-8,3.05
Hungary,HU,HU,2012,EDU_EXP_PC_GDP_ED02-8,4.07
Hungary,HU,HU,2013,EDU_EXP_PC_GDP_ED02-8,3.98
Hungary,HU,HU,2015,EDU_EXP_PC_GDP_ED02-8,4.26
Hungary,HU,HU,2016,EDU_EXP_PC_GDP_ED02-8,4.37
Hungary,HU,HU,2017,EDU_EXP_PC_GDP_ED02-8,4.18
Hungary,HU,HU,2018,EDU_EXP_PC_GDP_ED02-8,4.07
Hungary,HU,HU,2019,EDU_EXP_PC_GDP_ED02-8,3.9
Hungary,HU,HU,2020,EDU_EXP_PC_GDP_ED02-8,3.83
Hungary,HU,HU,2021,EDU_EXP_PC_GDP_ED02-8,4.17
Hungary,HU,HU,2022,EDU_EXP_PC_GDP_ED02-8,3.39
Ireland,IE,IE,2012,EDU_EXP_PC_GDP_ED02-8,6.16
Ireland,IE,IE,2013,EDU_EXP_PC_GDP_ED02-8,5.32
Ireland,IE,IE,2014,EDU_EXP_PC_GDP_ED02-8,4.92
Ireland,IE,IE,2015,EDU_EXP_PC_GDP_ED02-8,3.77
Italy,IT,IT,2012,EDU_EXP_PC_GDP_ED02-8,4.08
Italy,IT,IT,2013,EDU_EXP_PC_GDP_ED02-8,4.16
Italy,IT,IT,2014,EDU_EXP_PC_GDP_ED02-8,4.08
Italy,IT,IT,2015,EDU_EXP_PC_GDP_ED02-8,4.1
Italy,IT,IT,2016,EDU_EXP_PC_GDP_ED02-8,3.82
Italy,IT,IT,2017,EDU_EXP_PC_GDP_ED02-8,4.04
Italy,IT,IT,2018,EDU_EXP_PC_GDP_ED02-8,4.26
Italy,IT,IT,2019,EDU_EXP_PC_GDP_ED02-8,4.1
Italy,IT,IT,2020,EDU_EXP_PC_GDP_ED02-8,4.44
Italy,IT,IT,2021,EDU_EXP_PC_GDP_ED02-8,4.22
Italy,IT,IT,2022,EDU_EXP_PC_GDP_ED02-8,4.07
Netherlands,NL,NL,2012,EDU_EXP_PC_GDP_ED02-8,5.89
Netherlands,NL,NL,2013,EDU_EXP_PC_GDP_ED02-8,5.59
Netherlands,NL,NL,2014,EDU_EXP_PC_GDP_ED02-8,5.53
Netherlands,NL,NL,2015,EDU_EXP_PC_GDP_ED02-8,5.4
Netherlands,NL,NL,2016,EDU_EXP_PC_GDP_ED02-8,5.48
Netherlands,NL,NL,2017,EDU_EXP_PC_GDP_ED02-8,5.18
Netherlands,NL,NL,2018,EDU_EXP_PC_GDP_ED02-8,5.36
Netherlands,NL,NL,2019,EDU_EXP_PC_GDP_ED02-8,5.16
Netherlands,NL,NL,2020,EDU_EXP_PC_GDP_ED02-8,5.42
Netherlands,NL,NL,2021,EDU_EXP_PC_GDP_ED02-8,5.51
Netherlands,NL,NL,2022,EDU_EXP_PC_GDP_ED02-8,5.18
Poland,PL,PL,2012,EDU_EXP_PC_GDP_ED02-8,4.91
Poland,PL,PL,2013,EDU_EXP_PC_GDP_ED02-8,4.94
Poland,PL,PL,2014,EDU_EXP_PC_GDP_ED02-8,4.91
Poland,PL,PL,2015,EDU_EXP_PC_GDP_ED02-8,4.81
Poland,PL,PL,2016,EDU_EXP_PC_GDP_ED02-8,4.63
Poland,PL,PL,2017,EDU_EXP_PC_GDP_ED02-8,4.56
Poland,PL,PL,2018,EDU_EXP_PC_GDP_ED02-8,4.62
Poland,PL,PL,2019,EDU_EXP_PC_GDP_ED02-8,4.67
Poland,PL,PL,2020,EDU_EXP_PC_GDP_ED02-8,4.85
Poland,PL,PL,2021,EDU_EXP_PC_GDP_ED02-8,4.67
Poland,PL,PL,2022,EDU_EXP_PC_GDP_ED02-8,4.31
Portugal,PT,PT,2013,EDU_EXP_PC_GDP_ED02-8,5.2
Portugal,PT,PT,2014,EDU_EXP_PC_GDP_ED02-8,5.04
Portugal,PT,PT,2015,EDU_EXP_PC_GDP_ED02-8,4.79
Portugal,PT,PT,2016,EDU_EXP_PC_GDP_ED02-8,4.69
Portugal,PT,PT,2017,EDU_EXP_PC_GDP_ED02-8,4.9
Portugal,PT,PT,2018,EDU_EXP_PC_GDP_ED02-8,4.59
Portugal,PT,PT,2019,EDU_EXP_PC_GDP_ED02-8,4.61
Portugal,PT,PT,2020,EDU_EXP_PC_GDP_ED02-8,4.85
Portugal,PT,PT,2021,EDU_EXP_PC_GDP_ED02-8,4.77
Portugal,PT,PT,2022,EDU_EXP_PC_GDP_ED02-8,4.53
Romania,RO,RO,2012,EDU_EXP_PC_GDP_ED02-8,2.64
Romania,RO,RO,2013,EDU_EXP_PC_GDP_ED02-8,2.67
Romania,RO,RO,2014,EDU_EXP_PC_GDP_ED02-8,2.75
Romania,RO,RO,2015,EDU_EXP_PC_GDP_ED02-8,2.72
Romania,RO,RO,2016,EDU_EXP_PC_GDP_ED02-8,2.58
Romania,RO,RO,2017,EDU_EXP_PC_GDP_ED02-8,2.69
Romania,RO,RO,2018,EDU_EXP_PC_GDP_ED02-8,2.82
Romania,RO,RO,2019,EDU_EXP_PC_GDP_ED02-8,3.16
Romania,RO,RO,2020,EDU_EXP_PC_GDP_ED02-8,3.14
Romania,RO,RO,2021,EDU_EXP_PC_GDP_ED02-8,2.93
Romania,RO,RO,2022,EDU_EXP_PC_GDP_ED02-8,2.89
Sweden,SE,SE,2012,EDU_EXP_PC_GDP_ED02-8,7.38
Sweden,SE,SE,2013,EDU_EXP_PC_GDP_ED02-8,7.17
Sweden,SE,SE,2014,EDU_EXP_PC_GDP_ED02-8,7.14
Sweden,SE,SE,2015,EDU_EXP_PC_GDP_ED02-8,7.05
Sweden,SE,SE,2016,EDU_EXP_PC_GDP_ED02-8,7.06
Sweden,SE,SE,2017,EDU_EXP_PC_GDP_ED02-8,7.06
Sweden,SE,SE,2018,EDU_EXP_PC_GDP_ED02-8,7.18
Sweden,SE,SE,2019,EDU_EXP_PC_GDP_ED02-8,7.06
Sweden,SE,SE,2020,EDU_EXP_PC_GDP_ED02-8,7.34
Sweden,SE,SE,2021,EDU_EXP_PC_GDP_ED02-8,7.05
Sweden,SE,SE,2022,EDU_EXP_PC_GDP_ED02-8,6.86
Slovakia,SK,SK,2013,EDU_EXP_PC_GDP_ED02-8,4.01
Slovakia,SK,SK,2014,EDU_EXP_PC_GDP_ED02-8,4.09
Slovakia,SK,SK,2015,EDU_EXP_PC_GDP_ED02-8,4.59
Slovakia,SK,SK,2016,EDU_EXP_PC_GDP_ED02-8,3.89
Slovakia,SK,SK,2017,EDU_EXP_PC_GDP_ED02-8,3.94
Slovakia,SK,SK,2018,EDU_EXP_PC_GDP_ED02-8,3.97
Slovakia,SK,SK,2019,EDU_EXP_PC_GDP_ED02-8,4.29
Slovakia,SK,SK,2020,EDU_EXP_PC_GDP_ED02-8,4.76
Slovakia,SK,SK,2021,EDU_EXP_PC_GDP_ED02-8,4.8
Slovakia,SK,SK,2022,EDU_EXP_PC_GDP_ED02-8,4.66
Austria,AT,AT,2012,EDU_EXP_PC_GDP_ED1,0.88
Austria,AT,AT,2013,EDU_EXP_PC_GDP_ED1,0.91
Austria,AT,AT,2014,EDU_EXP_PC_GDP_ED1,0.9
Austria,AT,AT,2015,EDU_EXP_PC_GDP_ED1,0.92
Austria,AT,AT,2016,EDU_EXP_PC_GDP_ED1,0.91
Austria,AT,AT,2017,EDU_EXP_PC_GDP_ED1,0.91
Austria,AT,AT,2018,EDU_EXP_PC_GDP_ED1,0.89
Austria,AT,AT,2019,EDU_EXP_PC_GDP_ED1,0.86
Austria,AT,AT,2020,EDU_EXP_PC_GDP_ED1,0.95
Austria,AT,AT,2021,EDU_EXP_PC_GDP_ED1,0.94
Austria,AT,AT,2022,EDU_EXP_PC_GDP_ED1,0.93
Belgium,BE,BE,2012,EDU_EXP_PC_GDP_ED1,1.56
Belgium,BE,BE,2013,EDU_EXP_PC_GDP_ED1,1.55
Belgium,BE,BE,2014,EDU_EXP_PC_GDP_ED1,1.53
Belgium,BE,BE,2015,EDU_EXP_PC_GDP_ED1,1.54
Belgium,BE,BE,2016,EDU_EXP_PC_GDP_ED1,1.54
Belgium,BE,BE,2017,EDU_EXP_PC_GDP_ED1,1.51
Belgium,BE,BE,2018,EDU_EXP_PC_GDP_ED1,1.52
Belgium,BE,BE,2019,EDU_EXP_PC_GDP_ED1,1.49
Belgium,BE,BE,2020,EDU_EXP_PC_GDP_ED1,1.62
Belgium,BE,BE,2021,EDU_EXP_PC_GDP_ED1,1.53
Belgium,BE,BE,2022,EDU_EXP_PC_GDP_ED1,1.52
Bulgaria,BG,BG,2012,EDU_EXP_PC_GDP_ED1,0.65
Bulgaria,BG,BG,2013,EDU_EXP_PC_GDP_ED1,0.8
Bulgaria,BG,BG,2014,EDU_EXP_PC_GDP_ED1,0.82
Bulgaria,BG,BG,2015,EDU_EXP_PC_GDP_ED1,0.78
Bulgaria,BG,BG,2016,EDU_EXP_PC_GDP_ED1,0.8
Bulgaria,BG,BG,2017,EDU_EXP_PC_GDP_ED1,0.81
Bulgaria,BG,BG,2018,EDU_EXP_PC_GDP_ED1,0.82
Bulgaria,BG,BG,2019,EDU_EXP_PC_GDP_ED1,0.84
Bulgaria,BG,BG,2020,EDU_EXP_PC_GDP_ED1,0.89
Bulgaria,BG,BG,2021,EDU_EXP_PC_GDP_ED1,0.94
Bulgaria,BG,BG,2022,EDU_EXP_PC_GDP_ED1,0.93
Czechia,CZ,CZ,2012,EDU_EXP_PC_GDP_ED1,0.75
Czechia,CZ,CZ,2013,EDU_EXP_PC_GDP_ED1,0.73
Czechia,CZ,CZ,2014,EDU_EXP_PC_GDP_ED1,0.74
Czechia,CZ,CZ,2015,EDU_EXP_PC_GDP_ED1,0.77
Czechia,CZ,CZ,2016,EDU_EXP_PC_GDP_ED1,0.74
Czechia,CZ,CZ,2017,EDU_EXP_PC_GDP_ED1,0.8
Czechia,CZ,CZ,2018,EDU_EXP_PC_GDP_ED1,0.85
Czechia,CZ,CZ,2019,EDU_EXP_PC_GDP_ED1,0.91
Czechia,CZ,CZ,2020,EDU_EXP_PC_GDP_ED1,1.01
Czechia,CZ,CZ,2021,EDU_EXP_PC_GDP_ED1,0.9
Czechia,CZ,CZ,2022,EDU_EXP_PC_GDP_ED1,0.84
Germany,DE,DE,2012,EDU_EXP_PC_GDP_ED1,0.63
Germany,DE,DE,2013,EDU_EXP_PC_GDP_ED1,0.63
Germany,DE,DE,2014,EDU_EXP_PC_GDP_ED1,0.63
Germany,DE,DE,2015,EDU_EXP_PC_GDP_ED1,0.62
Germany,DE,DE,2016,EDU_EXP_PC_GDP_ED1,0.63
Germany,DE,DE,2017,EDU_EXP_PC_GDP_ED1,0.63
Germany,DE,DE,2018,EDU_EXP_PC_GDP_ED1,0.65
Germany,DE,DE,2019,EDU_EXP_PC_GDP_ED1,0.68
Germany,DE,DE,2020,EDU_EXP_PC_GDP_ED1,0.74
Germany,DE,DE,2021,EDU_EXP_PC_GDP_ED1,0.75
Germany,DE,DE,2022,EDU_EXP_PC_GDP_ED1,0.71
Denmark,DK,DK,2012,EDU_EXP_PC_GDP_ED1,2.23
Denmark,DK,DK,2013,EDU_EXP_PC_GDP_ED1,2.11
Denmark,DK,DK,2014,EDU_EXP_PC_GDP_ED1,2.08
Denmark,DK,DK,2016,EDU_EXP_PC_GDP_ED1,1.82
Denmark,DK,DK,2017,EDU_EXP_PC_GDP_ED1,1.79
Denmark,DK,DK,2018,EDU_EXP_PC_GDP_ED1,1.75
Denmark,DK,DK,2019,EDU_EXP_PC_GDP_ED1,1.72
Denmark,DK,DK,2020,EDU_EXP_PC_GDP_ED1,1.75
Denmark,DK,DK,2021,EDU_EXP_PC_GDP_ED1,1.59
Denmark,DK,DK,2022,EDU_EXP_PC_GDP_ED1,1.49
Greece,EL,EL,2012,EDU_EXP_PC_GDP_ED1,1.1
Greece,EL,EL,2013,EDU_EXP_PC_GDP_ED1,1.14
Greece,EL,EL,2014,EDU_EXP_PC_GDP_ED1,1.21
Greece,EL,EL,2015,EDU_EXP_PC_GDP_ED1,1.22
Greece,EL,EL,2016,EDU_EXP_PC_GDP_ED1,1.23
Greece,EL,EL,2017,EDU_EXP_PC_GDP_ED1,1.18
Greece,EL,EL,2018,EDU_EXP_PC_GDP_ED1,1.25
Greece,EL,EL,2019,EDU_EXP_PC_GDP_ED1,1.3
Greece,EL,EL,2022,EDU_EXP_PC_GDP_ED1,0.95
Spain,ES,ES,2012,EDU_EXP_PC_GDP_ED1,1.15
Spain,ES,ES,2013,EDU_EXP_PC_GDP_ED1,1.13
Spain,ES,ES,2014,EDU_EXP_PC_GDP_ED1,1.13
Spain,ES,ES,2015,EDU_EXP_PC_GDP_ED1,1.14
Spain,ES,ES,2016,EDU_EXP_PC_GDP_ED1,1.14
Spain,ES,ES,2017,EDU_EXP_PC_GDP_ED1,1.13
Spain,ES,ES,2018,EDU_EXP_PC_GDP_ED1,1.12
Spain,ES,ES,2019,EDU_EXP_PC_GDP_ED1,1.12
Spain,ES,ES,2020,EDU_EXP_PC_GDP_ED1,1.29
Spain,ES,ES,2021,EDU_EXP_PC_GDP_ED1,1.26
Spain,ES,ES,2022,EDU_EXP_PC_GDP_ED1,1.16
Finland,FI,FI,2012,EDU_EXP_PC_GDP_ED1,1.37
Finland,FI,FI,2013,EDU_EXP_PC_GDP_ED1,1.33
Finland,FI,FI,2014,EDU_EXP_PC_GDP_ED1,1.37
Finland,FI,FI,2015,EDU_EXP_PC_GDP_ED1,1.44
Finland,FI,FI,2016,EDU_EXP_PC_GDP_ED1,1.41
Finland,FI,FI,2017,EDU_EXP_PC_GDP_ED1,1.34
Finland,FI,FI,2018,EDU_EXP_PC_GDP_ED1,1.35
Finland,FI,FI,2019,EDU_EXP_PC_GDP_ED1,1.41
Finland,FI,FI,2020,EDU_EXP_PC_GDP_ED1,1.44
Finland,FI,FI,2021,EDU_EXP_PC_GDP_ED1,1.39
Finland,FI,FI,2022,EDU_EXP_PC_GDP_ED1,1.33
France,FR,FR,2012,EDU_EXP_PC_GDP_ED1,1.13
France,FR,FR,2013,EDU_EXP_PC_GDP_ED1,1.14
France,FR,FR,2014,EDU_EXP_PC_GDP_ED1,1.14
France,FR,FR,2015,EDU_EXP_PC_GDP_ED1,1.13
France,FR,FR,2016,EDU_EXP_PC_GDP_ED1,1.12
France,FR,FR,2017,EDU_EXP_PC_GDP_ED1,1.16
France,FR,FR,2018,EDU_EXP_PC_GDP_ED1,1.16
France,FR,FR,2019,EDU_EXP_PC_GDP_ED1,1.17
France,FR,FR,2020,EDU_EXP_PC_GDP_ED1,1.25
France,FR,FR,2021,EDU_EXP_PC_GDP_ED1,1.19
France,FR,FR,2022,EDU_EXP_PC_GDP_ED1,1.19
Croatia,HR,HR,2016,EDU_EXP_PC_GDP_ED1,1.61
Croatia,HR,HR,2017,EDU_EXP_PC_GDP_ED1,1.61
Croatia,HR,HR,2018,EDU_EXP_PC_GDP_ED1,1.65
Croatia,HR,HR,2019,EDU_EXP_PC_GDP_ED1,1.66
Croatia,HR,HR,2020,EDU_EXP_PC_GDP_ED1,1.88
Croatia,HR,HR,2021,EDU_EXP_PC_GDP_ED1,1.73
Croatia,HR,HR,2022,EDU_EXP_PC_GDP_ED1,1.54
Hungary,HU,HU,2012,EDU_EXP_PC_GDP_ED1,0.75
Hungary,HU,HU,2013,EDU_EXP_PC_GDP_ED1,0.87
Hungary,HU,HU,2014,EDU_EXP_PC_GDP_ED1,0.58
Hungary,HU,HU,2015,EDU_EXP_PC_GDP_ED1,0.76
Hungary,HU,HU,2016,EDU_EXP_PC_GDP_ED1,0.75
Hungary,HU,HU,2017,EDU_EXP_PC_GDP_ED1,0.66
Hungary,HU,HU,2018,EDU_EXP_PC_GDP_ED1,0.64
Hungary,HU,HU,2019,EDU_EXP_PC_GDP_ED1,0.79
Hungary,HU,HU,2020,EDU_EXP_PC_GDP_ED1,0.76
Hungary,HU,HU,2021,EDU_EXP_PC_GDP_ED1,0.72
Hungary,HU,HU,2022,EDU_EXP_PC_GDP_ED1,0.62
Ireland,IE,IE,2012,EDU_EXP_PC_GDP_ED1,2.27
Ireland,IE,IE,2013,EDU_EXP_PC_GDP_ED1,1.93
Ireland,IE,IE,2014,EDU_EXP_PC_GDP_ED1,1.79
Ireland,IE,IE,2015,EDU_EXP_PC_GDP_ED1,1.39
Ireland,IE,IE,2016,EDU_EXP_PC_GDP_ED1,1.24
Ireland,IE,IE,2017,EDU_EXP_PC_GDP_ED1,1.21
Ireland,IE,IE,2018,EDU_EXP_PC_GDP_ED1,1.16
Ireland,IE,IE,2019,EDU_EXP_PC_GDP_ED1,1.14
Ireland,IE,IE,2020,EDU_EXP_PC_GDP_ED1,1.12
Ireland,IE,IE,2021,EDU_EXP_PC_GDP_ED1,1.01
Ireland,IE,IE,2022,EDU_EXP_PC_GDP_ED1,0.95
Italy,IT,IT,2012,EDU_EXP_PC_GDP_ED1,0.98
Italy,IT,IT,2013,EDU_EXP_PC_GDP_ED1,1.02
Italy,IT,IT,2014,EDU_EXP_PC_GDP_ED1,1.0
Italy,IT,IT,2015,EDU_EXP_PC_GDP_ED1,1.02
Italy,IT,IT,2016,EDU_EXP_PC_GDP_ED1,0.91
Italy,IT,IT,2017,EDU_EXP_PC_GDP_ED1,0.98
Italy,IT,IT,2018,EDU_EXP_PC_GDP_ED1,0.96
Italy,IT,IT,2019,EDU_EXP_PC_GDP_ED1,1.02
Italy,IT,IT,2020,EDU_EXP_PC_GDP_ED1,1.2
Italy,IT,IT,2021,EDU_EXP_PC_GDP_ED1,1.15
Italy,IT,IT,2022,EDU_EXP_PC_GDP_ED1,1.08
Netherlands,NL,NL,2012,EDU_EXP_PC_GDP_ED1,1.4
Netherlands,NL,NL,2013,EDU_EXP_PC_GDP_ED1,1.31
Netherlands,NL,NL,2014,EDU_EXP_PC_GDP_ED1,1.24
Netherlands,NL,NL,2015,EDU_EXP_PC_GDP_ED1,1.21
Netherlands,NL,NL,2016,EDU_EXP_PC_GDP_ED1,1.16
Netherlands,NL,NL,2017,EDU_EXP_PC_GDP_ED1,1.15
Netherlands,NL,NL,2018,EDU_EXP_PC_GDP_ED1,1.16
Netherlands,NL,NL,2019,EDU_EXP_PC_GDP_ED1,1.15
Netherlands,NL,NL,2020,EDU_EXP_PC_GDP_ED1,1.24
Netherlands,NL,NL,2021,EDU_EXP_PC_GDP_ED1,1.24
Netherlands,NL,NL,2022,EDU_EXP_PC_GDP_ED1,1.24
Poland,PL,PL,2012,EDU_EXP_PC_GDP_ED1,1.5
Poland,PL,PL,2013,EDU_EXP_PC_GDP_ED1,1.5
Poland,PL,PL,2014,EDU_EXP_PC_GDP_ED1,1.54
Poland,PL,PL,2015,EDU_EXP_PC_GDP_ED1,1.49
Poland,PL,PL,2016,EDU_EXP_PC_GDP_ED1,1.47
Poland,PL,PL,2017,EDU_EXP_PC_GDP_ED1,1.44
Poland,PL,PL,2018,EDU_EXP_PC_GDP_ED1,1.46
Poland,PL,PL,2019,EDU_EXP_PC_GDP_ED1,1.25
Poland,PL,PL,2020,EDU_EXP_PC_GDP_ED1,1.1
Poland,PL,PL,2021,EDU_EXP_PC_GDP_ED1,1.07
Poland,PL,PL,2022,EDU_EXP_PC_GDP_ED1,0.97
Portugal,PT,PT,2012,EDU_EXP_PC_GDP_ED1,1.44
Portugal,PT,PT,2013,EDU_EXP_PC_GDP_ED1,1.57
Portugal,PT,PT,2014,EDU_EXP_PC_GDP_ED1,1.53
Portugal,PT,PT,2015,EDU_EXP_PC_GDP_ED1,1.42
Portugal,PT,PT,2016,EDU_EXP_PC_GDP_ED1,1.38
Portugal,PT,PT,2017,EDU_EXP_PC_GDP_ED1,1.48
Portugal,PT,PT,2018,EDU_EXP_PC_GDP_ED1,1.4
Portugal,PT,PT,2019,EDU_EXP_PC_GDP_ED1,1.38
Portugal,PT,PT,2020,EDU_EXP_PC_GDP_ED1,1.45
Portugal,PT,PT,2021,EDU_EXP_PC_GDP_ED1,1.42
Portugal,PT,PT,2022,EDU_EXP_PC_GDP_ED1,1.31
Romania,RO,RO,2012,EDU_EXP_PC_GDP_ED1,0.48
Romania,RO,RO,2013,EDU_EXP_PC_GDP_ED1,0.5
Romania,RO,RO,2014,EDU_EXP_PC_GDP_ED1,0.43
Romania,RO,RO,2015,EDU_EXP_PC_GDP_ED1,0.41
Romania,RO,RO,2016,EDU_EXP_PC_GDP_ED1,0.37
Romania,RO,RO,2017,EDU_EXP_PC_GDP_ED1,0.38
Romania,RO,RO,2018,EDU_EXP_PC_GDP_ED1,0.4
Romania,RO,RO,2019,EDU_EXP_PC_GDP_ED1,0.45
Romania,RO,RO,2020,EDU_EXP_PC_GDP_ED1,0.44
Romania,RO,RO,2021,EDU_EXP_PC_GDP_ED1,0.4
Romania,RO,RO,2022,EDU_EXP_PC_GDP_ED1,0.38
Sweden,SE,SE,2012,EDU_EXP_PC_GDP_ED1,1.75
Sweden,SE,SE,2013,EDU_EXP_PC_GDP_ED1,1.73
Sweden,SE,SE,2014,EDU_EXP_PC_GDP_ED1,1.75
Sweden,SE,SE,2015,EDU_EXP_PC_GDP_ED1,1.77
Sweden,SE,SE,2016,EDU_EXP_PC_GDP_ED1,1.84
Sweden,SE,SE,2017,EDU_EXP_PC_GDP_ED1,1.89
Sweden,SE,SE,2018,EDU_EXP_PC_GDP_ED1,1.92
Sweden,SE,SE,2019,EDU_EXP_PC_GDP_ED1,1.94
Sweden,SE,SE,2020,EDU_EXP_PC_GDP_ED1,1.99
Sweden,SE,SE,2021,EDU_EXP_PC_GDP_ED1,1.88
Sweden,SE,SE,2022,EDU_EXP_PC_GDP_ED1,1.86
Slovakia,SK,SK,2013,EDU_EXP_PC_GDP_ED1,0.8
Slovakia,SK,SK,2014,EDU_EXP_PC_GDP_ED1,0.81
Slovakia,SK,SK,2015,EDU_EXP_PC_GDP_ED1,0.89
Slovakia,SK,SK,2016,EDU_EXP_PC_GDP_ED1,0.87
Slovakia,SK,SK,2017,EDU_EXP_PC_GDP_ED1,0.88
Slovakia,SK,SK,2018,EDU_EXP_PC_GDP_ED1,0.91
Slovakia,SK,SK,2019,EDU_EXP_PC_GDP_ED1,0.99
Slovakia,SK,SK,2020,EDU_EXP_PC_GDP_ED1,1.08
Slovakia,SK,SK,2021,EDU_EXP_PC_GDP_ED1,1.1
Slovakia,SK,SK,2022,EDU_EXP_PC_GDP_ED1,1.07
Austria,AT,AT,2012,EDU_EXP_PC_GDP_ED1_2,2.13
Austria,AT,AT,2013,EDU_EXP_PC_GDP_ED1_2,2.14
Austria,AT,AT,2014,EDU_EXP_PC_GDP_ED1_2,2.1
Austria,AT,AT,2015,EDU_EXP_PC_GDP_ED1_2,2.12
Austria,AT,AT,2016,EDU_EXP_PC_GDP_ED1_2,2.11
Austria,AT,AT,2017,EDU_EXP_PC_GDP_ED1_2,2.08
Austria,AT,AT,2018,EDU_EXP_PC_GDP_ED1_2,1.99
Austria,AT,AT,2019,EDU_EXP_PC_GDP_ED1_2,1.93
Austria,AT,AT,2020,EDU_EXP_PC_GDP_ED1_2,2.08
Austria,AT,AT,2021,EDU_EXP_PC_GDP_ED1_2,2.05
Austria,AT,AT,2022,EDU_EXP_PC_GDP_ED1_2,1.96
Belgium,BE,BE,2012,EDU_EXP_PC_GDP_ED1_2,2.46
Belgium,BE,BE,2013,EDU_EXP_PC_GDP_ED1_2,2.45
Belgium,BE,BE,2014,EDU_EXP_PC_GDP_ED1_2,2.43
Belgium,BE,BE,2015,EDU_EXP_PC_GDP_ED1_2,2.43
Belgium,BE,BE,2016,EDU_EXP_PC_GDP_ED1_2,2.41
Belgium,BE,BE,2017,EDU_EXP_PC_GDP_ED1_2,2.39
Belgium,BE,BE,2018,EDU_EXP_PC_GDP_ED1_2,2.4
Belgium,BE,BE,2019,EDU_EXP_PC_GDP_ED1_2,2.36
Belgium,BE,BE,2020,EDU_EXP_PC_GDP_ED1_2,2.57
Belgium,BE,BE,2021,EDU_EXP_PC_GDP_ED1_2,2.41
Belgium,BE,BE,2022,EDU_EXP_PC_GDP_ED1_2,2.38
Bulgaria,BG,BG,2012,EDU_EXP_PC_GDP_ED1_2,1.31
Bulgaria,BG,BG,2013,EDU_EXP_PC_GDP_ED1_2,1.59
Bulgaria,BG,BG,2014,EDU_EXP_PC_GDP_ED1_2,1.63
Bulgaria,BG,BG,2015,EDU_EXP_PC_GDP_ED1_2,1.54
Bulgaria,BG,BG,2016,EDU_EXP_PC_GDP_ED1_2,1.57
Bulgaria,BG,BG,2017,EDU_EXP_PC_GDP_ED1_2,1.6
Bulgaria,BG,BG,2018,EDU_EXP_PC_GDP_ED1_2,1.6
Bulgaria,BG,BG,2019,EDU_EXP_PC_GDP_ED1_2,1.66
Bulgaria,BG,BG,2020,EDU_EXP_PC_GDP_ED1_2,1.78
Bulgaria,BG,BG,2021,EDU_EXP_PC_GDP_ED1_2,1.88
Bulgaria,BG,BG,2022,EDU_EXP_PC_GDP_ED1_2,1.75
Czechia,CZ,CZ,2012,EDU_EXP_PC_GDP_ED1_2,1.7
Czechia,CZ,CZ,2013,EDU_EXP_PC_GDP_ED1_2,1.61
Czechia,CZ,CZ,2014,EDU_EXP_PC_GDP_ED1_2,1.62
Czechia,CZ,CZ,2015,EDU_EXP_PC_GDP_ED1_2,1.65
Czechia,CZ,CZ,2016,EDU_EXP_PC_GDP_ED1_2,1.56
Czechia,CZ,CZ,2017,EDU_EXP_PC_GDP_ED1_2,1.71
Czechia,CZ,CZ,2018,EDU_EXP_PC_GDP_ED1_2,1.85
Czechia,CZ,CZ,2019,EDU_EXP_PC_GDP_ED1_2,2.06
Czechia,CZ,CZ,2020,EDU_EXP_PC_GDP_ED1_2,2.2
Czechia,CZ,CZ,2021,EDU_EXP_PC_GDP_ED1_2,2.17
Czechia,CZ,CZ,2022,EDU_EXP_PC_GDP_ED1_2,2.03
Germany,DE,DE,2012,EDU_EXP_PC_GDP_ED1_2,1.88
Germany,DE,DE,2013,EDU_EXP_PC_GDP_ED1_2,1.87
Germany,DE,DE,2014,EDU_EXP_PC_GDP_ED1_2,1.85
Germany,DE,DE,2015,EDU_EXP_PC_GDP_ED1_2,1.81
Germany,DE,DE,2016,EDU_EXP_PC_GDP_ED1_2,1.8
Germany,DE,DE,2017,EDU_EXP_PC_GDP_ED1_2,1.79
Germany,DE,DE,2018,EDU_EXP_PC_GDP_ED1_2,1.82
Germany,DE,DE,2019,EDU_EXP_PC_GDP_ED1_2,1.89
Germany,DE,DE,2020,EDU_EXP_PC_GDP_ED1_2,2.04
Germany,DE,DE,2021,EDU_EXP_PC_GDP_ED1_2,2.04
Germany,DE,DE,2022,EDU_EXP_PC_GDP_ED1_2,1.95
Denmark,DK,DK,2013,EDU_EXP_PC_GDP_ED1_2,3.25
Denmark,DK,DK,2014,EDU_EXP_PC_GDP_ED1_2,3.31
Denmark,DK,DK,2016,EDU_EXP_PC_GDP_ED1_2,2.93
Denmark,DK,DK,2017,EDU_EXP_PC_GDP_ED1_2,2.88
Denmark,DK,DK,2018,EDU_EXP_PC_GDP_ED1_2,2.84
Denmark,DK,DK,2019,EDU_EXP_PC_GDP_ED1_2,2.8
Denmark,DK,DK,2020,EDU_EXP_PC_GDP_ED1_2,2.87
Denmark,DK,DK,2021,EDU_EXP_PC_GDP_ED1_2,2.62
Denmark,DK,DK,2022,EDU_EXP_PC_GDP_ED1_2,2.43
Greece,EL,EL,2012,EDU_EXP_PC_GDP_ED1_2,1.83
Greece,EL,EL,2013,EDU_EXP_PC_GDP_ED1_2,1.88
Greece,EL,EL,2014,EDU_EXP_PC_GDP_ED1_2,1.94
Greece,EL,EL,2015,EDU_EXP_PC_GDP_ED1_2,1.95
Greece,EL,EL,2016,EDU_EXP_PC_GDP_ED1_2,1.93
Greece,EL,EL,2017,EDU_EXP_PC_GDP_ED1_2,1.85
Greece,EL,EL,2018,EDU_EXP_PC_GDP_ED1_2,1.98
Greece,EL,EL,2019,EDU_EXP_PC_GDP_ED1_2,1.98
Greece,EL,EL,2022,EDU_EXP_PC_GDP_ED1_2,1.56
Spain,ES,ES,2012,EDU_EXP_PC_GDP_ED1_2,2.0
Spain,ES,ES,2013,EDU_EXP_PC_GDP_ED1_2,1.89
Spain,ES,ES,2014,EDU_EXP_PC_GDP_ED1_2,1.88
Spain,ES,ES,2015,EDU_EXP_PC_GDP_ED1_2,1.9
Spain,ES,ES,2016,EDU_EXP_PC_GDP_ED1_2,1.88
Spain,ES,ES,2017,EDU_EXP_PC_GDP_ED1_2,1.86
Spain,ES,ES,2018,EDU_EXP_PC_GDP_ED1_2,1.85
Spain,ES,ES,2019,EDU_EXP_PC_GDP_ED1_2,1.87
Spain,ES,ES,2020,EDU_EXP_PC_GDP_ED1_2,2.17
Spain,ES,ES,2021,EDU_EXP_PC_GDP_ED1_2,2.14
Spain,ES,ES,2022,EDU_EXP_PC_GDP_ED1_2,1.96
Finland,FI,FI,2014,EDU_EXP_PC_GDP_ED1_2,2.46
Finland,FI,FI,2015,EDU_EXP_PC_GDP_ED1_2,2.56
Finland,FI,FI,2016,EDU_EXP_PC_GDP_ED1_2,2.51
Finland,FI,FI,2017,EDU_EXP_PC_GDP_ED1_2,2.39
Finland,FI,FI,2018,EDU_EXP_PC_GDP_ED1_2,2.41
Finland,FI,FI,2019,EDU_EXP_PC_GDP_ED1_2,2.53
Finland,FI,FI,2020,EDU_EXP_PC_GDP_ED1_2,2.59
Finland,FI,FI,2021,EDU_EXP_PC_GDP_ED1_2,2.52
Finland,FI,FI,2022,EDU_EXP_PC_GDP_ED1_2,2.43
France,FR,FR,2012,EDU_EXP_PC_GDP_ED1_2,2.37
France,FR,FR,2013,EDU_EXP_PC_GDP_ED1_2,2.38
France,FR,FR,2014,EDU_EXP_PC_GDP_ED1_2,2.38
France,FR,FR,2015,EDU_EXP_PC_GDP_ED1_2,2.36
France,FR,FR,2016,EDU_EXP_PC_GDP_ED1_2,2.33
France,FR,FR,2017,EDU_EXP_PC_GDP_ED1_2,2.35
France,FR,FR,2018,EDU_EXP_PC_GDP_ED1_2,2.34
France,FR,FR,2019,EDU_EXP_PC_GDP_ED1_2,2.34
France,FR,FR,2020,EDU_EXP_PC_GDP_ED1_2,2.51
France,FR,FR,2021,EDU_EXP_PC_GDP_ED1_2,2.4
France,FR,FR,2022,EDU_EXP_PC_GDP_ED1_2,2.37
Croatia,HR,HR,2016,EDU_EXP_PC_GDP_ED1_2,1.61
Croatia,HR,HR,2017,EDU_EXP_PC_GDP_ED1_2,1.61
Croatia,HR,HR,2018,EDU_EXP_PC_GDP_ED1_2,1.65
Croatia,HR,HR,2019,EDU_EXP_PC_GDP_ED1_2,1.66
Croatia,HR,HR,2020,EDU_EXP_PC_GDP_ED1_2,1.88
Croatia,HR,HR,2021,EDU_EXP_PC_GDP_ED1_2,1.73
Croatia,HR,HR,2022,EDU_EXP_PC_GDP_ED1_2,1.54
Hungary,HU,HU,2012,EDU_EXP_PC_GDP_ED1_2,1.52
Hungary,HU,HU,2013,EDU_EXP_PC_GDP_ED1_2,1.5
Hungary,HU,HU,2014,EDU_EXP_PC_GDP_ED1_2,1.17
Hungary,HU,HU,2015,EDU_EXP_PC_GDP_ED1_2,1.44
Hungary,HU,HU,2016,EDU_EXP_PC_GDP_ED1_2,1.53
Hungary,HU,HU,2017,EDU_EXP_PC_GDP_ED1_2,1.31
Hungary,HU,HU,2018,EDU_EXP_PC_GDP_ED1_2,1.29
Hungary,HU,HU,2019,EDU_EXP_PC_GDP_ED1_2,1.53
Hungary,HU,HU,2020,EDU_EXP_PC_GDP_ED1_2,1.48
Hungary,HU,HU,2021,EDU_EXP_PC_GDP_ED1_2,1.4
Hungary,HU,HU,2022,EDU_EXP_PC_GDP_ED1_2,1.22
Ireland,IE,IE,2012,EDU_EXP_PC_GDP_ED1_2,3.31
Ireland,IE,IE,2013,EDU_EXP_PC_GDP_ED1_2,2.82
Ireland,IE,IE,2014,EDU_EXP_PC_GDP_ED1_2,2.6
Ireland,IE,IE,2015,EDU_EXP_PC_GDP_ED1_2,2.02
Ireland,IE,IE,2016,EDU_EXP_PC_GDP_ED1_2,1.76
Ireland,IE,IE,2017,EDU_EXP_PC_GDP_ED1_2,1.69
Ireland,IE,IE,2018,EDU_EXP_PC_GDP_ED1_2,1.65
Ireland,IE,IE,2019,EDU_EXP_PC_GDP_ED1_2,1.61
Ireland,IE,IE,2020,EDU_EXP_PC_GDP_ED1_2,1.61
Ireland,IE,IE,2021,EDU_EXP_PC_GDP_ED1_2,1.46
Ireland,IE,IE,2022,EDU_EXP_PC_GDP_ED1_2,1.41
Italy,IT,IT,2012,EDU_EXP_PC_GDP_ED1_2,1.69
Italy,IT,IT,2013,EDU_EXP_PC_GDP_ED1_2,1.71
Italy,IT,IT,2014,EDU_EXP_PC_GDP_ED1_2,1.69
Italy,IT,IT,2015,EDU_EXP_PC_GDP_ED1_2,1.73
Italy,IT,IT,2016,EDU_EXP_PC_GDP_ED1_2,1.55
Italy,IT,IT,2017,EDU_EXP_PC_GDP_ED1_2,1.66
Italy,IT,IT,2018,EDU_EXP_PC_GDP_ED1_2,1.63
Italy,IT,IT,2019,EDU_EXP_PC_GDP_ED1_2,1.71
Italy,IT,IT,2020,EDU_EXP_PC_GDP_ED1_2,1.84
Italy,IT,IT,2021,EDU_EXP_PC_GDP_ED1_2,1.76
Italy,IT,IT,2022,EDU_EXP_PC_GDP_ED1_2,1.67
Netherlands,NL,NL,2012,EDU_EXP_PC_GDP_ED1_2,2.68
Netherlands,NL,NL,2013,EDU_EXP_PC_GDP_ED1_2,2.55
Netherlands,NL,NL,2014,EDU_EXP_PC_GDP_ED1_2,2.43
Netherlands,NL,NL,2015,EDU_EXP_PC_GDP_ED1_2,2.39
Netherlands,NL,NL,2016,EDU_EXP_PC_GDP_ED1_2,2.33
Netherlands,NL,NL,2017,EDU_EXP_PC_GDP_ED1_2,2.26
Netherlands,NL,NL,2018,EDU_EXP_PC_GDP_ED1_2,2.25
Netherlands,NL,NL,2019,EDU_EXP_PC_GDP_ED1_2,2.21
Netherlands,NL,NL,2020,EDU_EXP_PC_GDP_ED1_2,2.33
Netherlands,NL,NL,2021,EDU_EXP_PC_GDP_ED1_2,2.32
Netherlands,NL,NL,2022,EDU_EXP_PC_GDP_ED1_2,2.25
Poland,PL,PL,2012,EDU_EXP_PC_GDP_ED1_2,2.3
Poland,PL,PL,2013,EDU_EXP_PC_GDP_ED1_2,2.29
Poland,PL,PL,2014,EDU_EXP_PC_GDP_ED1_2,2.3
Poland,PL,PL,2015,EDU_EXP_PC_GDP_ED1_2,2.19
Poland,PL,PL,2016,EDU_EXP_PC_GDP_ED1_2,2.16
Poland,PL,PL,2017,EDU_EXP_PC_GDP_ED1_2,2.08
Poland,PL,PL,2018,EDU_EXP_PC_GDP_ED1_2,2.14
Poland,PL,PL,2019,EDU_EXP_PC_GDP_ED1_2,2.08
Poland,PL,PL,2020,EDU_EXP_PC_GDP_ED1_2,2.09
Poland,PL,PL,2021,EDU_EXP_PC_GDP_ED1_2,2.01
Poland,PL,PL,2022,EDU_EXP_PC_GDP_ED1_2,1.87
Portugal,PT,PT,2012,EDU_EXP_PC_GDP_ED1_2,2.63
Portugal,PT,PT,2013,EDU_EXP_PC_GDP_ED1_2,2.8
Portugal,PT,PT,2014,EDU_EXP_PC_GDP_ED1_2,2.7
Portugal,PT,PT,2015,EDU_EXP_PC_GDP_ED1_2,2.51
Portugal,PT,PT,2016,EDU_EXP_PC_GDP_ED1_2,2.5
Portugal,PT,PT,2017,EDU_EXP_PC_GDP_ED1_2,2.61
Portugal,PT,PT,2018,EDU_EXP_PC_GDP_ED1_2,2.47
Portugal,PT,PT,2019,EDU_EXP_PC_GDP_ED1_2,2.43
Portugal,PT,PT,2020,EDU_EXP_PC_GDP_ED1_2,2.53
Portugal,PT,PT,2021,EDU_EXP_PC_GDP_ED1_2,2.5
Portugal,PT,PT,2022,EDU_EXP_PC_GDP_ED1_2,2.33
Romania,RO,RO,2012,EDU_EXP_PC_GDP_ED1_2,0.97
Romania,RO,RO,2013,EDU_EXP_PC_GDP_ED1_2,1.03
Romania,RO,RO,2014,EDU_EXP_PC_GDP_ED1_2,1.07
Romania,RO,RO,2015,EDU_EXP_PC_GDP_ED1_2,1.06
Romania,RO,RO,2016,EDU_EXP_PC_GDP_ED1_2,0.97
Romania,RO,RO,2017,EDU_EXP_PC_GDP_ED1_2,1.0
Romania,RO,RO,2018,EDU_EXP_PC_GDP_ED1_2,1.06
Romania,RO,RO,2019,EDU_EXP_PC_GDP_ED1_2,1.21
Romania,RO,RO,2020,EDU_EXP_PC_GDP_ED1_2,1.2
Romania,RO,RO,2021,EDU_EXP_PC_GDP_ED1_2,1.11
Romania,RO,RO,2022,EDU_EXP_PC_GDP_ED1_2,1.14
Sweden,SE,SE,2012,EDU_EXP_PC_GDP_ED1_2,2.62
Sweden,SE,SE,2013,EDU_EXP_PC_GDP_ED1_2,2.56
Sweden,SE,SE,2014,EDU_EXP_PC_GDP_ED1_2,2.58
Sweden,SE,SE,2015,EDU_EXP_PC_GDP_ED1_2,2.6
Sweden,SE,SE,2016,EDU_EXP_PC_GDP_ED1_2,2.71
Sweden,SE,SE,2017,EDU_EXP_PC_GDP_ED1_2,2.79
Sweden,SE,SE,2018,EDU_EXP_PC_GDP_ED1_2,2.84
Sweden,SE,SE,2019,EDU_EXP_PC_GDP_ED1_2,2.84
Sweden,SE,SE,2020,EDU_EXP_PC_GDP_ED1_2,2.93
Sweden,SE,SE,2021,EDU_EXP_PC_GDP_ED1_2,2.78
Sweden,SE,SE,2022,EDU_EXP_PC_GDP_ED1_2,2.77
Slovakia,SK,SK,2013,EDU_EXP_PC_GDP_ED1_2,1.7
Slovakia,SK,SK,2014,EDU_EXP_PC_GDP_ED1_2,1.72
Slovakia,SK,SK,2015,EDU_EXP_PC_GDP_ED1_2,1.76
Slovakia,SK,SK,2016,EDU_EXP_PC_GDP_ED1_2,1.73
Slovakia,SK,SK,2017,EDU_EXP_PC_GDP_ED1_2,1.78
Slovakia,SK,SK,2018,EDU_EXP_PC_GDP_ED1_2,1.84
Slovakia,SK,SK,2019,EDU_EXP_PC_GDP_ED1_2,2.0
Slovakia,SK,SK,2020,EDU_EXP_PC_GDP_ED1_2,2.21
Slovakia,SK,SK,2021,EDU_EXP_PC_GDP_ED1_2,2.2
Slovakia,SK,SK,2022,EDU_EXP_PC_GDP_ED1_2,2.12
Austria,AT,AT,2012,EDU_EXP_PC_GDP_ED2,1.25
Austria,AT,AT,2013,EDU_EXP_PC_GDP_ED2,1.24
Austria,AT,AT,2014,EDU_EXP_PC_GDP_ED2,1.21
Austria,AT,AT,2015,EDU_EXP_PC_GDP_ED2,1.21
Austria,AT,AT,2016,EDU_EXP_PC_GDP_ED2,1.2
Austria,AT,AT,2017,EDU_EXP_PC_GDP_ED2,1.17
Austria,AT,AT,2018,EDU_EXP_PC_GDP_ED2,1.1
Austria,AT,AT,2019,EDU_EXP_PC_GDP_ED2,1.07
Austria,AT,AT,2020,EDU_EXP_PC_GDP_ED2,1.13
Austria,AT,AT,2021,EDU_EXP_PC_GDP_ED2,1.11
Austria,AT,AT,2022,EDU_EXP_PC_GDP_ED2,1.03
Belgium,BE,BE,2012,EDU_EXP_PC_GDP_ED2,0.9
Belgium,BE,BE,2013,EDU_EXP_PC_GDP_ED2,0.9
Belgium,BE,BE,2014,EDU_EXP_PC_GDP_ED2,0.9
Belgium,BE,BE,2015,EDU_EXP_PC_GDP_ED2,0.88
Belgium,BE,BE,2016,EDU_EXP_PC_GDP_ED2,0.87
Belgium,BE,BE,2017,EDU_EXP_PC_GDP_ED2,0.87
Belgium,BE,BE,2018,EDU_EXP_PC_GDP_ED2,0.88
Belgium,BE,BE,2019,EDU_EXP_PC_GDP_ED2,0.87
Belgium,BE,BE,2020,EDU_EXP_PC_GDP_ED2,0.96
Belgium,BE,BE,2021,EDU_EXP_PC_GDP_ED2,0.88
Belgium,BE,BE,2022,EDU_EXP_PC_GDP_ED2,0.86
Bulgaria,BG,BG,2012,EDU_EXP_PC_GDP_ED2,0.66
Bulgaria,BG,BG,2013,EDU_EXP_PC_GDP_ED2,0.79
Bulgaria,BG,BG,2014,EDU_EXP_PC_GDP_ED2,0.81
Bulgaria,BG,BG,2015,EDU_EXP_PC_GDP_ED2,0.76
Bulgaria,BG,BG,2016,EDU_EXP_PC_GDP_ED2,0.77
Bulgaria,BG,BG,2017,EDU_EXP_PC_GDP_ED2,0.8
Bulgaria,BG,BG,2018,EDU_EXP_PC_GDP_ED2,0.79
Bulgaria,BG,BG,2019,EDU_EXP_PC_GDP_ED2,0.82
Bulgaria,BG,BG,2020,EDU_EXP_PC_GDP_ED2,0.89
Bulgaria,BG,BG,2021,EDU_EXP_PC_GDP_ED2,0.94
Bulgaria,BG,BG,2022,EDU_EXP_PC_GDP_ED2,0.82
Czechia,CZ,CZ,2012,EDU_EXP_PC_GDP_ED2,0.95
Czechia,CZ,CZ,2013,EDU_EXP_PC_GDP_ED2,0.88
Czechia,CZ,CZ,2014,EDU_EXP_PC_GDP_ED2,0.87
Czechia,CZ,CZ,2015,EDU_EXP_PC_GDP_ED2,0.88
Czechia,CZ,CZ,2016,EDU_EXP_PC_GDP_ED2,0.83
Czechia,CZ,CZ,2017,EDU_EXP_PC_GDP_ED2,0.91
Czechia,CZ,CZ,2018,EDU_EXP_PC_GDP_ED2,1.0
Czechia,CZ,CZ,2019,EDU_EXP_PC_GDP_ED2,1.15
Czechia,CZ,CZ,2020,EDU_EXP_PC_GDP_ED2,1.19
Czechia,CZ,CZ,2021,EDU_EXP_PC_GDP_ED2,1.27
Czechia,CZ,CZ,2022,EDU_EXP_PC_GDP_ED2,1.2
Germany,DE,DE,2012,EDU_EXP_PC_GDP_ED2,1.24
Germany,DE,DE,2013,EDU_EXP_PC_GDP_ED2,1.24
Germany,DE,DE,2014,EDU_EXP_PC_GDP_ED2,1.22
Germany,DE,DE,2015,EDU_EXP_PC_GDP_ED2,1.19
Germany,DE,DE,2016,EDU_EXP_PC_GDP_ED2,1.17
Germany,DE,DE,2017,EDU_EXP_PC_GDP_ED2,1.16
Germany,DE,DE,2018,EDU_EXP_PC_GDP_ED2,1.18
Germany,DE,DE,2019,EDU_EXP_PC_GDP_ED2,1.21
Germany,DE,DE,2020,EDU_EXP_PC_GDP_ED2,1.31
Germany,DE,DE,2021,EDU_EXP_PC_GDP_ED2,1.29
Germany,DE,DE,2022,EDU_EXP_PC_GDP_ED2,1.24
Denmark,DK,DK,2012,EDU_EXP_PC_GDP_ED2,1.21
Denmark,DK,DK,2013,EDU_EXP_PC_GDP_ED2,1.14
Denmark,DK,DK,2014,EDU_EXP_PC_GDP_ED2,1.22
Denmark,DK,DK,2016,EDU_EXP_PC_GDP_ED2,1.11
Denmark,DK,DK,2017,EDU_EXP_PC_GDP_ED2,1.09
Denmark,DK,DK,2018,EDU_EXP_PC_GDP_ED2,1.09
Denmark,DK,DK,2019,EDU_EXP_PC_GDP_ED2,1.08
Denmark,DK,DK,2020,EDU_EXP_PC_GDP_ED2,1.12
Denmark,DK,DK,2021,EDU_EXP_PC_GDP_ED2,1.03
Denmark,DK,DK,2022,EDU_EXP_PC_GDP_ED2,0.95
Greece,EL,EL,2012,EDU_EXP_PC_GDP_ED2,0.74
Greece,EL,EL,2013,EDU_EXP_PC_GDP_ED2,0.73
Greece,EL,EL,2014,EDU_EXP_PC_GDP_ED2,0.73
Greece,EL,EL,2015,EDU_EXP_PC_GDP_ED2,0.73
Greece,EL,EL,2016,EDU_EXP_PC_GDP_ED2,0.7
Greece,EL,EL,2017,EDU_EXP_PC_GDP_ED2,0.67
Greece,EL,EL,2018,EDU_EXP_PC_GDP_ED2,0.73
Greece,EL,EL,2019,EDU_EXP_PC_GDP_ED2,0.67
Greece,EL,EL,2022,EDU_EXP_PC_GDP_ED2,0.61
Spain,ES,ES,2012,EDU_EXP_PC_GDP_ED2,0.84
Spain,ES,ES,2013,EDU_EXP_PC_GDP_ED2,0.76
Spain,ES,ES,2014,EDU_EXP_PC_GDP_ED2,0.75
Spain,ES,ES,2015,EDU_EXP_PC_GDP_ED2,0.75
Spain,ES,ES,2016,EDU_EXP_PC_GDP_ED2,0.74
Spain,ES,ES,2017,EDU_EXP_PC_GDP_ED2,0.73
Spain,ES,ES,2018,EDU_EXP_PC_GDP_ED2,0.72
Spain,ES,ES,2019,EDU_EXP_PC_GDP_ED2,0.75
Spain,ES,ES,2020,EDU_EXP_PC_GDP_ED2,0.88
Spain,ES,ES,2021,EDU_EXP_PC_GDP_ED2,0.88
Spain,ES,ES,2022,EDU_EXP_PC_GDP_ED2,0.8
Finland,FI,FI,2012,EDU_EXP_PC_GDP_ED2,1.12
Finland,FI,FI,2013,EDU_EXP_PC_GDP_ED2,1.07
Finland,FI,FI,2014,EDU_EXP_PC_GDP_ED2,1.09
Finland,FI,FI,2015,EDU_EXP_PC_GDP_ED2,1.13
Finland,FI,FI,2016,EDU_EXP_PC_GDP_ED2,1.1
Finland,FI,FI,2017,EDU_EXP_PC_GDP_ED2,1.05
Finland,FI,FI,2018,EDU_EXP_PC_GDP_ED2,1.06
Finland,FI,FI,2019,EDU_EXP_PC_GDP_ED2,1.12
Finland,FI,FI,2020,EDU_EXP_PC_GDP_ED2,1.15
Finland,FI,FI,2021,EDU_EXP_PC_GDP_ED2,1.13
Finland,FI,FI,2022,EDU_EXP_PC_GDP_ED2,1.1
France,FR,FR,2012,EDU_EXP_PC_GDP_ED2,1.25
France,FR,FR,2013,EDU_EXP_PC_GDP_ED2,1.24
France,FR,FR,2014,EDU_EXP_PC_GDP_ED2,1.24
France,FR,FR,2015,EDU_EXP_PC_GDP_ED2,1.22
France,FR,FR,2016,EDU_EXP_PC_GDP_ED2,1.2
France,FR,FR,2017,EDU_EXP_PC_GDP_ED2,1.2
France,FR,FR,2018,EDU_EXP_PC_GDP_ED2,1.18
France,FR,FR,2019,EDU_EXP_PC_GDP_ED2,1.17
France,FR,FR,2020,EDU_EXP_PC_GDP_ED2,1.26
France,FR,FR,2021,EDU_EXP_PC_GDP_ED2,1.21
France,FR,FR,2022,EDU_EXP_PC_GDP_ED2,1.18
Hungary,HU,HU,2012,EDU_EXP_PC_GDP_ED2,0.78
Hungary,HU,HU,2013,EDU_EXP_PC_GDP_ED2,0.63
Hungary,HU,HU,2014,EDU_EXP_PC_GDP_ED2,0.59
Hungary,HU,HU,2015,EDU_EXP_PC_GDP_ED2,0.68
Hungary,HU,HU,2016,EDU_EXP_PC_GDP_ED2,0.78
Hungary,HU,HU,2017,EDU_EXP_PC_GDP_ED2,0.65
Hungary,HU,HU,2018,EDU_EXP_PC_GDP_ED2,0.65
Hungary,HU,HU,2019,EDU_EXP_PC_GDP_ED2,0.74
Hungary,HU,HU,2020,EDU_EXP_PC_GDP_ED2,0.72
Hungary,HU,HU,2021,EDU_EXP_PC_GDP_ED2,0.68
Hungary,HU,HU,2022,EDU_EXP_PC_GDP_ED2,0.6
Ireland,IE,IE,2012,EDU_EXP_PC_GDP_ED2,1.04
Ireland,IE,IE,2013,EDU_EXP_PC_GDP_ED2,0.89
Ireland,IE,IE,2014,EDU_EXP_PC_GDP_ED2,0.81
Ireland,IE,IE,2015,EDU_EXP_PC_GDP_ED2,0.63
Ireland,IE,IE,2016,EDU_EXP_PC_GDP_ED2,0.53
Ireland,IE,IE,2017,EDU_EXP_PC_GDP_ED2,0.48
Ireland,IE,IE,2018,EDU_EXP_PC_GDP_ED2,0.49
Ireland,IE,IE,2019,EDU_EXP_PC_GDP_ED2,0.48
Ireland,IE,IE,2020,EDU_EXP_PC_GDP_ED2,0.49
Ireland,IE,IE,2021,EDU_EXP_PC_GDP_ED2,0.45
Ireland,IE,IE,2022,EDU_EXP_PC_GDP_ED2,0.45
Italy,IT,IT,2012,EDU_EXP_PC_GDP_ED2,0.71
Italy,IT,IT,2013,EDU_EXP_PC_GDP_ED2,0.7
Italy,IT,IT,2014,EDU_EXP_PC_GDP_ED2,0.69
Italy,IT,IT,2015,EDU_EXP_PC_GDP_ED2,0.71
Italy,IT,IT,2016,EDU_EXP_PC_GDP_ED2,0.64
Italy,IT,IT,2017,EDU_EXP_PC_GDP_ED2,0.67
Italy,IT,IT,2018,EDU_EXP_PC_GDP_ED2,0.68
Italy,IT,IT,2019,EDU_EXP_PC_GDP_ED2,0.69
Italy,IT,IT,2020,EDU_EXP_PC_GDP_ED2,0.65
Italy,IT,IT,2021,EDU_EXP_PC_GDP_ED2,0.61
Italy,IT,IT,2022,EDU_EXP_PC_GDP_ED2,0.59
Netherlands,NL,NL,2012,EDU_EXP_PC_GDP_ED2,1.28
Netherlands,NL,NL,2013,EDU_EXP_PC_GDP_ED2,1.23
Netherlands,NL,NL,2014,EDU_EXP_PC_GDP_ED2,1.18
Netherlands,NL,NL,2015,EDU_EXP_PC_GDP_ED2,1.18
Netherlands,NL,NL,2016,EDU_EXP_PC_GDP_ED2,1.16
Netherlands,NL,NL,2017,EDU_EXP_PC_GDP_ED2,1.11
Netherlands,NL,NL,2018,EDU_EXP_PC_GDP_ED2,1.09
Netherlands,NL,NL,2019,EDU_EXP_PC_GDP_ED2,1.06
Netherlands,NL,NL,2020,EDU_EXP_PC_GDP_ED2,1.09
Netherlands,NL,NL,2021,EDU_EXP_PC_GDP_ED2,1.08
Netherlands,NL,NL,2022,EDU_EXP_PC_GDP_ED2,1.01
Poland,PL,PL,2012,EDU_EXP_PC_GDP_ED2,0.8
Poland,PL,PL,2013,EDU_EXP_PC_GDP_ED2,0.79
Poland,PL,PL,2014,EDU_EXP_PC_GDP_ED2,0.76
Poland,PL,PL,2015,EDU_EXP_PC_GDP_ED2,0.71
Poland,PL,PL,2016,EDU_EXP_PC_GDP_ED2,0.69
Poland,PL,PL,2017,EDU_EXP_PC_GDP_ED2,0.64
Poland,PL,PL,2018,EDU_EXP_PC_GDP_ED2,0.68
Poland,PL,PL,2019,EDU_EXP_PC_GDP_ED2,0.83
Poland,PL,PL,2020,EDU_EXP_PC_GDP_ED2,0.99
Poland,PL,PL,2021,EDU_EXP_PC_GDP_ED2,0.94
Poland,PL,PL,2022,EDU_EXP_PC_GDP_ED2,0.9
Portugal,PT,PT,2012,EDU_EXP_PC_GDP_ED2,1.19
Portugal,PT,PT,2013,EDU_EXP_PC_GDP_ED2,1.23
Portugal,PT,PT,2014,EDU_EXP_PC_GDP_ED2,1.17
Portugal,PT,PT,2015,EDU_EXP_PC_GDP_ED2,1.09
Portugal,PT,PT,2016,EDU_EXP_PC_GDP_ED2,1.12
Portugal,PT,PT,2017,EDU_EXP_PC_GDP_ED2,1.13
Portugal,PT,PT,2018,EDU_EXP_PC_GDP_ED2,1.07
Portugal,PT,PT,2019,EDU_EXP_PC_GDP_ED2,1.05
Portugal,PT,PT,2020,EDU_EXP_PC_GDP_ED2,1.08
Portugal,PT,PT,2021,EDU_EXP_PC_GDP_ED2,1.08
Portugal,PT,PT,2022,EDU_EXP_PC_GDP_ED2,1.02
Romania,RO,RO,2012,EDU_EXP_PC_GDP_ED2,0.49
Romania,RO,RO,2013,EDU_EXP_PC_GDP_ED2,0.53
Romania,RO,RO,2014,EDU_EXP_PC_GDP_ED2,0.64
Romania,RO,RO,2015,EDU_EXP_PC_GDP_ED2,0.65
Romania,RO,RO,2016,EDU_EXP_PC_GDP_ED2,0.6
Romania,RO,RO,2017,EDU_EXP_PC_GDP_ED2,0.62
Romania,RO,RO,2018,EDU_EXP_PC_GDP_ED2,0.66
Romania,RO,RO,2019,EDU_EXP_PC_GDP_ED2,0.76
Romania,RO,RO,2020,EDU_EXP_PC_GDP_ED2,0.76
Romania,RO,RO,2021,EDU_EXP_PC_GDP_ED2,0.71
Romania,RO,RO,2022,EDU_EXP_PC_GDP_ED2,0.75
Sweden,SE,SE,2012,EDU_EXP_PC_GDP_ED2,0.87
Sweden,SE,SE,2013,EDU_EXP_PC_GDP_ED2,0.83
Sweden,SE,SE,2014,EDU_EXP_PC_GDP_ED2,0.83
Sweden,SE,SE,2015,EDU_EXP_PC_GDP_ED2,0.83
Sweden,SE,SE,2016,EDU_EXP_PC_GDP_ED2,0.87
Sweden,SE,SE,2017,EDU_EXP_PC_GDP_ED2,0.9
Sweden,SE,SE,2018,EDU_EXP_PC_GDP_ED2,0.92
Sweden,SE,SE,2019,EDU_EXP_PC_GDP_ED2,0.9
Sweden,SE,SE,2020,EDU_EXP_PC_GDP_ED2,0.94
Sweden,SE,SE,2021,EDU_EXP_PC_GDP_ED2,0.9
Sweden,SE,SE,2022,EDU_EXP_PC_GDP_ED2,0.91
Slovakia,SK,SK,2013,EDU_EXP_PC_GDP_ED2,0.9
Slovakia,SK,SK,2014,EDU_EXP_PC_GDP_ED2,0.91
Slovakia,SK,SK,2015,EDU_EXP_PC_GDP_ED2,0.87
Slovakia,SK,SK,2016,EDU_EXP_PC_GDP_ED2,0.86
Slovakia,SK,SK,2017,EDU_EXP_PC_GDP_ED2,0.89
Slovakia,SK,SK,2018,EDU_EXP_PC_GDP_ED2,0.92
Slovakia,SK,SK,2019,EDU_EXP_PC_GDP_ED2,1.01
Slovakia,SK,SK,2020,EDU_EXP_PC_GDP_ED2,1.13
Slovakia,SK,SK,2021,EDU_EXP_PC_GDP_ED2,1.1
Slovakia,SK,SK,2022,EDU_EXP_PC_GDP_ED2,1.05
Austria,AT,AT,2012,EDU_EXP_PC_GDP_ED24,1.25
Austria,AT,AT,2013,EDU_EXP_PC_GDP_ED24,1.24
Austria,AT,AT,2014,EDU_EXP_PC_GDP_ED24,1.21
Austria,AT,AT,2015,EDU_EXP_PC_GDP_ED24,1.21
Austria,AT,AT,2016,EDU_EXP_PC_GDP_ED24,1.2
Austria,AT,AT,2017,EDU_EXP_PC_GDP_ED24,1.17
Austria,AT,AT,2018,EDU_EXP_PC_GDP_ED24,1.1
Austria,AT,AT,2019,EDU_EXP_PC_GDP_ED24,1.01
Austria,AT,AT,2020,EDU_EXP_PC_GDP_ED24,1.13
Austria,AT,AT,2021,EDU_EXP_PC_GDP_ED24,1.11
Austria,AT,AT,2022,EDU_EXP_PC_GDP_ED24,1.03
Bulgaria,BG,BG,2012,EDU_EXP_PC_GDP_ED24,0.66
Bulgaria,BG,BG,2013,EDU_EXP_PC_GDP_ED24,0.79
Bulgaria,BG,BG,2014,EDU_EXP_PC_GDP_ED24,0.81
Bulgaria,BG,BG,2015,EDU_EXP_PC_GDP_ED24,0.76
Bulgaria,BG,BG,2016,EDU_EXP_PC_GDP_ED24,0.77
Bulgaria,BG,BG,2017,EDU_EXP_PC_GDP_ED24,0.8
Czechia,CZ,CZ,2012,EDU_EXP_PC_GDP_ED24,0.94
Czechia,CZ,CZ,2013,EDU_EXP_PC_GDP_ED24,0.88
Czechia,CZ,CZ,2014,EDU_EXP_PC_GDP_ED24,0.87
Czechia,CZ,CZ,2015,EDU_EXP_PC_GDP_ED24,0.87
Czechia,CZ,CZ,2016,EDU_EXP_PC_GDP_ED24,0.82
Czechia,CZ,CZ,2017,EDU_EXP_PC_GDP_ED24,0.91
Czechia,CZ,CZ,2018,EDU_EXP_PC_GDP_ED24,1.0
Czechia,CZ,CZ,2019,EDU_EXP_PC_GDP_ED24,1.14
Czechia,CZ,CZ,2020,EDU_EXP_PC_GDP_ED24,1.19
Czechia,CZ,CZ,2021,EDU_EXP_PC_GDP_ED24,1.26
Czechia,CZ,CZ,2022,EDU_EXP_PC_GDP_ED24,1.19
Germany,DE,DE,2012,EDU_EXP_PC_GDP_ED24,1.24
Germany,DE,DE,2013,EDU_EXP_PC_GDP_ED24,1.24
Germany,DE,DE,2014,EDU_EXP_PC_GDP_ED24,1.22
Germany,DE,DE,2015,EDU_EXP_PC_GDP_ED24,1.19
Germany,DE,DE,2016,EDU_EXP_PC_GDP_ED24,1.17
Germany,DE,DE,2017,EDU_EXP_PC_GDP_ED24,1.16
Germany,DE,DE,2018,EDU_EXP_PC_GDP_ED24,1.18
Germany,DE,DE,2019,EDU_EXP_PC_GDP_ED24,1.21
Germany,DE,DE,2020,EDU_EXP_PC_GDP_ED24,1.31
Germany,DE,DE,2021,EDU_EXP_PC_GDP_ED24,1.29
Germany,DE,DE,2022,EDU_EXP_PC_GDP_ED24,1.24
Denmark,DK,DK,2012,EDU_EXP_PC_GDP_ED24,1.21
Denmark,DK,DK,2014,EDU_EXP_PC_GDP_ED24,1.22
Denmark,DK,DK,2016,EDU_EXP_PC_GDP_ED24,1.11
Denmark,DK,DK,2017,EDU_EXP_PC_GDP_ED24,1.09
Denmark,DK,DK,2018,EDU_EXP_PC_GDP_ED24,1.09
Denmark,DK,DK,2019,EDU_EXP_PC_GDP_ED24,1.08
Denmark,DK,DK,2020,EDU_EXP_PC_GDP_ED24,1.12
Denmark,DK,DK,2021,EDU_EXP_PC_GDP_ED24,1.03
Denmark,DK,DK,2022,EDU_EXP_PC_GDP_ED24,0.95
Greece,EL,EL,2012,EDU_EXP_PC_GDP_ED24,0.74
Greece,EL,EL,2013,EDU_EXP_PC_GDP_ED24,0.73
Greece,EL,EL,2014,EDU_EXP_PC_GDP_ED24,0.73
Greece,EL,EL,2015,EDU_EXP_PC_GDP_ED24,0.73
Greece,EL,EL,2016,EDU_EXP_PC_GDP_ED24,0.7
Greece,EL,EL,2017,EDU_EXP_PC_GDP_ED24,0.67
Greece,EL,EL,2018,EDU_EXP_PC_GDP_ED24,0.73
Greece,EL,EL,2019,EDU_EXP_PC_GDP_ED24,0.67
Spain,ES,ES,2012,EDU_EXP_PC_GDP_ED24,0.81
Spain,ES,ES,2013,EDU_EXP_PC_GDP_ED24,0.76
Spain,ES,ES,2014,EDU_EXP_PC_GDP_ED24,0.75
Spain,ES,ES,2015,EDU_EXP_PC_GDP_ED24,0.75
Spain,ES,ES,2016,EDU_EXP_PC_GDP_ED24,0.74
Spain,ES,ES,2017,EDU_EXP_PC_GDP_ED24,0.73
Spain,ES,ES,2018,EDU_EXP_PC_GDP_ED24,0.72
Spain,ES,ES,2019,EDU_EXP_PC_GDP_ED24,0.75
Finland,FI,FI,2012,EDU_EXP_PC_GDP_ED24,1.12
Finland,FI,FI,2013,EDU_EXP_PC_GDP_ED24,1.07
Finland,FI,FI,2014,EDU_EXP_PC_GDP_ED24,1.09
Finland,FI,FI,2015,EDU_EXP_PC_GDP_ED24,1.13
Finland,FI,FI,2016,EDU_EXP_PC_GDP_ED24,1.1
Finland,FI,FI,2017,EDU_EXP_PC_GDP_ED24,1.05
Finland,FI,FI,2018,EDU_EXP_PC_GDP_ED24,1.06
Finland,FI,FI,2019,EDU_EXP_PC_GDP_ED24,1.12
Finland,FI,FI,2020,EDU_EXP_PC_GDP_ED24,1.15
Finland,FI,FI,2021,EDU_EXP_PC_GDP_ED24,1.13
Finland,FI,FI,2022,EDU_EXP_PC_GDP_ED24,1.1
France,FR,FR,2012,EDU_EXP_PC_GDP_ED24,1.25
France,FR,FR,2013,EDU_EXP_PC_GDP_ED24,1.24
France,FR,FR,2014,EDU_EXP_PC_GDP_ED24,1.24
France,FR,FR,2015,EDU_EXP_PC_GDP_ED24,1.22
France,FR,FR,2016,EDU_EXP_PC_GDP_ED24,1.2
France,FR,FR,2017,EDU_EXP_PC_GDP_ED24,1.2
France,FR,FR,2018,EDU_EXP_PC_GDP_ED24,1.18
France,FR,FR,2019,EDU_EXP_PC_GDP_ED24,1.17
France,FR,FR,2020,EDU_EXP_PC_GDP_ED24,1.26
France,FR,FR,2021,EDU_EXP_PC_GDP_ED24,1.21
France,FR,FR,2022,EDU_EXP_PC_GDP_ED24,1.18
Hungary,HU,HU,2012,EDU_EXP_PC_GDP_ED24,0.77
Hungary,HU,HU,2013,EDU_EXP_PC_GDP_ED24,0.63
Hungary,HU,HU,2014,EDU_EXP_PC_GDP_ED24,0.58
Hungary,HU,HU,2015,EDU_EXP_PC_GDP_ED24,0.66
Hungary,HU,HU,2016,EDU_EXP_PC_GDP_ED24,0.77
Hungary,HU,HU,2017,EDU_EXP_PC_GDP_ED24,0.65
Hungary,HU,HU,2018,EDU_EXP_PC_GDP_ED24,0.65
Hungary,HU,HU,2019,EDU_EXP_PC_GDP_ED24,0.74
Hungary,HU,HU,2020,EDU_EXP_PC_GDP_ED24,0.72
Hungary,HU,HU,2021,EDU_EXP_PC_GDP_ED24,0.68
Hungary,HU,HU,2022,EDU_EXP_PC_GDP_ED24,0.6
Ireland,IE,IE,2012,EDU_EXP_PC_GDP_ED24,1.04
Ireland,IE,IE,2013,EDU_EXP_PC_GDP_ED24,0.89
Ireland,IE,IE,2014,EDU_EXP_PC_GDP_ED24,0.81
Ireland,IE,IE,2015,EDU_EXP_PC_GDP_ED24,0.63
Italy,IT,IT,2012,EDU_EXP_PC_GDP_ED24,0.71
Italy,IT,IT,2013,EDU_EXP_PC_GDP_ED24,0.69
Italy,IT,IT,2014,EDU_EXP_PC_GDP_ED24,0.69
Italy,IT,IT,2015,EDU_EXP_PC_GDP_ED24,0.7
Italy,IT,IT,2016,EDU_EXP_PC_GDP_ED24,0.63
Italy,IT,IT,2017,EDU_EXP_PC_GDP_ED24,0.67
Italy,IT,IT,2018,EDU_EXP_PC_GDP_ED24,0.67
Italy,IT,IT,2019,EDU_EXP_PC_GDP_ED24,0.68
Italy,IT,IT,2020,EDU_EXP_PC_GDP_ED24,0.64
Italy,IT,IT,2021,EDU_EXP_PC_GDP_ED24,0.61
Netherlands,NL,NL,2012,EDU_EXP_PC_GDP_ED24,0.82
Netherlands,NL,NL,2013,EDU_EXP_PC_GDP_ED24,0.79
Netherlands,NL,NL,2014,EDU_EXP_PC_GDP_ED24,0.76
Netherlands,NL,NL,2015,EDU_EXP_PC_GDP_ED24,0.75
Netherlands,NL,NL,2016,EDU_EXP_PC_GDP_ED24,0.74
Netherlands,NL,NL,2017,EDU_EXP_PC_GDP_ED24,0.71
Netherlands,NL,NL,2018,EDU_EXP_PC_GDP_ED24,0.69
Netherlands,NL,NL,2019,EDU_EXP_PC_GDP_ED24,0.67
Netherlands,NL,NL,2020,EDU_EXP_PC_GDP_ED24,0.7
Netherlands,NL,NL,2021,EDU_EXP_PC_GDP_ED24,0.7
Netherlands,NL,NL,2022,EDU_EXP_PC_GDP_ED24,0.66
Poland,PL,PL,2012,EDU_EXP_PC_GDP_ED24,0.8
Poland,PL,PL,2013,EDU_EXP_PC_GDP_ED24,0.79
Poland,PL,PL,2014,EDU_EXP_PC_GDP_ED24,0.76
Poland,PL,PL,2015,EDU_EXP_PC_GDP_ED24,0.71
Poland,PL,PL,2016,EDU_EXP_PC_GDP_ED24,0.69
Poland,PL,PL,2017,EDU_EXP_PC_GDP_ED24,0.64
Poland,PL,PL,2018,EDU_EXP_PC_GDP_ED24,0.68
Poland,PL,PL,2019,EDU_EXP_PC_GDP_ED24,0.83
Poland,PL,PL,2020,EDU_EXP_PC_GDP_ED24,0.99
Poland,PL,PL,2021,EDU_EXP_PC_GDP_ED24,0.94
Poland,PL,PL,2022,EDU_EXP_PC_GDP_ED24,0.9
Romania,RO,RO,2012,EDU_EXP_PC_GDP_ED24,0.49
Romania,RO,RO,2013,EDU_EXP_PC_GDP_ED24,0.53
Romania,RO,RO,2014,EDU_EXP_PC_GDP_ED24,0.64
Romania,RO,RO,2015,EDU_EXP_PC_GDP_ED24,0.65
Romania,RO,RO,2016,EDU_EXP_PC_GDP_ED24,0.6
Romania,RO,RO,2017,EDU_EXP_PC_GDP_ED24,0.62
Romania,RO,RO,2018,EDU_EXP_PC_GDP_ED24,0.66
Romania,RO,RO,2019,EDU_EXP_PC_GDP_ED24,0.76
Romania,RO,RO,2020,EDU_EXP_PC_GDP_ED24,0.76
Romania,RO,RO,2021,EDU_EXP_PC_GDP_ED24,0.71
Romania,RO,RO,2022,EDU_EXP_PC_GDP_ED24,0.75
Sweden,SE,SE,2018,EDU_EXP_PC_GDP_ED24,0.92
Sweden,SE,SE,2019,EDU_EXP_PC_GDP_ED24,0.9
Sweden,SE,SE,2020,EDU_EXP_PC_GDP_ED24,0.94
Sweden,SE,SE,2021,EDU_EXP_PC_GDP_ED24,0.9
Sweden,SE,SE,2022,EDU_EXP_PC_GDP_ED24,0.91
Slovakia,SK,SK,2013,EDU_EXP_PC_GDP_ED24,0.88
Slovakia,SK,SK,2014,EDU_EXP_PC_GDP_ED24,0.89
Slovakia,SK,SK,2015,EDU_EXP_PC_GDP_ED24,0.83
Slovakia,SK,SK,2016,EDU_EXP_PC_GDP_ED24,0.83
Slovakia,SK,SK,2017,EDU_EXP_PC_GDP_ED24,0.85
Slovakia,SK,SK,2018,EDU_EXP_PC_GDP_ED24,0.88
Slovakia,SK,SK,2019,EDU_EXP_PC_GDP_ED24,0.97
Slovakia,SK,SK,2020,EDU_EXP_PC_GDP_ED24,1.09
Slovakia,SK,SK,2021,EDU_EXP_PC_GDP_ED24,1.06
Slovakia,SK,SK,2022,EDU_EXP_PC_GDP_ED24,1.01
Bulgaria,BG,BG,2012,EDU_EXP_PC_GDP_ED25,0.0
Bulgaria,BG,BG,2013,EDU_EXP_PC_GDP_ED25,0.0
Bulgaria,BG,BG,2014,EDU_EXP_PC_GDP_ED25,0.0
Bulgaria,BG,BG,2015,EDU_EXP_PC_GDP_ED25,0.0
Bulgaria,BG,BG,2016,EDU_EXP_PC_GDP_ED25,0.0
Bulgaria,BG,BG,2017,EDU_EXP_PC_GDP_ED25,0.0
Czechia,CZ,CZ,2012,EDU_EXP_PC_GDP_ED25,0.0
Czechia,CZ,CZ,2013,EDU_EXP_PC_GDP_ED25,0.0
Czechia,CZ,CZ,2014,EDU_EXP_PC_GDP_ED25,0.0
Czechia,CZ,CZ,2015,EDU_EXP_PC_GDP_ED25,0.0
Czechia,CZ,CZ,2016,EDU_EXP_PC_GDP_ED25,0.0
Czechia,CZ,CZ,2017,EDU_EXP_PC_GDP_ED25,0.0
Czechia,CZ,CZ,2018,EDU_EXP_PC_GDP_ED25,0.01
Czechia,CZ,CZ,2019,EDU_EXP_PC_GDP_ED25,0.01
Czechia,CZ,CZ,2020,EDU_EXP_PC_GDP_ED25,0.01
Czechia,CZ,CZ,2021,EDU_EXP_PC_GDP_ED25,0.0
Czechia,CZ,CZ,2022,EDU_EXP_PC_GDP_ED25,0.0
Hungary,HU,HU,2012,EDU_EXP_PC_GDP_ED25,0.0
Hungary,HU,HU,2013,EDU_EXP_PC_GDP_ED25,0.0
Hungary,HU,HU,2014,EDU_EXP_PC_GDP_ED25,0.01
Hungary,HU,HU,2015,EDU_EXP_PC_GDP_ED25,0.02
Hungary,HU,HU,2016,EDU_EXP_PC_GDP_ED25,0.01
Hungary,HU,HU,2017,EDU_EXP_PC_GDP_ED25,0.0
Hungary,HU,HU,2018,EDU_EXP_PC_GDP_ED25,0.0
Hungary,HU,HU,2019,EDU_EXP_PC_GDP_ED25,0.0
Hungary,HU,HU,2020,EDU_EXP_PC_GDP_ED25,0.0
Italy,IT,IT,2012,EDU_EXP_PC_GDP_ED25,0.01
Italy,IT,IT,2013,EDU_EXP_PC_GDP_ED25,0.0
Italy,IT,IT,2014,EDU_EXP_PC_GDP_ED25,0.0
Italy,IT,IT,2015,EDU_EXP_PC_GDP_ED25,0.0
Italy,IT,IT,2016,EDU_EXP_PC_GDP_ED25,0.0
Italy,IT,IT,2017,EDU_EXP_PC_GDP_ED25,0.0
Italy,IT,IT,2018,EDU_EXP_PC_GDP_ED25,0.0
Italy,IT,IT,2019,EDU_EXP_PC_GDP_ED25,0.0
Italy,IT,IT,2020,EDU_EXP_PC_GDP_ED25,0.0
Italy,IT,IT,2021,EDU_EXP_PC_GDP_ED25,0.0
Netherlands,NL,NL,2012,EDU_EXP_PC_GDP_ED25,0.46
Netherlands,NL,NL,2013,EDU_EXP_PC_GDP_ED25,0.44
Netherlands,NL,NL,2014,EDU_EXP_PC_GDP_ED25,0.43
Netherlands,NL,NL,2015,EDU_EXP_PC_GDP_ED25,0.43
Netherlands,NL,NL,2016,EDU_EXP_PC_GDP_ED25,0.43
Netherlands,NL,NL,2017,EDU_EXP_PC_GDP_ED25,0.41
Netherlands,NL,NL,2018,EDU_EXP_PC_GDP_ED25,0.4
Netherlands,NL,NL,2019,EDU_EXP_PC_GDP_ED25,0.38
Netherlands,NL,NL,2020,EDU_EXP_PC_GDP_ED25,0.39
Netherlands,NL,NL,2021,EDU_EXP_PC_GDP_ED25,0.38
Netherlands,NL,NL,2022,EDU_EXP_PC_GDP_ED25,0.35
Slovakia,SK,SK,2013,EDU_EXP_PC_GDP_ED25,0.02
Slovakia,SK,SK,2014,EDU_EXP_PC_GDP_ED25,0.03
Slovakia,SK,SK,2015,EDU_EXP_PC_GDP_ED25,0.04
Slovakia,SK,SK,2016,EDU_EXP_PC_GDP_ED25,0.03
Slovakia,SK,SK,2017,EDU_EXP_PC_GDP_ED25,0.04
Slovakia,SK,SK,2018,EDU_EXP_PC_GDP_ED25,0.04
Slovakia,SK,SK,2019,EDU_EXP_PC_GDP_ED25,0.04
Slovakia,SK,SK,2020,EDU_EXP_PC_GDP_ED25,0.04
Slovakia,SK,SK,2021,EDU_EXP_PC_GDP_ED25,0.04
Slovakia,SK,SK,2022,EDU_EXP_PC_GDP_ED25,0.04
Austria,AT,AT,2012,EDU_EXP_PC_GDP_ED3,1.1
Austria,AT,AT,2013,EDU_EXP_PC_GDP_ED3,1.06
Austria,AT,AT,2014,EDU_EXP_PC_GDP_ED3,1.01
Austria,AT,AT,2015,EDU_EXP_PC_GDP_ED3,1.0
Austria,AT,AT,2016,EDU_EXP_PC_GDP_ED3,0.98
Austria,AT,AT,2017,EDU_EXP_PC_GDP_ED3,0.94
Austria,AT,AT,2018,EDU_EXP_PC_GDP_ED3,0.91
Austria,AT,AT,2019,EDU_EXP_PC_GDP_ED3,0.83
Austria,AT,AT,2020,EDU_EXP_PC_GDP_ED3,0.94
Austria,AT,AT,2021,EDU_EXP_PC_GDP_ED3,0.91
Austria,AT,AT,2022,EDU_EXP_PC_GDP_ED3,0.85
Belgium,BE,BE,2012,EDU_EXP_PC_GDP_ED3,1.86
Belgium,BE,BE,2013,EDU_EXP_PC_GDP_ED3,1.9
Belgium,BE,BE,2014,EDU_EXP_PC_GDP_ED3,1.87
Belgium,BE,BE,2015,EDU_EXP_PC_GDP_ED3,1.85
Belgium,BE,BE,2016,EDU_EXP_PC_GDP_ED3,1.79
Belgium,BE,BE,2017,EDU_EXP_PC_GDP_ED3,1.76
Belgium,BE,BE,2018,EDU_EXP_PC_GDP_ED3,1.71
Belgium,BE,BE,2019,EDU_EXP_PC_GDP_ED3,1.66
Belgium,BE,BE,2020,EDU_EXP_PC_GDP_ED3,1.8
Belgium,BE,BE,2021,EDU_EXP_PC_GDP_ED3,1.63
Belgium,BE,BE,2022,EDU_EXP_PC_GDP_ED3,1.57
Bulgaria,BG,BG,2012,EDU_EXP_PC_GDP_ED3,0.7
Bulgaria,BG,BG,2013,EDU_EXP_PC_GDP_ED3,0.79
Bulgaria,BG,BG,2014,EDU_EXP_PC_GDP_ED3,0.82
Bulgaria,BG,BG,2015,EDU_EXP_PC_GDP_ED3,0.75
Bulgaria,BG,BG,2016,EDU_EXP_PC_GDP_ED3,0.72
Bulgaria,BG,BG,2017,EDU_EXP_PC_GDP_ED3,0.73
Bulgaria,BG,BG,2018,EDU_EXP_PC_GDP_ED3,0.78
Bulgaria,BG,BG,2019,EDU_EXP_PC_GDP_ED3,0.82
Bulgaria,BG,BG,2020,EDU_EXP_PC_GDP_ED3,0.91
Bulgaria,BG,BG,2021,EDU_EXP_PC_GDP_ED3,0.97
Bulgaria,BG,BG,2022,EDU_EXP_PC_GDP_ED3,0.97
Czechia,CZ,CZ,2012,EDU_EXP_PC_GDP_ED3,1.03
Czechia,CZ,CZ,2013,EDU_EXP_PC_GDP_ED3,0.91
Czechia,CZ,CZ,2014,EDU_EXP_PC_GDP_ED3,0.86
Czechia,CZ,CZ,2015,EDU_EXP_PC_GDP_ED3,0.85
Czechia,CZ,CZ,2016,EDU_EXP_PC_GDP_ED3,0.78
Czechia,CZ,CZ,2017,EDU_EXP_PC_GDP_ED3,0.79
Czechia,CZ,CZ,2018,EDU_EXP_PC_GDP_ED3,0.9
Czechia,CZ,CZ,2019,EDU_EXP_PC_GDP_ED3,0.93
Czechia,CZ,CZ,2020,EDU_EXP_PC_GDP_ED3,0.99
Czechia,CZ,CZ,2021,EDU_EXP_PC_GDP_ED3,0.9
Czechia,CZ,CZ,2022,EDU_EXP_PC_GDP_ED3,0.88
Germany,DE,DE,2012,EDU_EXP_PC_GDP_ED3,0.88
Germany,DE,DE,2013,EDU_EXP_PC_GDP_ED3,0.86
Germany,DE,DE,2014,EDU_EXP_PC_GDP_ED3,0.85
Germany,DE,DE,2015,EDU_EXP_PC_GDP_ED3,0.83
Germany,DE,DE,2016,EDU_EXP_PC_GDP_ED3,0.83
Germany,DE,DE,2017,EDU_EXP_PC_GDP_ED3,0.82
Germany,DE,DE,2018,EDU_EXP_PC_GDP_ED3,0.82
Germany,DE,DE,2019,EDU_EXP_PC_GDP_ED3,0.82
Germany,DE,DE,2020,EDU_EXP_PC_GDP_ED3,0.89
Germany,DE,DE,2021,EDU_EXP_PC_GDP_ED3,0.81
Germany,DE,DE,2022,EDU_EXP_PC_GDP_ED3,0.76
Denmark,DK,DK,2012,EDU_EXP_PC_GDP_ED3,1.65
Denmark,DK,DK,2013,EDU_EXP_PC_GDP_ED3,1.62
Denmark,DK,DK,2014,EDU_EXP_PC_GDP_ED3,1.84
Denmark,DK,DK,2016,EDU_EXP_PC_GDP_ED3,1.23
Denmark,DK,DK,2017,EDU_EXP_PC_GDP_ED3,1.16
Denmark,DK,DK,2018,EDU_EXP_PC_GDP_ED3,1.12
Denmark,DK,DK,2019,EDU_EXP_PC_GDP_ED3,1.1
Denmark,DK,DK,2020,EDU_EXP_PC_GDP_ED3,1.1
Denmark,DK,DK,2021,EDU_EXP_PC_GDP_ED3,0.99
Denmark,DK,DK,2022,EDU_EXP_PC_GDP_ED3,0.87
Greece,EL,EL,2012,EDU_EXP_PC_GDP_ED3,0.81
Greece,EL,EL,2013,EDU_EXP_PC_GDP_ED3,0.78
Greece,EL,EL,2014,EDU_EXP_PC_GDP_ED3,0.74
Greece,EL,EL,2015,EDU_EXP_PC_GDP_ED3,0.71
Greece,EL,EL,2016,EDU_EXP_PC_GDP_ED3,0.72
Greece,EL,EL,2017,EDU_EXP_PC_GDP_ED3,0.68
Greece,EL,EL,2018,EDU_EXP_PC_GDP_ED3,0.67
Greece,EL,EL,2019,EDU_EXP_PC_GDP_ED3,0.62
Greece,EL,EL,2022,EDU_EXP_PC_GDP_ED3,0.52
Spain,ES,ES,2012,EDU_EXP_PC_GDP_ED3,0.83
Spain,ES,ES,2013,EDU_EXP_PC_GDP_ED3,0.84
Spain,ES,ES,2014,EDU_EXP_PC_GDP_ED3,0.83
Spain,ES,ES,2015,EDU_EXP_PC_GDP_ED3,0.83
Spain,ES,ES,2016,EDU_EXP_PC_GDP_ED3,0.84
Spain,ES,ES,2017,EDU_EXP_PC_GDP_ED3,0.83
Spain,ES,ES,2018,EDU_EXP_PC_GDP_ED3,0.82
Spain,ES,ES,2019,EDU_EXP_PC_GDP_ED3,0.84
Spain,ES,ES,2020,EDU_EXP_PC_GDP_ED3,0.97
Spain,ES,ES,2021,EDU_EXP_PC_GDP_ED3,0.98
Spain,ES,ES,2022,EDU_EXP_PC_GDP_ED3,0.93
Finland,FI,FI,2014,EDU_EXP_PC_GDP_ED3,1.59
Finland,FI,FI,2015,EDU_EXP_PC_GDP_ED3,1.53
Finland,FI,FI,2016,EDU_EXP_PC_GDP_ED3,1.43
Finland,FI,FI,2017,EDU_EXP_PC_GDP_ED3,1.29
Finland,FI,FI,2018,EDU_EXP_PC_GDP_ED3,1.25
Finland,FI,FI,2019,EDU_EXP_PC_GDP_ED3,1.25
Finland,FI,FI,2020,EDU_EXP_PC_GDP_ED3,1.31
Finland,FI,FI,2021,EDU_EXP_PC_GDP_ED3,1.34
Finland,FI,FI,2022,EDU_EXP_PC_GDP_ED3,1.31
France,FR,FR,2012,EDU_EXP_PC_GDP_ED3,1.18
France,FR,FR,2013,EDU_EXP_PC_GDP_ED3,1.17
France,FR,FR,2014,EDU_EXP_PC_GDP_ED3,1.17
France,FR,FR,2015,EDU_EXP_PC_GDP_ED3,1.15
France,FR,FR,2016,EDU_EXP_PC_GDP_ED3,1.16
France,FR,FR,2017,EDU_EXP_PC_GDP_ED3,1.15
France,FR,FR,2018,EDU_EXP_PC_GDP_ED3,1.13
France,FR,FR,2019,EDU_EXP_PC_GDP_ED3,1.11
France,FR,FR,2020,EDU_EXP_PC_GDP_ED3,1.15
France,FR,FR,2021,EDU_EXP_PC_GDP_ED3,1.1
France,FR,FR,2022,EDU_EXP_PC_GDP_ED3,1.06
Croatia,HR,HR,2015,EDU_EXP_PC_GDP_ED3,0.72
Croatia,HR,HR,2016,EDU_EXP_PC_GDP_ED3,0.85
Croatia,HR,HR,2017,EDU_EXP_PC_GDP_ED3,0.84
Croatia,HR,HR,2018,EDU_EXP_PC_GDP_ED3,0.85
Croatia,HR,HR,2019,EDU_EXP_PC_GDP_ED3,0.83
Croatia,HR,HR,2020,EDU_EXP_PC_GDP_ED3,0.95
Croatia,HR,HR,2021,EDU_EXP_PC_GDP_ED3,0.87
Croatia,HR,HR,2022,EDU_EXP_PC_GDP_ED3,0.7
Hungary,HU,HU,2012,EDU_EXP_PC_GDP_ED3,0.97
Hungary,HU,HU,2013,EDU_EXP_PC_GDP_ED3,0.82
Hungary,HU,HU,2014,EDU_EXP_PC_GDP_ED3,1.4
Hungary,HU,HU,2015,EDU_EXP_PC_GDP_ED3,1.08
Hungary,HU,HU,2016,EDU_EXP_PC_GDP_ED3,1.08
Hungary,HU,HU,2017,EDU_EXP_PC_GDP_ED3,1.07
Hungary,HU,HU,2018,EDU_EXP_PC_GDP_ED3,1.05
Hungary,HU,HU,2019,EDU_EXP_PC_GDP_ED3,0.83
Hungary,HU,HU,2020,EDU_EXP_PC_GDP_ED3,0.82
Hungary,HU,HU,2021,EDU_EXP_PC_GDP_ED3,0.76
Hungary,HU,HU,2022,EDU_EXP_PC_GDP_ED3,0.69
Ireland,IE,IE,2012,EDU_EXP_PC_GDP_ED3,1.02
Ireland,IE,IE,2013,EDU_EXP_PC_GDP_ED3,0.89
Ireland,IE,IE,2014,EDU_EXP_PC_GDP_ED3,0.83
Ireland,IE,IE,2015,EDU_EXP_PC_GDP_ED3,0.63
Ireland,IE,IE,2016,EDU_EXP_PC_GDP_ED3,0.59
Ireland,IE,IE,2017,EDU_EXP_PC_GDP_ED3,0.6
Ireland,IE,IE,2018,EDU_EXP_PC_GDP_ED3,0.58
Ireland,IE,IE,2019,EDU_EXP_PC_GDP_ED3,0.57
Ireland,IE,IE,2020,EDU_EXP_PC_GDP_ED3,0.55
Ireland,IE,IE,2021,EDU_EXP_PC_GDP_ED3,0.47
Ireland,IE,IE,2022,EDU_EXP_PC_GDP_ED3,0.48
Italy,IT,IT,2012,EDU_EXP_PC_GDP_ED3,1.04
Italy,IT,IT,2013,EDU_EXP_PC_GDP_ED3,1.08
Italy,IT,IT,2014,EDU_EXP_PC_GDP_ED3,1.04
Italy,IT,IT,2015,EDU_EXP_PC_GDP_ED3,1.05
Italy,IT,IT,2016,EDU_EXP_PC_GDP_ED3,1.09
Italy,IT,IT,2017,EDU_EXP_PC_GDP_ED3,1.16
Italy,IT,IT,2018,EDU_EXP_PC_GDP_ED3,1.37
Italy,IT,IT,2019,EDU_EXP_PC_GDP_ED3,1.13
Italy,IT,IT,2020,EDU_EXP_PC_GDP_ED3,1.24
Italy,IT,IT,2021,EDU_EXP_PC_GDP_ED3,1.18
Italy,IT,IT,2022,EDU_EXP_PC_GDP_ED3,1.13
Netherlands,NL,NL,2012,EDU_EXP_PC_GDP_ED3,1.11
Netherlands,NL,NL,2013,EDU_EXP_PC_GDP_ED3,1.04
Netherlands,NL,NL,2014,EDU_EXP_PC_GDP_ED3,1.04
Netherlands,NL,NL,2015,EDU_EXP_PC_GDP_ED3,1.03
Netherlands,NL,NL,2016,EDU_EXP_PC_GDP_ED3,1.05
Netherlands,NL,NL,2017,EDU_EXP_PC_GDP_ED3,0.98
Netherlands,NL,NL,2018,EDU_EXP_PC_GDP_ED3,1.05
Netherlands,NL,NL,2019,EDU_EXP_PC_GDP_ED3,0.99
Netherlands,NL,NL,2020,EDU_EXP_PC_GDP_ED3,1.03
Netherlands,NL,NL,2021,EDU_EXP_PC_GDP_ED3,1.06
Netherlands,NL,NL,2022,EDU_EXP_PC_GDP_ED3,0.96
Poland,PL,PL,2012,EDU_EXP_PC_GDP_ED3,0.87
Poland,PL,PL,2013,EDU_EXP_PC_GDP_ED3,0.83
Poland,PL,PL,2014,EDU_EXP_PC_GDP_ED3,0.79
Poland,PL,PL,2015,EDU_EXP_PC_GDP_ED3,0.78
Poland,PL,PL,2016,EDU_EXP_PC_GDP_ED3,0.76
Poland,PL,PL,2017,EDU_EXP_PC_GDP_ED3,0.72
Poland,PL,PL,2018,EDU_EXP_PC_GDP_ED3,0.68
Poland,PL,PL,2019,EDU_EXP_PC_GDP_ED3,0.72
Poland,PL,PL,2020,EDU_EXP_PC_GDP_ED3,0.82
Poland,PL,PL,2021,EDU_EXP_PC_GDP_ED3,0.78
Poland,PL,PL,2022,EDU_EXP_PC_GDP_ED3,0.72
Portugal,PT,PT,2012,EDU_EXP_PC_GDP_ED3,1.06
Portugal,PT,PT,2013,EDU_EXP_PC_GDP_ED3,1.09
Portugal,PT,PT,2014,EDU_EXP_PC_GDP_ED3,0.99
Portugal,PT,PT,2015,EDU_EXP_PC_GDP_ED3,0.99
Portugal,PT,PT,2016,EDU_EXP_PC_GDP_ED3,0.99
Portugal,PT,PT,2017,EDU_EXP_PC_GDP_ED3,1.09
Portugal,PT,PT,2018,EDU_EXP_PC_GDP_ED3,0.98
Portugal,PT,PT,2019,EDU_EXP_PC_GDP_ED3,1.05
Portugal,PT,PT,2020,EDU_EXP_PC_GDP_ED3,1.07
Portugal,PT,PT,2021,EDU_EXP_PC_GDP_ED3,1.02
Portugal,PT,PT,2022,EDU_EXP_PC_GDP_ED3,1.03
Romania,RO,RO,2012,EDU_EXP_PC_GDP_ED3,0.58
Romania,RO,RO,2013,EDU_EXP_PC_GDP_ED3,0.59
Romania,RO,RO,2014,EDU_EXP_PC_GDP_ED3,0.64
Romania,RO,RO,2015,EDU_EXP_PC_GDP_ED3,0.63
Romania,RO,RO,2016,EDU_EXP_PC_GDP_ED3,0.57
Romania,RO,RO,2017,EDU_EXP_PC_GDP_ED3,0.63
Romania,RO,RO,2018,EDU_EXP_PC_GDP_ED3,0.65
Romania,RO,RO,2019,EDU_EXP_PC_GDP_ED3,0.73
Romania,RO,RO,2020,EDU_EXP_PC_GDP_ED3,0.73
Romania,RO,RO,2021,EDU_EXP_PC_GDP_ED3,0.68
Romania,RO,RO,2022,EDU_EXP_PC_GDP_ED3,0.68
Sweden,SE,SE,2012,EDU_EXP_PC_GDP_ED3,1.42
Sweden,SE,SE,2013,EDU_EXP_PC_GDP_ED3,1.32
Sweden,SE,SE,2014,EDU_EXP_PC_GDP_ED3,1.28
Sweden,SE,SE,2015,EDU_EXP_PC_GDP_ED3,1.22
Sweden,SE,SE,2016,EDU_EXP_PC_GDP_ED3,1.22
Sweden,SE,SE,2017,EDU_EXP_PC_GDP_ED3,1.22
Sweden,SE,SE,2018,EDU_EXP_PC_GDP_ED3,1.28
Sweden,SE,SE,2019,EDU_EXP_PC_GDP_ED3,1.26
Sweden,SE,SE,2020,EDU_EXP_PC_GDP_ED3,1.32
Sweden,SE,SE,2021,EDU_EXP_PC_GDP_ED3,1.26
Sweden,SE,SE,2022,EDU_EXP_PC_GDP_ED3,1.21
Slovakia,SK,SK,2013,EDU_EXP_PC_GDP_ED3,0.85
Slovakia,SK,SK,2014,EDU_EXP_PC_GDP_ED3,0.86
Slovakia,SK,SK,2015,EDU_EXP_PC_GDP_ED3,0.9
Slovakia,SK,SK,2016,EDU_EXP_PC_GDP_ED3,0.79
Slovakia,SK,SK,2017,EDU_EXP_PC_GDP_ED3,0.81
Slovakia,SK,SK,2018,EDU_EXP_PC_GDP_ED3,0.79
Slovakia,SK,SK,2019,EDU_EXP_PC_GDP_ED3,0.84
Slovakia,SK,SK,2020,EDU_EXP_PC_GDP_ED3,0.95
Slovakia,SK,SK,2021,EDU_EXP_PC_GDP_ED3,0.96
Slovakia,SK,SK,2022,EDU_EXP_PC_GDP_ED3,0.86
Austria,AT,AT,2012,EDU_EXP_PC_GDP_ED34,0.37
Austria,AT,AT,2013,EDU_EXP_PC_GDP_ED34,0.35
Austria,AT,AT,2014,EDU_EXP_PC_GDP_ED34,0.33
Austria,AT,AT,2015,EDU_EXP_PC_GDP_ED34,0.33
Austria,AT,AT,2016,EDU_EXP_PC_GDP_ED34,0.33
Austria,AT,AT,2017,EDU_EXP_PC_GDP_ED34,0.32
Austria,AT,AT,2018,EDU_EXP_PC_GDP_ED34,0.3
Austria,AT,AT,2019,EDU_EXP_PC_GDP_ED34,0.27
Austria,AT,AT,2020,EDU_EXP_PC_GDP_ED34,0.31
Austria,AT,AT,2021,EDU_EXP_PC_GDP_ED34,0.31
Austria,AT,AT,2022,EDU_EXP_PC_GDP_ED34,0.29
Belgium,BE,BE,2012,EDU_EXP_PC_GDP_ED34,0.75
Belgium,BE,BE,2013,EDU_EXP_PC_GDP_ED34,0.75
Belgium,BE,BE,2014,EDU_EXP_PC_GDP_ED34,0.75
Belgium,BE,BE,2015,EDU_EXP_PC_GDP_ED34,0.72
Belgium,BE,BE,2016,EDU_EXP_PC_GDP_ED34,0.7
Belgium,BE,BE,2017,EDU_EXP_PC_GDP_ED34,0.71
Belgium,BE,BE,2018,EDU_EXP_PC_GDP_ED34,0.7
Belgium,BE,BE,2019,EDU_EXP_PC_GDP_ED34,0.68
Belgium,BE,BE,2020,EDU_EXP_PC_GDP_ED34,0.73
Belgium,BE,BE,2021,EDU_EXP_PC_GDP_ED34,0.67
Belgium,BE,BE,2022,EDU_EXP_PC_GDP_ED34,0.64
Bulgaria,BG,BG,2012,EDU_EXP_PC_GDP_ED34,0.29
Bulgaria,BG,BG,2013,EDU_EXP_PC_GDP_ED34,0.34
Bulgaria,BG,BG,2014,EDU_EXP_PC_GDP_ED34,0.36
Bulgaria,BG,BG,2015,EDU_EXP_PC_GDP_ED34,0.34
Bulgaria,BG,BG,2016,EDU_EXP_PC_GDP_ED34,0.33
Bulgaria,BG,BG,2017,EDU_EXP_PC_GDP_ED34,0.34
Bulgaria,BG,BG,2018,EDU_EXP_PC_GDP_ED34,0.35
Bulgaria,BG,BG,2019,EDU_EXP_PC_GDP_ED34,0.37
Bulgaria,BG,BG,2020,EDU_EXP_PC_GDP_ED34,0.4
Bulgaria,BG,BG,2021,EDU_EXP_PC_GDP_ED34,0.42
Bulgaria,BG,BG,2022,EDU_EXP_PC_GDP_ED34,0.44
Czechia,CZ,CZ,2012,EDU_EXP_PC_GDP_ED34,0.23
Czechia,CZ,CZ,2013,EDU_EXP_PC_GDP_ED34,0.2
Czechia,CZ,CZ,2014,EDU_EXP_PC_GDP_ED34,0.19
Czechia,CZ,CZ,2015,EDU_EXP_PC_GDP_ED34,0.2
Czechia,CZ,CZ,2016,EDU_EXP_PC_GDP_ED34,0.19
Czechia,CZ,CZ,2017,EDU_EXP_PC_GDP_ED34,0.19
Czechia,CZ,CZ,2018,EDU_EXP_PC_GDP_ED34,0.22
Czechia,CZ,CZ,2019,EDU_EXP_PC_GDP_ED34,0.23
Czechia,CZ,CZ,2020,EDU_EXP_PC_GDP_ED34,0.26
Czechia,CZ,CZ,2021,EDU_EXP_PC_GDP_ED34,0.25
Czechia,CZ,CZ,2022,EDU_EXP_PC_GDP_ED34,0.24
Germany,DE,DE,2012,EDU_EXP_PC_GDP_ED34,0.44
Germany,DE,DE,2013,EDU_EXP_PC_GDP_ED34,0.43
Germany,DE,DE,2014,EDU_EXP_PC_GDP_ED34,0.43
Germany,DE,DE,2015,EDU_EXP_PC_GDP_ED34,0.42
Germany,DE,DE,2016,EDU_EXP_PC_GDP_ED34,0.42
Germany,DE,DE,2017,EDU_EXP_PC_GDP_ED34,0.41
Germany,DE,DE,2018,EDU_EXP_PC_GDP_ED34,0.4
Germany,DE,DE,2019,EDU_EXP_PC_GDP_ED34,0.41
Germany,DE,DE,2020,EDU_EXP_PC_GDP_ED34,0.44
Germany,DE,DE,2021,EDU_EXP_PC_GDP_ED34,0.41
Germany,DE,DE,2022,EDU_EXP_PC_GDP_ED34,0.38
Denmark,DK,DK,2012,EDU_EXP_PC_GDP_ED34,1.65
Denmark,DK,DK,2016,EDU_EXP_PC_GDP_ED34,0.73
Denmark,DK,DK,2017,EDU_EXP_PC_GDP_ED34,0.71
Denmark,DK,DK,2018,EDU_EXP_PC_GDP_ED34,0.68
Denmark,DK,DK,2019,EDU_EXP_PC_GDP_ED34,0.65
Denmark,DK,DK,2020,EDU_EXP_PC_GDP_ED34,0.52
Denmark,DK,DK,2021,EDU_EXP_PC_GDP_ED34,0.45
Denmark,DK,DK,2022,EDU_EXP_PC_GDP_ED34,0.41
Greece,EL,EL,2012,EDU_EXP_PC_GDP_ED34,0.46
Greece,EL,EL,2013,EDU_EXP_PC_GDP_ED34,0.45
Greece,EL,EL,2014,EDU_EXP_PC_GDP_ED34,0.44
Greece,EL,EL,2015,EDU_EXP_PC_GDP_ED34,0.43
Greece,EL,EL,2016,EDU_EXP_PC_GDP_ED34,0.43
Greece,EL,EL,2017,EDU_EXP_PC_GDP_ED34,0.42
Greece,EL,EL,2018,EDU_EXP_PC_GDP_ED34,0.41
Greece,EL,EL,2019,EDU_EXP_PC_GDP_ED34,0.38
Greece,EL,EL,2022,EDU_EXP_PC_GDP_ED34,0.31
Spain,ES,ES,2012,EDU_EXP_PC_GDP_ED34,0.49
Spain,ES,ES,2013,EDU_EXP_PC_GDP_ED34,0.51
Spain,ES,ES,2014,EDU_EXP_PC_GDP_ED34,0.49
Spain,ES,ES,2015,EDU_EXP_PC_GDP_ED34,0.5
Spain,ES,ES,2016,EDU_EXP_PC_GDP_ED34,0.5
Spain,ES,ES,2017,EDU_EXP_PC_GDP_ED34,0.5
Spain,ES,ES,2018,EDU_EXP_PC_GDP_ED34,0.48
Spain,ES,ES,2019,EDU_EXP_PC_GDP_ED34,0.49
Spain,ES,ES,2020,EDU_EXP_PC_GDP_ED34,0.57
Spain,ES,ES,2021,EDU_EXP_PC_GDP_ED34,0.58
Spain,ES,ES,2022,EDU_EXP_PC_GDP_ED34,0.54
Finland,FI,FI,2012,EDU_EXP_PC_GDP_ED34,0.41
Finland,FI,FI,2013,EDU_EXP_PC_GDP_ED34,0.39
Finland,FI,FI,2014,EDU_EXP_PC_GDP_ED34,0.39
Finland,FI,FI,2015,EDU_EXP_PC_GDP_ED34,0.4
Finland,FI,FI,2016,EDU_EXP_PC_GDP_ED34,0.38
Finland,FI,FI,2017,EDU_EXP_PC_GDP_ED34,0.36
Finland,FI,FI,2018,EDU_EXP_PC_GDP_ED34,0.35
Finland,FI,FI,2019,EDU_EXP_PC_GDP_ED34,0.35
Finland,FI,FI,2020,EDU_EXP_PC_GDP_ED34,0.38
Finland,FI,FI,2021,EDU_EXP_PC_GDP_ED34,0.39
Finland,FI,FI,2022,EDU_EXP_PC_GDP_ED34,0.39
France,FR,FR,2012,EDU_EXP_PC_GDP_ED34,0.72
France,FR,FR,2013,EDU_EXP_PC_GDP_ED34,0.72
France,FR,FR,2014,EDU_EXP_PC_GDP_ED34,0.72
France,FR,FR,2015,EDU_EXP_PC_GDP_ED34,0.72
France,FR,FR,2016,EDU_EXP_PC_GDP_ED34,0.73
France,FR,FR,2017,EDU_EXP_PC_GDP_ED34,0.73
France,FR,FR,2018,EDU_EXP_PC_GDP_ED34,0.73
France,FR,FR,2019,EDU_EXP_PC_GDP_ED34,0.72
France,FR,FR,2020,EDU_EXP_PC_GDP_ED34,0.76
France,FR,FR,2021,EDU_EXP_PC_GDP_ED34,0.72
France,FR,FR,2022,EDU_EXP_PC_GDP_ED34,0.7
Hungary,HU,HU,2012,EDU_EXP_PC_GDP_ED34,0.7
Hungary,HU,HU,2013,EDU_EXP_PC_GDP_ED34,0.62
Hungary,HU,HU,2014,EDU_EXP_PC_GDP_ED34,1.09
Hungary,HU,HU,2015,EDU_EXP_PC_GDP_ED34,0.72
Hungary,HU,HU,2016,EDU_EXP_PC_GDP_ED34,0.7
Hungary,HU,HU,2017,EDU_EXP_PC_GDP_ED34,0.68
Hungary,HU,HU,2018,EDU_EXP_PC_GDP_ED34,0.63
Hungary,HU,HU,2019,EDU_EXP_PC_GDP_ED34,0.43
Hungary,HU,HU,2020,EDU_EXP_PC_GDP_ED34,0.38
Hungary,HU,HU,2021,EDU_EXP_PC_GDP_ED34,0.32
Hungary,HU,HU,2022,EDU_EXP_PC_GDP_ED34,0.29
Ireland,IE,IE,2013,EDU_EXP_PC_GDP_ED34,0.89
Ireland,IE,IE,2014,EDU_EXP_PC_GDP_ED34,0.83
Ireland,IE,IE,2015,EDU_EXP_PC_GDP_ED34,0.63
Netherlands,NL,NL,2012,EDU_EXP_PC_GDP_ED34,0.32
Netherlands,NL,NL,2013,EDU_EXP_PC_GDP_ED34,0.3
Netherlands,NL,NL,2014,EDU_EXP_PC_GDP_ED34,0.29
Netherlands,NL,NL,2015,EDU_EXP_PC_GDP_ED34,0.29
Netherlands,NL,NL,2016,EDU_EXP_PC_GDP_ED34,0.29
Netherlands,NL,NL,2017,EDU_EXP_PC_GDP_ED34,0.29
Netherlands,NL,NL,2018,EDU_EXP_PC_GDP_ED34,0.3
Netherlands,NL,NL,2019,EDU_EXP_PC_GDP_ED34,0.3
Netherlands,NL,NL,2020,EDU_EXP_PC_GDP_ED34,0.31
Netherlands,NL,NL,2021,EDU_EXP_PC_GDP_ED34,0.32
Netherlands,NL,NL,2022,EDU_EXP_PC_GDP_ED34,0.3
Poland,PL,PL,2012,EDU_EXP_PC_GDP_ED34,0.35
Poland,PL,PL,2013,EDU_EXP_PC_GDP_ED34,0.33
Poland,PL,PL,2014,EDU_EXP_PC_GDP_ED34,0.31
Poland,PL,PL,2015,EDU_EXP_PC_GDP_ED34,0.29
Poland,PL,PL,2016,EDU_EXP_PC_GDP_ED34,0.28
Poland,PL,PL,2017,EDU_EXP_PC_GDP_ED34,0.27
Poland,PL,PL,2018,EDU_EXP_PC_GDP_ED34,0.25
Poland,PL,PL,2019,EDU_EXP_PC_GDP_ED34,0.28
Poland,PL,PL,2020,EDU_EXP_PC_GDP_ED34,0.32
Poland,PL,PL,2021,EDU_EXP_PC_GDP_ED34,0.3
Poland,PL,PL,2022,EDU_EXP_PC_GDP_ED34,0.29
Romania,RO,RO,2012,EDU_EXP_PC_GDP_ED34,0.57
Romania,RO,RO,2013,EDU_EXP_PC_GDP_ED34,0.57
Romania,RO,RO,2014,EDU_EXP_PC_GDP_ED34,0.62
Romania,RO,RO,2015,EDU_EXP_PC_GDP_ED34,0.61
Romania,RO,RO,2016,EDU_EXP_PC_GDP_ED34,0.55
Romania,RO,RO,2017,EDU_EXP_PC_GDP_ED34,0.58
Romania,RO,RO,2018,EDU_EXP_PC_GDP_ED34,0.6
Romania,RO,RO,2019,EDU_EXP_PC_GDP_ED34,0.67
Romania,RO,RO,2020,EDU_EXP_PC_GDP_ED34,0.34
Romania,RO,RO,2021,EDU_EXP_PC_GDP_ED34,0.32
Romania,RO,RO,2022,EDU_EXP_PC_GDP_ED34,0.32
Sweden,SE,SE,2012,EDU_EXP_PC_GDP_ED34,0.59
Sweden,SE,SE,2013,EDU_EXP_PC_GDP_ED34,0.55
Sweden,SE,SE,2014,EDU_EXP_PC_GDP_ED34,0.53
Sweden,SE,SE,2015,EDU_EXP_PC_GDP_ED34,0.51
Sweden,SE,SE,2016,EDU_EXP_PC_GDP_ED34,0.7
Sweden,SE,SE,2017,EDU_EXP_PC_GDP_ED34,0.69
Sweden,SE,SE,2018,EDU_EXP_PC_GDP_ED34,0.73
Sweden,SE,SE,2019,EDU_EXP_PC_GDP_ED34,0.71
Sweden,SE,SE,2020,EDU_EXP_PC_GDP_ED34,0.72
Sweden,SE,SE,2021,EDU_EXP_PC_GDP_ED34,0.69
Sweden,SE,SE,2022,EDU_EXP_PC_GDP_ED34,0.66
Slovakia,SK,SK,2013,EDU_EXP_PC_GDP_ED34,0.23
Slovakia,SK,SK,2014,EDU_EXP_PC_GDP_ED34,0.22
Slovakia,SK,SK,2015,EDU_EXP_PC_GDP_ED34,0.27
Slovakia,SK,SK,2016,EDU_EXP_PC_GDP_ED34,0.25
Slovakia,SK,SK,2017,EDU_EXP_PC_GDP_ED34,0.25
Slovakia,SK,SK,2018,EDU_EXP_PC_GDP_ED34,0.25
Slovakia,SK,SK,2019,EDU_EXP_PC_GDP_ED34,0.26
Slovakia,SK,SK,2020,EDU_EXP_PC_GDP_ED34,0.29
Slovakia,SK,SK,2021,EDU_EXP_PC_GDP_ED34,0.28
Slovakia,SK,SK,2022,EDU_EXP_PC_GDP_ED34,0.24
Austria,AT,AT,2012,EDU_EXP_PC_GDP_ED34_44,0.37
Austria,AT,AT,2013,EDU_EXP_PC_GDP_ED34_44,0.35
Austria,AT,AT,2014,EDU_EXP_PC_GDP_ED34_44,0.33
Austria,AT,AT,2015,EDU_EXP_PC_GDP_ED34_44,0.33
Austria,AT,AT,2016,EDU_EXP_PC_GDP_ED34_44,0.33
Austria,AT,AT,2017,EDU_EXP_PC_GDP_ED34_44,0.32
Austria,AT,AT,2018,EDU_EXP_PC_GDP_ED34_44,0.3
Austria,AT,AT,2019,EDU_EXP_PC_GDP_ED34_44,0.29
Austria,AT,AT,2020,EDU_EXP_PC_GDP_ED34_44,0.31
Austria,AT,AT,2021,EDU_EXP_PC_GDP_ED34_44,0.31
Austria,AT,AT,2022,EDU_EXP_PC_GDP_ED34_44,0.29
Belgium,BE,BE,2012,EDU_EXP_PC_GDP_ED34_44,0.75
Belgium,BE,BE,2013,EDU_EXP_PC_GDP_ED34_44,0.75
Belgium,BE,BE,2014,EDU_EXP_PC_GDP_ED34_44,0.75
Belgium,BE,BE,2015,EDU_EXP_PC_GDP_ED34_44,0.72
Belgium,BE,BE,2016,EDU_EXP_PC_GDP_ED34_44,0.7
Belgium,BE,BE,2017,EDU_EXP_PC_GDP_ED34_44,0.71
Belgium,BE,BE,2018,EDU_EXP_PC_GDP_ED34_44,0.7
Belgium,BE,BE,2019,EDU_EXP_PC_GDP_ED34_44,0.68
Belgium,BE,BE,2020,EDU_EXP_PC_GDP_ED34_44,0.73
Belgium,BE,BE,2021,EDU_EXP_PC_GDP_ED34_44,0.67
Belgium,BE,BE,2022,EDU_EXP_PC_GDP_ED34_44,0.64
Bulgaria,BG,BG,2012,EDU_EXP_PC_GDP_ED34_44,0.29
Bulgaria,BG,BG,2013,EDU_EXP_PC_GDP_ED34_44,0.34
Bulgaria,BG,BG,2014,EDU_EXP_PC_GDP_ED34_44,0.36
Bulgaria,BG,BG,2015,EDU_EXP_PC_GDP_ED34_44,0.34
Bulgaria,BG,BG,2016,EDU_EXP_PC_GDP_ED34_44,0.33
Bulgaria,BG,BG,2017,EDU_EXP_PC_GDP_ED34_44,0.34
Bulgaria,BG,BG,2018,EDU_EXP_PC_GDP_ED34_44,0.35
Bulgaria,BG,BG,2019,EDU_EXP_PC_GDP_ED34_44,0.37
Bulgaria,BG,BG,2020,EDU_EXP_PC_GDP_ED34_44,0.4
Bulgaria,BG,BG,2021,EDU_EXP_PC_GDP_ED34_44,0.42
Bulgaria,BG,BG,2022,EDU_EXP_PC_GDP_ED34_44,0.44
Czechia,CZ,CZ,2012,EDU_EXP_PC_GDP_ED34_44,0.23
Czechia,CZ,CZ,2013,EDU_EXP_PC_GDP_ED34_44,0.21
Czechia,CZ,CZ,2014,EDU_EXP_PC_GDP_ED34_44,0.2
Czechia,CZ,CZ,2015,EDU_EXP_PC_GDP_ED34_44,0.21
Czechia,CZ,CZ,2016,EDU_EXP_PC_GDP_ED34_44,0.19
Czechia,CZ,CZ,2017,EDU_EXP_PC_GDP_ED34_44,0.19
Czechia,CZ,CZ,2018,EDU_EXP_PC_GDP_ED34_44,0.22
Czechia,CZ,CZ,2019,EDU_EXP_PC_GDP_ED34_44,0.23
Czechia,CZ,CZ,2020,EDU_EXP_PC_GDP_ED34_44,0.26
Czechia,CZ,CZ,2021,EDU_EXP_PC_GDP_ED34_44,0.25
Czechia,CZ,CZ,2022,EDU_EXP_PC_GDP_ED34_44,0.24
Germany,DE,DE,2012,EDU_EXP_PC_GDP_ED34_44,0.48
Germany,DE,DE,2013,EDU_EXP_PC_GDP_ED34_44,0.47
Germany,DE,DE,2014,EDU_EXP_PC_GDP_ED34_44,0.46
Germany,DE,DE,2015,EDU_EXP_PC_GDP_ED34_44,0.46
Germany,DE,DE,2016,EDU_EXP_PC_GDP_ED34_44,0.45
Germany,DE,DE,2017,EDU_EXP_PC_GDP_ED34_44,0.44
Germany,DE,DE,2018,EDU_EXP_PC_GDP_ED34_44,0.43
Germany,DE,DE,2019,EDU_EXP_PC_GDP_ED34_44,0.44
Germany,DE,DE,2020,EDU_EXP_PC_GDP_ED34_44,0.47
Germany,DE,DE,2021,EDU_EXP_PC_GDP_ED34_44,0.42
Germany,DE,DE,2022,EDU_EXP_PC_GDP_ED34_44,0.4
Denmark,DK,DK,2012,EDU_EXP_PC_GDP_ED34_44,1.65
Denmark,DK,DK,2016,EDU_EXP_PC_GDP_ED34_44,0.73
Denmark,DK,DK,2017,EDU_EXP_PC_GDP_ED34_44,0.71
Denmark,DK,DK,2018,EDU_EXP_PC_GDP_ED34_44,0.68
Denmark,DK,DK,2019,EDU_EXP_PC_GDP_ED34_44,0.65
Denmark,DK,DK,2020,EDU_EXP_PC_GDP_ED34_44,0.52
Denmark,DK,DK,2021,EDU_EXP_PC_GDP_ED34_44,0.45
Denmark,DK,DK,2022,EDU_EXP_PC_GDP_ED34_44,0.41
Greece,EL,EL,2012,EDU_EXP_PC_GDP_ED34_44,0.46
Greece,EL,EL,2013,EDU_EXP_PC_GDP_ED34_44,0.45
Greece,EL,EL,2014,EDU_EXP_PC_GDP_ED34_44,0.44
Greece,EL,EL,2015,EDU_EXP_PC_GDP_ED34_44,0.43
Greece,EL,EL,2016,EDU_EXP_PC_GDP_ED34_44,0.43
Greece,EL,EL,2017,EDU_EXP_PC_GDP_ED34_44,0.42
Greece,EL,EL,2018,EDU_EXP_PC_GDP_ED34_44,0.41
Greece,EL,EL,2019,EDU_EXP_PC_GDP_ED34_44,0.38
Greece,EL,EL,2022,EDU_EXP_PC_GDP_ED34_44,0.31
Spain,ES,ES,2012,EDU_EXP_PC_GDP_ED34_44,0.49
Spain,ES,ES,2013,EDU_EXP_PC_GDP_ED34_44,0.51
Spain,ES,ES,2014,EDU_EXP_PC_GDP_ED34_44,0.49
Spain,ES,ES,2015,EDU_EXP_PC_GDP_ED34_44,0.5
Spain,ES,ES,2016,EDU_EXP_PC_GDP_ED34_44,0.5
Spain,ES,ES,2017,EDU_EXP_PC_GDP_ED34_44,0.5
Spain,ES,ES,2018,EDU_EXP_PC_GDP_ED34_44,0.48
Spain,ES,ES,2019,EDU_EXP_PC_GDP_ED34_44,0.49
Spain,ES,ES,2020,EDU_EXP_PC_GDP_ED34_44,0.57
Spain,ES,ES,2021,EDU_EXP_PC_GDP_ED34_44,0.58
Spain,ES,ES,2022,EDU_EXP_PC_GDP_ED34_44,0.54
Finland,FI,FI,2012,EDU_EXP_PC_GDP_ED34_44,0.41
Finland,FI,FI,2013,EDU_EXP_PC_GDP_ED34_44,0.39
Finland,FI,FI,2014,EDU_EXP_PC_GDP_ED34_44,0.39
Finland,FI,FI,2015,EDU_EXP_PC_GDP_ED34_44,0.4
Finland,FI,FI,2016,EDU_EXP_PC_GDP_ED34_44,0.38
Finland,FI,FI,2017,EDU_EXP_PC_GDP_ED34_44,0.36
Finland,FI,FI,2018,EDU_EXP_PC_GDP_ED34_44,0.35
Finland,FI,FI,2019,EDU_EXP_PC_GDP_ED34_44,0.35
Finland,FI,FI,2020,EDU_EXP_PC_GDP_ED34_44,0.38
Finland,FI,FI,2021,EDU_EXP_PC_GDP_ED34_44,0.39
Finland,FI,FI,2022,EDU_EXP_PC_GDP_ED34_44,0.39
France,FR,FR,2012,EDU_EXP_PC_GDP_ED34_44,0.72
France,FR,FR,2013,EDU_EXP_PC_GDP_ED34_44,0.72
France,FR,FR,2014,EDU_EXP_PC_GDP_ED34_44,0.72
France,FR,FR,2015,EDU_EXP_PC_GDP_ED34_44,0.72
France,FR,FR,2016,EDU_EXP_PC_GDP_ED34_44,0.73
France,FR,FR,2017,EDU_EXP_PC_GDP_ED34_44,0.73
France,FR,FR,2018,EDU_EXP_PC_GDP_ED34_44,0.73
France,FR,FR,2019,EDU_EXP_PC_GDP_ED34_44,0.72
France,FR,FR,2020,EDU_EXP_PC_GDP_ED34_44,0.76
France,FR,FR,2021,EDU_EXP_PC_GDP_ED34_44,0.72
France,FR,FR,2022,EDU_EXP_PC_GDP_ED34_44,0.71
Hungary,HU,HU,2012,EDU_EXP_PC_GDP_ED34_44,0.7
Hungary,HU,HU,2013,EDU_EXP_PC_GDP_ED34_44,0.62
Hungary,HU,HU,2014,EDU_EXP_PC_GDP_ED34_44,1.09
Hungary,HU,HU,2015,EDU_EXP_PC_GDP_ED34_44,0.72
Hungary,HU,HU,2016,EDU_EXP_PC_GDP_ED34_44,0.7
Hungary,HU,HU,2017,EDU_EXP_PC_GDP_ED34_44,0.68
Hungary,HU,HU,2018,EDU_EXP_PC_GDP_ED34_44,0.63
Hungary,HU,HU,2019,EDU_EXP_PC_GDP_ED34_44,0.43
Hungary,HU,HU,2020,EDU_EXP_PC_GDP_ED34_44,0.38
Hungary,HU,HU,2021,EDU_EXP_PC_GDP_ED34_44,0.32
Hungary,HU,HU,2022,EDU_EXP_PC_GDP_ED34_44,0.29
Ireland,IE,IE,2013,EDU_EXP_PC_GDP_ED34_44,0.89
Ireland,IE,IE,2014,EDU_EXP_PC_GDP_ED34_44,0.83
Ireland,IE,IE,2015,EDU_EXP_PC_GDP_ED34_44,0.63
Italy,IT,IT,2022,EDU_EXP_PC_GDP_ED34_44,0.0
Netherlands,NL,NL,2012,EDU_EXP_PC_GDP_ED34_44,0.32
Netherlands,NL,NL,2013,EDU_EXP_PC_GDP_ED34_44,0.3
Netherlands,NL,NL,2014,EDU_EXP_PC_GDP_ED34_44,0.29
Netherlands,NL,NL,2015,EDU_EXP_PC_GDP_ED34_44,0.29
Netherlands,NL,NL,2016,EDU_EXP_PC_GDP_ED34_44,0.29
Netherlands,NL,NL,2017,EDU_EXP_PC_GDP_ED34_44,0.29
Netherlands,NL,NL,2018,EDU_EXP_PC_GDP_ED34_44,0.3
Netherlands,NL,NL,2019,EDU_EXP_PC_GDP_ED34_44,0.3
Netherlands,NL,NL,2020,EDU_EXP_PC_GDP_ED34_44,0.31
Netherlands,NL,NL,2021,EDU_EXP_PC_GDP_ED34_44,0.32
Netherlands,NL,NL,2022,EDU_EXP_PC_GDP_ED34_44,0.3
Poland,PL,PL,2012,EDU_EXP_PC_GDP_ED34_44,0.35
Poland,PL,PL,2013,EDU_EXP_PC_GDP_ED34_44,0.33
Poland,PL,PL,2014,EDU_EXP_PC_GDP_ED34_44,0.31
Poland,PL,PL,2015,EDU_EXP_PC_GDP_ED34_44,0.29
Poland,PL,PL,2016,EDU_EXP_PC_GDP_ED34_44,0.28
Poland,PL,PL,2017,EDU_EXP_PC_GDP_ED34_44,0.27
Poland,PL,PL,2018,EDU_EXP_PC_GDP_ED34_44,0.25
Poland,PL,PL,2019,EDU_EXP_PC_GDP_ED34_44,0.28
Poland,PL,PL,2020,EDU_EXP_PC_GDP_ED34_44,0.32
Poland,PL,PL,2021,EDU_EXP_PC_GDP_ED34_44,0.3
Poland,PL,PL,2022,EDU_EXP_PC_GDP_ED34_44,0.29
Romania,RO,RO,2012,EDU_EXP_PC_GDP_ED34_44,0.57
Romania,RO,RO,2013,EDU_EXP_PC_GDP_ED34_44,0.57
Romania,RO,RO,2014,EDU_EXP_PC_GDP_ED34_44,0.62
Romania,RO,RO,2015,EDU_EXP_PC_GDP_ED34_44,0.61
Romania,RO,RO,2016,EDU_EXP_PC_GDP_ED34_44,0.55
Romania,RO,RO,2017,EDU_EXP_PC_GDP_ED34_44,0.58
Romania,RO,RO,2018,EDU_EXP_PC_GDP_ED34_44,0.6
Romania,RO,RO,2019,EDU_EXP_PC_GDP_ED34_44,0.67
Romania,RO,RO,2020,EDU_EXP_PC_GDP_ED34_44,0.34
Romania,RO,RO,2021,EDU_EXP_PC_GDP_ED34_44,0.32
Romania,RO,RO,2022,EDU_EXP_PC_GDP_ED34_44,0.32
Sweden,SE,SE,2012,EDU_EXP_PC_GDP_ED34_44,0.61
Sweden,SE,SE,2013,EDU_EXP_PC_GDP_ED34_44,0.56
Sweden,SE,SE,2014,EDU_EXP_PC_GDP_ED34_44,0.55
Sweden,SE,SE,2015,EDU_EXP_PC_GDP_ED34_44,0.52
Sweden,SE,SE,2016,EDU_EXP_PC_GDP_ED34_44,0.7
Sweden,SE,SE,2017,EDU_EXP_PC_GDP_ED34_44,0.7
Sweden,SE,SE,2018,EDU_EXP_PC_GDP_ED34_44,0.75
Sweden,SE,SE,2019,EDU_EXP_PC_GDP_ED34_44,0.73
Sweden,SE,SE,2020,EDU_EXP_PC_GDP_ED34_44,0.76
Sweden,SE,SE,2021,EDU_EXP_PC_GDP_ED34_44,0.72
Sweden,SE,SE,2022,EDU_EXP_PC_GDP_ED34_44,0.68
Slovakia,SK,SK,2013,EDU_EXP_PC_GDP_ED34_44,0.23
Slovakia,SK,SK,2014,EDU_EXP_PC_GDP_ED34_44,0.22
Slovakia,SK,SK,2015,EDU_EXP_PC_GDP_ED34_44,0.27
Slovakia,SK,SK,2016,EDU_EXP_PC_GDP_ED34_44,0.25
Slovakia,SK,SK,2017,EDU_EXP_PC_GDP_ED34_44,0.25
Slovakia,SK,SK,2018,EDU_EXP_PC_GDP_ED34_44,0.25
Slovakia,SK,SK,2019,EDU_EXP_PC_GDP_ED34_44,0.26
Slovakia,SK,SK,2020,EDU_EXP_PC_GDP_ED34_44,0.29
Slovakia,SK,SK,2021,EDU_EXP_PC_GDP_ED34_44,0.28
Slovakia,SK,SK,2022,EDU_EXP_PC_GDP_ED34_44,0.24
Austria,AT,AT,2012,EDU_EXP_PC_GDP_ED35,0.73
Austria,AT,AT,2013,EDU_EXP_PC_GDP_ED35,0.71
Austria,AT,AT,2014,EDU_EXP_PC_GDP_ED35,0.68
Austria,AT,AT,2015,EDU_EXP_PC_GDP_ED35,0.66
Austria,AT,AT,2016,EDU_EXP_PC_GDP_ED35,0.65
Austria,AT,AT,2017,EDU_EXP_PC_GDP_ED35,0.63
Austria,AT,AT,2018,EDU_EXP_PC_GDP_ED35,0.61
Austria,AT,AT,2019,EDU_EXP_PC_GDP_ED35,0.56
Austria,AT,AT,2020,EDU_EXP_PC_GDP_ED35,0.62
Austria,AT,AT,2021,EDU_EXP_PC_GDP_ED35,0.6
Austria,AT,AT,2022,EDU_EXP_PC_GDP_ED35,0.56
Belgium,BE,BE,2012,EDU_EXP_PC_GDP_ED35,1.11
Belgium,BE,BE,2013,EDU_EXP_PC_GDP_ED35,1.15
Belgium,BE,BE,2014,EDU_EXP_PC_GDP_ED35,1.13
Belgium,BE,BE,2015,EDU_EXP_PC_GDP_ED35,1.13
Belgium,BE,BE,2016,EDU_EXP_PC_GDP_ED35,1.09
Belgium,BE,BE,2017,EDU_EXP_PC_GDP_ED35,1.05
Belgium,BE,BE,2018,EDU_EXP_PC_GDP_ED35,1.01
Belgium,BE,BE,2019,EDU_EXP_PC_GDP_ED35,0.98
Belgium,BE,BE,2020,EDU_EXP_PC_GDP_ED35,1.07
Belgium,BE,BE,2021,EDU_EXP_PC_GDP_ED35,0.96
Belgium,BE,BE,2022,EDU_EXP_PC_GDP_ED35,0.93
Bulgaria,BG,BG,2012,EDU_EXP_PC_GDP_ED35,0.41
Bulgaria,BG,BG,2013,EDU_EXP_PC_GDP_ED35,0.45
Bulgaria,BG,BG,2014,EDU_EXP_PC_GDP_ED35,0.46
Bulgaria,BG,BG,2015,EDU_EXP_PC_GDP_ED35,0.41
Bulgaria,BG,BG,2016,EDU_EXP_PC_GDP_ED35,0.38
Bulgaria,BG,BG,2017,EDU_EXP_PC_GDP_ED35,0.39
Bulgaria,BG,BG,2018,EDU_EXP_PC_GDP_ED35,0.43
Bulgaria,BG,BG,2019,EDU_EXP_PC_GDP_ED35,0.45
Bulgaria,BG,BG,2020,EDU_EXP_PC_GDP_ED35,0.51
Bulgaria,BG,BG,2021,EDU_EXP_PC_GDP_ED35,0.56
Bulgaria,BG,BG,2022,EDU_EXP_PC_GDP_ED35,0.53
Czechia,CZ,CZ,2012,EDU_EXP_PC_GDP_ED35,0.8
Czechia,CZ,CZ,2013,EDU_EXP_PC_GDP_ED35,0.71
Czechia,CZ,CZ,2014,EDU_EXP_PC_GDP_ED35,0.67
Czechia,CZ,CZ,2015,EDU_EXP_PC_GDP_ED35,0.65
Czechia,CZ,CZ,2016,EDU_EXP_PC_GDP_ED35,0.6
Czechia,CZ,CZ,2017,EDU_EXP_PC_GDP_ED35,0.6
Czechia,CZ,CZ,2018,EDU_EXP_PC_GDP_ED35,0.68
Czechia,CZ,CZ,2019,EDU_EXP_PC_GDP_ED35,0.7
Czechia,CZ,CZ,2020,EDU_EXP_PC_GDP_ED35,0.72
Czechia,CZ,CZ,2021,EDU_EXP_PC_GDP_ED35,0.65
Czechia,CZ,CZ,2022,EDU_EXP_PC_GDP_ED35,0.63
Germany,DE,DE,2012,EDU_EXP_PC_GDP_ED35,0.45
Germany,DE,DE,2013,EDU_EXP_PC_GDP_ED35,0.43
Germany,DE,DE,2014,EDU_EXP_PC_GDP_ED35,0.42
Germany,DE,DE,2015,EDU_EXP_PC_GDP_ED35,0.41
Germany,DE,DE,2016,EDU_EXP_PC_GDP_ED35,0.41
Germany,DE,DE,2017,EDU_EXP_PC_GDP_ED35,0.41
Germany,DE,DE,2018,EDU_EXP_PC_GDP_ED35,0.42
Germany,DE,DE,2019,EDU_EXP_PC_GDP_ED35,0.41
Germany,DE,DE,2020,EDU_EXP_PC_GDP_ED35,0.45
Germany,DE,DE,2021,EDU_EXP_PC_GDP_ED35,0.4
Germany,DE,DE,2022,EDU_EXP_PC_GDP_ED35,0.38
Denmark,DK,DK,2012,EDU_EXP_PC_GDP_ED35,0.0
Denmark,DK,DK,2016,EDU_EXP_PC_GDP_ED35,0.49
Denmark,DK,DK,2017,EDU_EXP_PC_GDP_ED35,0.45
Denmark,DK,DK,2018,EDU_EXP_PC_GDP_ED35,0.45
Denmark,DK,DK,2019,EDU_EXP_PC_GDP_ED35,0.44
Denmark,DK,DK,2020,EDU_EXP_PC_GDP_ED35,0.58
Denmark,DK,DK,2021,EDU_EXP_PC_GDP_ED35,0.54
Denmark,DK,DK,2022,EDU_EXP_PC_GDP_ED35,0.46
Greece,EL,EL,2012,EDU_EXP_PC_GDP_ED35,0.35
Greece,EL,EL,2013,EDU_EXP_PC_GDP_ED35,0.34
Greece,EL,EL,2014,EDU_EXP_PC_GDP_ED35,0.3
Greece,EL,EL,2015,EDU_EXP_PC_GDP_ED35,0.28
Greece,EL,EL,2016,EDU_EXP_PC_GDP_ED35,0.29
Greece,EL,EL,2017,EDU_EXP_PC_GDP_ED35,0.26
Greece,EL,EL,2018,EDU_EXP_PC_GDP_ED35,0.26
Greece,EL,EL,2019,EDU_EXP_PC_GDP_ED35,0.25
Greece,EL,EL,2022,EDU_EXP_PC_GDP_ED35,0.21
Spain,ES,ES,2012,EDU_EXP_PC_GDP_ED35,0.34
Spain,ES,ES,2013,EDU_EXP_PC_GDP_ED35,0.33
Spain,ES,ES,2014,EDU_EXP_PC_GDP_ED35,0.34
Spain,ES,ES,2015,EDU_EXP_PC_GDP_ED35,0.33
Spain,ES,ES,2016,EDU_EXP_PC_GDP_ED35,0.33
Spain,ES,ES,2017,EDU_EXP_PC_GDP_ED35,0.33
Spain,ES,ES,2018,EDU_EXP_PC_GDP_ED35,0.34
Spain,ES,ES,2019,EDU_EXP_PC_GDP_ED35,0.35
Spain,ES,ES,2020,EDU_EXP_PC_GDP_ED35,0.4
Spain,ES,ES,2021,EDU_EXP_PC_GDP_ED35,0.4
Spain,ES,ES,2022,EDU_EXP_PC_GDP_ED35,0.39
Finland,FI,FI,2014,EDU_EXP_PC_GDP_ED35,1.2
Finland,FI,FI,2015,EDU_EXP_PC_GDP_ED35,1.13
Finland,FI,FI,2016,EDU_EXP_PC_GDP_ED35,1.05
Finland,FI,FI,2017,EDU_EXP_PC_GDP_ED35,0.93
Finland,FI,FI,2018,EDU_EXP_PC_GDP_ED35,0.9
Finland,FI,FI,2019,EDU_EXP_PC_GDP_ED35,0.9
Finland,FI,FI,2020,EDU_EXP_PC_GDP_ED35,0.93
Finland,FI,FI,2021,EDU_EXP_PC_GDP_ED35,0.96
Finland,FI,FI,2022,EDU_EXP_PC_GDP_ED35,0.92
France,FR,FR,2012,EDU_EXP_PC_GDP_ED35,0.46
France,FR,FR,2013,EDU_EXP_PC_GDP_ED35,0.45
France,FR,FR,2014,EDU_EXP_PC_GDP_ED35,0.45
France,FR,FR,2015,EDU_EXP_PC_GDP_ED35,0.44
France,FR,FR,2016,EDU_EXP_PC_GDP_ED35,0.43
France,FR,FR,2017,EDU_EXP_PC_GDP_ED35,0.42
France,FR,FR,2018,EDU_EXP_PC_GDP_ED35,0.41
France,FR,FR,2019,EDU_EXP_PC_GDP_ED35,0.39
France,FR,FR,2020,EDU_EXP_PC_GDP_ED35,0.39
France,FR,FR,2021,EDU_EXP_PC_GDP_ED35,0.37
France,FR,FR,2022,EDU_EXP_PC_GDP_ED35,0.36
Hungary,HU,HU,2012,EDU_EXP_PC_GDP_ED35,0.28
Hungary,HU,HU,2013,EDU_EXP_PC_GDP_ED35,0.2
Hungary,HU,HU,2014,EDU_EXP_PC_GDP_ED35,0.31
Hungary,HU,HU,2015,EDU_EXP_PC_GDP_ED35,0.36
Hungary,HU,HU,2016,EDU_EXP_PC_GDP_ED35,0.37
Hungary,HU,HU,2017,EDU_EXP_PC_GDP_ED35,0.39
Hungary,HU,HU,2018,EDU_EXP_PC_GDP_ED35,0.42
Hungary,HU,HU,2019,EDU_EXP_PC_GDP_ED35,0.4
Hungary,HU,HU,2020,EDU_EXP_PC_GDP_ED35,0.44
Hungary,HU,HU,2021,EDU_EXP_PC_GDP_ED35,0.43
Hungary,HU,HU,2022,EDU_EXP_PC_GDP_ED35,0.4
Netherlands,NL,NL,2012,EDU_EXP_PC_GDP_ED35,0.8
Netherlands,NL,NL,2013,EDU_EXP_PC_GDP_ED35,0.74
Netherlands,NL,NL,2014,EDU_EXP_PC_GDP_ED35,0.76
Netherlands,NL,NL,2015,EDU_EXP_PC_GDP_ED35,0.74
Netherlands,NL,NL,2016,EDU_EXP_PC_GDP_ED35,0.76
Netherlands,NL,NL,2017,EDU_EXP_PC_GDP_ED35,0.69
Netherlands,NL,NL,2018,EDU_EXP_PC_GDP_ED35,0.76
Netherlands,NL,NL,2019,EDU_EXP_PC_GDP_ED35,0.69
Netherlands,NL,NL,2020,EDU_EXP_PC_GDP_ED35,0.72
Netherlands,NL,NL,2021,EDU_EXP_PC_GDP_ED35,0.74
Netherlands,NL,NL,2022,EDU_EXP_PC_GDP_ED35,0.66
Poland,PL,PL,2012,EDU_EXP_PC_GDP_ED35,0.51
Poland,PL,PL,2013,EDU_EXP_PC_GDP_ED35,0.5
Poland,PL,PL,2014,EDU_EXP_PC_GDP_ED35,0.48
Poland,PL,PL,2015,EDU_EXP_PC_GDP_ED35,0.48
Poland,PL,PL,2016,EDU_EXP_PC_GDP_ED35,0.47
Poland,PL,PL,2017,EDU_EXP_PC_GDP_ED35,0.45
Poland,PL,PL,2018,EDU_EXP_PC_GDP_ED35,0.42
Poland,PL,PL,2019,EDU_EXP_PC_GDP_ED35,0.44
Poland,PL,PL,2020,EDU_EXP_PC_GDP_ED35,0.5
Poland,PL,PL,2021,EDU_EXP_PC_GDP_ED35,0.48
Poland,PL,PL,2022,EDU_EXP_PC_GDP_ED35,0.43
Romania,RO,RO,2012,EDU_EXP_PC_GDP_ED35,0.02
Romania,RO,RO,2013,EDU_EXP_PC_GDP_ED35,0.02
Romania,RO,RO,2014,EDU_EXP_PC_GDP_ED35,0.01
Romania,RO,RO,2015,EDU_EXP_PC_GDP_ED35,0.02
Romania,RO,RO,2016,EDU_EXP_PC_GDP_ED35,0.02
Romania,RO,RO,2017,EDU_EXP_PC_GDP_ED35,0.05
Romania,RO,RO,2018,EDU_EXP_PC_GDP_ED35,0.05
Romania,RO,RO,2019,EDU_EXP_PC_GDP_ED35,0.06
Romania,RO,RO,2020,EDU_EXP_PC_GDP_ED35,0.39
Romania,RO,RO,2021,EDU_EXP_PC_GDP_ED35,0.37
Romania,RO,RO,2022,EDU_EXP_PC_GDP_ED35,0.36
Sweden,SE,SE,2012,EDU_EXP_PC_GDP_ED35,0.83
Sweden,SE,SE,2013,EDU_EXP_PC_GDP_ED35,0.77
Sweden,SE,SE,2014,EDU_EXP_PC_GDP_ED35,0.75
Sweden,SE,SE,2015,EDU_EXP_PC_GDP_ED35,0.71
Sweden,SE,SE,2016,EDU_EXP_PC_GDP_ED35,0.52
Sweden,SE,SE,2017,EDU_EXP_PC_GDP_ED35,0.53
Sweden,SE,SE,2018,EDU_EXP_PC_GDP_ED35,0.55
Sweden,SE,SE,2019,EDU_EXP_PC_GDP_ED35,0.56
Sweden,SE,SE,2020,EDU_EXP_PC_GDP_ED35,0.59
Sweden,SE,SE,2021,EDU_EXP_PC_GDP_ED35,0.57
Sweden,SE,SE,2022,EDU_EXP_PC_GDP_ED35,0.56
Slovakia,SK,SK,2013,EDU_EXP_PC_GDP_ED35,0.62
Slovakia,SK,SK,2014,EDU_EXP_PC_GDP_ED35,0.63
Slovakia,SK,SK,2015,EDU_EXP_PC_GDP_ED35,0.63
Slovakia,SK,SK,2016,EDU_EXP_PC_GDP_ED35,0.54
Slovakia,SK,SK,2017,EDU_EXP_PC_GDP_ED35,0.56
Slovakia,SK,SK,2018,EDU_EXP_PC_GDP_ED35,0.54
Slovakia,SK,SK,2019,EDU_EXP_PC_GDP_ED35,0.58
Slovakia,SK,SK,2020,EDU_EXP_PC_GDP_ED35,0.66
Slovakia,SK,SK,2021,EDU_EXP_PC_GDP_ED35,0.69
Slovakia,SK,SK,2022,EDU_EXP_PC_GDP_ED35,0.62
Austria,AT,AT,2012,EDU_EXP_PC_GDP_ED35_45,0.75
Austria,AT,AT,2013,EDU_EXP_PC_GDP_ED35_45,0.73
Austria,AT,AT,2014,EDU_EXP_PC_GDP_ED35_45,0.7
Austria,AT,AT,2015,EDU_EXP_PC_GDP_ED35_45,0.68
Austria,AT,AT,2016,EDU_EXP_PC_GDP_ED35_45,0.67
Austria,AT,AT,2017,EDU_EXP_PC_GDP_ED35_45,0.64
Austria,AT,AT,2018,EDU_EXP_PC_GDP_ED35_45,0.62
Austria,AT,AT,2019,EDU_EXP_PC_GDP_ED35_45,0.57
Austria,AT,AT,2020,EDU_EXP_PC_GDP_ED35_45,0.63
Austria,AT,AT,2021,EDU_EXP_PC_GDP_ED35_45,0.61
Austria,AT,AT,2022,EDU_EXP_PC_GDP_ED35_45,0.57
Belgium,BE,BE,2012,EDU_EXP_PC_GDP_ED35_45,1.11
Belgium,BE,BE,2013,EDU_EXP_PC_GDP_ED35_45,1.15
Belgium,BE,BE,2014,EDU_EXP_PC_GDP_ED35_45,1.13
Belgium,BE,BE,2015,EDU_EXP_PC_GDP_ED35_45,1.13
Belgium,BE,BE,2016,EDU_EXP_PC_GDP_ED35_45,1.09
Belgium,BE,BE,2017,EDU_EXP_PC_GDP_ED35_45,1.05
Belgium,BE,BE,2018,EDU_EXP_PC_GDP_ED35_45,1.01
Belgium,BE,BE,2019,EDU_EXP_PC_GDP_ED35_45,0.98
Belgium,BE,BE,2020,EDU_EXP_PC_GDP_ED35_45,1.07
Belgium,BE,BE,2021,EDU_EXP_PC_GDP_ED35_45,0.96
Belgium,BE,BE,2022,EDU_EXP_PC_GDP_ED35_45,0.93
Bulgaria,BG,BG,2012,EDU_EXP_PC_GDP_ED35_45,0.41
Bulgaria,BG,BG,2013,EDU_EXP_PC_GDP_ED35_45,0.46
Bulgaria,BG,BG,2014,EDU_EXP_PC_GDP_ED35_45,0.46
Bulgaria,BG,BG,2015,EDU_EXP_PC_GDP_ED35_45,0.41
Bulgaria,BG,BG,2016,EDU_EXP_PC_GDP_ED35_45,0.39
Bulgaria,BG,BG,2017,EDU_EXP_PC_GDP_ED35_45,0.4
Bulgaria,BG,BG,2018,EDU_EXP_PC_GDP_ED35_45,0.43
Bulgaria,BG,BG,2019,EDU_EXP_PC_GDP_ED35_45,0.45
Bulgaria,BG,BG,2020,EDU_EXP_PC_GDP_ED35_45,0.51
Bulgaria,BG,BG,2021,EDU_EXP_PC_GDP_ED35_45,0.56
Bulgaria,BG,BG,2022,EDU_EXP_PC_GDP_ED35_45,0.53
Czechia,CZ,CZ,2012,EDU_EXP_PC_GDP_ED35_45,0.8
Czechia,CZ,CZ,2013,EDU_EXP_PC_GDP_ED35_45,0.71
Czechia,CZ,CZ,2014,EDU_EXP_PC_GDP_ED35_45,0.68
Czechia,CZ,CZ,2015,EDU_EXP_PC_GDP_ED35_45,0.65
Czechia,CZ,CZ,2016,EDU_EXP_PC_GDP_ED35_45,0.6
Czechia,CZ,CZ,2017,EDU_EXP_PC_GDP_ED35_45,0.6
Czechia,CZ,CZ,2018,EDU_EXP_PC_GDP_ED35_45,0.68
Czechia,CZ,CZ,2019,EDU_EXP_PC_GDP_ED35_45,0.7
Czechia,CZ,CZ,2020,EDU_EXP_PC_GDP_ED35_45,0.73
Czechia,CZ,CZ,2021,EDU_EXP_PC_GDP_ED35_45,0.65
Czechia,CZ,CZ,2022,EDU_EXP_PC_GDP_ED35_45,0.63
Germany,DE,DE,2012,EDU_EXP_PC_GDP_ED35_45,0.58
Germany,DE,DE,2013,EDU_EXP_PC_GDP_ED35_45,0.56
Germany,DE,DE,2014,EDU_EXP_PC_GDP_ED35_45,0.55
Germany,DE,DE,2015,EDU_EXP_PC_GDP_ED35_45,0.54
Germany,DE,DE,2016,EDU_EXP_PC_GDP_ED35_45,0.53
Germany,DE,DE,2017,EDU_EXP_PC_GDP_ED35_45,0.54
Germany,DE,DE,2018,EDU_EXP_PC_GDP_ED35_45,0.54
Germany,DE,DE,2019,EDU_EXP_PC_GDP_ED35_45,0.54
Germany,DE,DE,2020,EDU_EXP_PC_GDP_ED35_45,0.59
Germany,DE,DE,2021,EDU_EXP_PC_GDP_ED35_45,0.51
Germany,DE,DE,2022,EDU_EXP_PC_GDP_ED35_45,0.48
Denmark,DK,DK,2012,EDU_EXP_PC_GDP_ED35_45,0.0
Denmark,DK,DK,2016,EDU_EXP_PC_GDP_ED35_45,0.49
Denmark,DK,DK,2017,EDU_EXP_PC_GDP_ED35_45,0.45
Denmark,DK,DK,2018,EDU_EXP_PC_GDP_ED35_45,0.45
Denmark,DK,DK,2019,EDU_EXP_PC_GDP_ED35_45,0.44
Denmark,DK,DK,2020,EDU_EXP_PC_GDP_ED35_45,0.58
Denmark,DK,DK,2021,EDU_EXP_PC_GDP_ED35_45,0.54
Denmark,DK,DK,2022,EDU_EXP_PC_GDP_ED35_45,0.46
Greece,EL,EL,2012,EDU_EXP_PC_GDP_ED35_45,0.36
Greece,EL,EL,2013,EDU_EXP_PC_GDP_ED35_45,0.34
Greece,EL,EL,2014,EDU_EXP_PC_GDP_ED35_45,0.31
Greece,EL,EL,2015,EDU_EXP_PC_GDP_ED35_45,0.31
Greece,EL,EL,2016,EDU_EXP_PC_GDP_ED35_45,0.31
Greece,EL,EL,2017,EDU_EXP_PC_GDP_ED35_45,0.27
Greece,EL,EL,2018,EDU_EXP_PC_GDP_ED35_45,0.28
Greece,EL,EL,2019,EDU_EXP_PC_GDP_ED35_45,0.26
Greece,EL,EL,2022,EDU_EXP_PC_GDP_ED35_45,0.25
Spain,ES,ES,2012,EDU_EXP_PC_GDP_ED35_45,0.34
Spain,ES,ES,2013,EDU_EXP_PC_GDP_ED35_45,0.33
Spain,ES,ES,2014,EDU_EXP_PC_GDP_ED35_45,0.34
Spain,ES,ES,2015,EDU_EXP_PC_GDP_ED35_45,0.33
Spain,ES,ES,2016,EDU_EXP_PC_GDP_ED35_45,0.33
Spain,ES,ES,2017,EDU_EXP_PC_GDP_ED35_45,0.33
Spain,ES,ES,2018,EDU_EXP_PC_GDP_ED35_45,0.34
Spain,ES,ES,2019,EDU_EXP_PC_GDP_ED35_45,0.35
Spain,ES,ES,2020,EDU_EXP_PC_GDP_ED35_45,0.4
Spain,ES,ES,2021,EDU_EXP_PC_GDP_ED35_45,0.4
Spain,ES,ES,2022,EDU_EXP_PC_GDP_ED35_45,0.39
Finland,FI,FI,2012,EDU_EXP_PC_GDP_ED35_45,1.3
Finland,FI,FI,2013,EDU_EXP_PC_GDP_ED35_45,1.24
Finland,FI,FI,2014,EDU_EXP_PC_GDP_ED35_45,1.2
Finland,FI,FI,2015,EDU_EXP_PC_GDP_ED35_45,1.13
Finland,FI,FI,2016,EDU_EXP_PC_GDP_ED35_45,1.05
Finland,FI,FI,2017,EDU_EXP_PC_GDP_ED35_45,0.93
Finland,FI,FI,2018,EDU_EXP_PC_GDP_ED35_45,0.9
Finland,FI,FI,2019,EDU_EXP_PC_GDP_ED35_45,0.9
Finland,FI,FI,2020,EDU_EXP_PC_GDP_ED35_45,0.93
Finland,FI,FI,2021,EDU_EXP_PC_GDP_ED35_45,0.96
Finland,FI,FI,2022,EDU_EXP_PC_GDP_ED35_45,0.92
France,FR,FR,2012,EDU_EXP_PC_GDP_ED35_45,0.48
France,FR,FR,2013,EDU_EXP_PC_GDP_ED35_45,0.47
France,FR,FR,2014,EDU_EXP_PC_GDP_ED35_45,0.46
France,FR,FR,2015,EDU_EXP_PC_GDP_ED35_45,0.45
France,FR,FR,2016,EDU_EXP_PC_GDP_ED35_45,0.45
France,FR,FR,2017,EDU_EXP_PC_GDP_ED35_45,0.44
France,FR,FR,2018,EDU_EXP_PC_GDP_ED35_45,0.42
France,FR,FR,2019,EDU_EXP_PC_GDP_ED35_45,0.41
France,FR,FR,2020,EDU_EXP_PC_GDP_ED35_45,0.41
France,FR,FR,2021,EDU_EXP_PC_GDP_ED35_45,0.39
France,FR,FR,2022,EDU_EXP_PC_GDP_ED35_45,0.38
Hungary,HU,HU,2012,EDU_EXP_PC_GDP_ED35_45,0.38
Hungary,HU,HU,2013,EDU_EXP_PC_GDP_ED35_45,0.31
Hungary,HU,HU,2014,EDU_EXP_PC_GDP_ED35_45,0.56
Hungary,HU,HU,2015,EDU_EXP_PC_GDP_ED35_45,0.66
Hungary,HU,HU,2016,EDU_EXP_PC_GDP_ED35_45,0.64
Hungary,HU,HU,2017,EDU_EXP_PC_GDP_ED35_45,0.67
Hungary,HU,HU,2018,EDU_EXP_PC_GDP_ED35_45,0.66
Hungary,HU,HU,2019,EDU_EXP_PC_GDP_ED35_45,0.53
Hungary,HU,HU,2020,EDU_EXP_PC_GDP_ED35_45,0.57
Hungary,HU,HU,2021,EDU_EXP_PC_GDP_ED35_45,0.52
Hungary,HU,HU,2022,EDU_EXP_PC_GDP_ED35_45,0.47
Ireland,IE,IE,2013,EDU_EXP_PC_GDP_ED35_45,0.36
Ireland,IE,IE,2014,EDU_EXP_PC_GDP_ED35_45,0.36
Ireland,IE,IE,2015,EDU_EXP_PC_GDP_ED35_45,0.17
Ireland,IE,IE,2016,EDU_EXP_PC_GDP_ED35_45,0.12
Netherlands,NL,NL,2012,EDU_EXP_PC_GDP_ED35_45,0.8
Netherlands,NL,NL,2013,EDU_EXP_PC_GDP_ED35_45,0.74
Netherlands,NL,NL,2014,EDU_EXP_PC_GDP_ED35_45,0.76
Netherlands,NL,NL,2015,EDU_EXP_PC_GDP_ED35_45,0.74
Netherlands,NL,NL,2016,EDU_EXP_PC_GDP_ED35_45,0.76
Netherlands,NL,NL,2017,EDU_EXP_PC_GDP_ED35_45,0.69
Netherlands,NL,NL,2018,EDU_EXP_PC_GDP_ED35_45,0.76
Netherlands,NL,NL,2019,EDU_EXP_PC_GDP_ED35_45,0.69
Netherlands,NL,NL,2020,EDU_EXP_PC_GDP_ED35_45,0.72
Netherlands,NL,NL,2021,EDU_EXP_PC_GDP_ED35_45,0.74
Netherlands,NL,NL,2022,EDU_EXP_PC_GDP_ED35_45,0.66
Poland,PL,PL,2012,EDU_EXP_PC_GDP_ED35_45,0.55
Poland,PL,PL,2013,EDU_EXP_PC_GDP_ED35_45,0.53
Poland,PL,PL,2014,EDU_EXP_PC_GDP_ED35_45,0.51
Poland,PL,PL,2015,EDU_EXP_PC_GDP_ED35_45,0.5
Poland,PL,PL,2016,EDU_EXP_PC_GDP_ED35_45,0.49
Poland,PL,PL,2017,EDU_EXP_PC_GDP_ED35_45,0.47
Poland,PL,PL,2018,EDU_EXP_PC_GDP_ED35_45,0.46
Poland,PL,PL,2019,EDU_EXP_PC_GDP_ED35_45,0.48
Poland,PL,PL,2020,EDU_EXP_PC_GDP_ED35_45,0.53
Poland,PL,PL,2021,EDU_EXP_PC_GDP_ED35_45,0.51
Poland,PL,PL,2022,EDU_EXP_PC_GDP_ED35_45,0.46
Romania,RO,RO,2012,EDU_EXP_PC_GDP_ED35_45,0.04
Romania,RO,RO,2013,EDU_EXP_PC_GDP_ED35_45,0.05
Romania,RO,RO,2014,EDU_EXP_PC_GDP_ED35_45,0.04
Romania,RO,RO,2015,EDU_EXP_PC_GDP_ED35_45,0.05
Romania,RO,RO,2016,EDU_EXP_PC_GDP_ED35_45,0.05
Romania,RO,RO,2017,EDU_EXP_PC_GDP_ED35_45,0.08
Romania,RO,RO,2018,EDU_EXP_PC_GDP_ED35_45,0.09
Romania,RO,RO,2019,EDU_EXP_PC_GDP_ED35_45,0.09
Romania,RO,RO,2020,EDU_EXP_PC_GDP_ED35_45,0.42
Romania,RO,RO,2021,EDU_EXP_PC_GDP_ED35_45,0.4
Romania,RO,RO,2022,EDU_EXP_PC_GDP_ED35_45,0.39
Sweden,SE,SE,2012,EDU_EXP_PC_GDP_ED35_45,0.85
Sweden,SE,SE,2013,EDU_EXP_PC_GDP_ED35_45,0.8
Sweden,SE,SE,2014,EDU_EXP_PC_GDP_ED35_45,0.78
Sweden,SE,SE,2015,EDU_EXP_PC_GDP_ED35_45,0.74
Sweden,SE,SE,2016,EDU_EXP_PC_GDP_ED35_45,0.53
Sweden,SE,SE,2017,EDU_EXP_PC_GDP_ED35_45,0.56
Sweden,SE,SE,2018,EDU_EXP_PC_GDP_ED35_45,0.58
Sweden,SE,SE,2019,EDU_EXP_PC_GDP_ED35_45,0.59
Sweden,SE,SE,2020,EDU_EXP_PC_GDP_ED35_45,0.63
Sweden,SE,SE,2021,EDU_EXP_PC_GDP_ED35_45,0.62
Sweden,SE,SE,2022,EDU_EXP_PC_GDP_ED35_45,0.6
Slovakia,SK,SK,2013,EDU_EXP_PC_GDP_ED35_45,0.67
Slovakia,SK,SK,2014,EDU_EXP_PC_GDP_ED35_45,0.68
Slovakia,SK,SK,2015,EDU_EXP_PC_GDP_ED35_45,0.67
Slovakia,SK,SK,2016,EDU_EXP_PC_GDP_ED35_45,0.58
Slovakia,SK,SK,2017,EDU_EXP_PC_GDP_ED35_45,0.59
Slovakia,SK,SK,2018,EDU_EXP_PC_GDP_ED35_45,0.58
Slovakia,SK,SK,2019,EDU_EXP_PC_GDP_ED35_45,0.62
Slovakia,SK,SK,2020,EDU_EXP_PC_GDP_ED35_45,0.7
Slovakia,SK,SK,2021,EDU_EXP_PC_GDP_ED35_45,0.72
Slovakia,SK,SK,2022,EDU_EXP_PC_GDP_ED35_45,0.65
Austria,AT,AT,2012,EDU_EXP_PC_GDP_ED3_4,1.12
Austria,AT,AT,2013,EDU_EXP_PC_GDP_ED3_4,1.08
Austria,AT,AT,2014,EDU_EXP_PC_GDP_ED3_4,1.03
Austria,AT,AT,2015,EDU_EXP_PC_GDP_ED3_4,1.02
Austria,AT,AT,2016,EDU_EXP_PC_GDP_ED3_4,0.99
Austria,AT,AT,2017,EDU_EXP_PC_GDP_ED3_4,0.96
Austria,AT,AT,2018,EDU_EXP_PC_GDP_ED3_4,0.93
Austria,AT,AT,2019,EDU_EXP_PC_GDP_ED3_4,0.86
Austria,AT,AT,2020,EDU_EXP_PC_GDP_ED3_4,0.95
Austria,AT,AT,2021,EDU_EXP_PC_GDP_ED3_4,0.92
Austria,AT,AT,2022,EDU_EXP_PC_GDP_ED3_4,0.86
Belgium,BE,BE,2012,EDU_EXP_PC_GDP_ED3_4,1.86
Belgium,BE,BE,2013,EDU_EXP_PC_GDP_ED3_4,1.9
Belgium,BE,BE,2014,EDU_EXP_PC_GDP_ED3_4,1.87
Belgium,BE,BE,2015,EDU_EXP_PC_GDP_ED3_4,1.85
Belgium,BE,BE,2016,EDU_EXP_PC_GDP_ED3_4,1.79
Belgium,BE,BE,2017,EDU_EXP_PC_GDP_ED3_4,1.76
Belgium,BE,BE,2018,EDU_EXP_PC_GDP_ED3_4,1.71
Belgium,BE,BE,2019,EDU_EXP_PC_GDP_ED3_4,1.66
Belgium,BE,BE,2020,EDU_EXP_PC_GDP_ED3_4,1.8
Belgium,BE,BE,2021,EDU_EXP_PC_GDP_ED3_4,1.63
Belgium,BE,BE,2022,EDU_EXP_PC_GDP_ED3_4,1.57
Bulgaria,BG,BG,2012,EDU_EXP_PC_GDP_ED3_4,0.7
Bulgaria,BG,BG,2013,EDU_EXP_PC_GDP_ED3_4,0.8
Bulgaria,BG,BG,2014,EDU_EXP_PC_GDP_ED3_4,0.82
Bulgaria,BG,BG,2015,EDU_EXP_PC_GDP_ED3_4,0.75
Bulgaria,BG,BG,2016,EDU_EXP_PC_GDP_ED3_4,0.72
Bulgaria,BG,BG,2017,EDU_EXP_PC_GDP_ED3_4,0.73
Bulgaria,BG,BG,2018,EDU_EXP_PC_GDP_ED3_4,0.78
Bulgaria,BG,BG,2019,EDU_EXP_PC_GDP_ED3_4,0.82
Bulgaria,BG,BG,2020,EDU_EXP_PC_GDP_ED3_4,0.91
Bulgaria,BG,BG,2021,EDU_EXP_PC_GDP_ED3_4,0.98
Bulgaria,BG,BG,2022,EDU_EXP_PC_GDP_ED3_4,0.97
Czechia,CZ,CZ,2012,EDU_EXP_PC_GDP_ED3_4,1.03
Czechia,CZ,CZ,2013,EDU_EXP_PC_GDP_ED3_4,0.92
Czechia,CZ,CZ,2014,EDU_EXP_PC_GDP_ED3_4,0.87
Czechia,CZ,CZ,2015,EDU_EXP_PC_GDP_ED3_4,0.85
Czechia,CZ,CZ,2016,EDU_EXP_PC_GDP_ED3_4,0.79
Czechia,CZ,CZ,2017,EDU_EXP_PC_GDP_ED3_4,0.79
Czechia,CZ,CZ,2018,EDU_EXP_PC_GDP_ED3_4,0.91
Czechia,CZ,CZ,2019,EDU_EXP_PC_GDP_ED3_4,0.93
Czechia,CZ,CZ,2020,EDU_EXP_PC_GDP_ED3_4,0.99
Czechia,CZ,CZ,2021,EDU_EXP_PC_GDP_ED3_4,0.9
Czechia,CZ,CZ,2022,EDU_EXP_PC_GDP_ED3_4,0.88
Germany,DE,DE,2012,EDU_EXP_PC_GDP_ED3_4,1.06
Germany,DE,DE,2013,EDU_EXP_PC_GDP_ED3_4,1.04
Germany,DE,DE,2014,EDU_EXP_PC_GDP_ED3_4,1.01
Germany,DE,DE,2015,EDU_EXP_PC_GDP_ED3_4,0.99
Germany,DE,DE,2016,EDU_EXP_PC_GDP_ED3_4,0.98
Germany,DE,DE,2017,EDU_EXP_PC_GDP_ED3_4,0.98
Germany,DE,DE,2018,EDU_EXP_PC_GDP_ED3_4,0.97
Germany,DE,DE,2019,EDU_EXP_PC_GDP_ED3_4,0.97
Germany,DE,DE,2020,EDU_EXP_PC_GDP_ED3_4,1.05
Germany,DE,DE,2021,EDU_EXP_PC_GDP_ED3_4,0.93
Germany,DE,DE,2022,EDU_EXP_PC_GDP_ED3_4,0.88
Denmark,DK,DK,2012,EDU_EXP_PC_GDP_ED3_4,1.65
Denmark,DK,DK,2013,EDU_EXP_PC_GDP_ED3_4,1.62
Denmark,DK,DK,2014,EDU_EXP_PC_GDP_ED3_4,1.84
Denmark,DK,DK,2016,EDU_EXP_PC_GDP_ED3_4,1.23
Denmark,DK,DK,2017,EDU_EXP_PC_GDP_ED3_4,1.16
Denmark,DK,DK,2018,EDU_EXP_PC_GDP_ED3_4,1.12
Denmark,DK,DK,2019,EDU_EXP_PC_GDP_ED3_4,1.1
Denmark,DK,DK,2020,EDU_EXP_PC_GDP_ED3_4,1.1
Denmark,DK,DK,2021,EDU_EXP_PC_GDP_ED3_4,0.99
Denmark,DK,DK,2022,EDU_EXP_PC_GDP_ED3_4,0.87
Greece,EL,EL,2012,EDU_EXP_PC_GDP_ED3_4,0.82
Greece,EL,EL,2013,EDU_EXP_PC_GDP_ED3_4,0.79
Greece,EL,EL,2014,EDU_EXP_PC_GDP_ED3_4,0.76
Greece,EL,EL,2015,EDU_EXP_PC_GDP_ED3_4,0.73
Greece,EL,EL,2016,EDU_EXP_PC_GDP_ED3_4,0.74
Greece,EL,EL,2017,EDU_EXP_PC_GDP_ED3_4,0.69
Greece,EL,EL,2018,EDU_EXP_PC_GDP_ED3_4,0.69
Greece,EL,EL,2019,EDU_EXP_PC_GDP_ED3_4,0.64
Greece,EL,EL,2022,EDU_EXP_PC_GDP_ED3_4,0.57
Spain,ES,ES,2012,EDU_EXP_PC_GDP_ED3_4,0.83
Spain,ES,ES,2013,EDU_EXP_PC_GDP_ED3_4,0.84
Spain,ES,ES,2014,EDU_EXP_PC_GDP_ED3_4,0.83
Spain,ES,ES,2015,EDU_EXP_PC_GDP_ED3_4,0.83
Spain,ES,ES,2016,EDU_EXP_PC_GDP_ED3_4,0.84
Spain,ES,ES,2017,EDU_EXP_PC_GDP_ED3_4,0.83
Spain,ES,ES,2018,EDU_EXP_PC_GDP_ED3_4,0.82
Spain,ES,ES,2019,EDU_EXP_PC_GDP_ED3_4,0.84
Spain,ES,ES,2020,EDU_EXP_PC_GDP_ED3_4,0.97
Spain,ES,ES,2021,EDU_EXP_PC_GDP_ED3_4,0.98
Spain,ES,ES,2022,EDU_EXP_PC_GDP_ED3_4,0.93
Finland,FI,FI,2012,EDU_EXP_PC_GDP_ED3_4,1.71
Finland,FI,FI,2013,EDU_EXP_PC_GDP_ED3_4,1.63
Finland,FI,FI,2014,EDU_EXP_PC_GDP_ED3_4,1.59
Finland,FI,FI,2015,EDU_EXP_PC_GDP_ED3_4,1.53
Finland,FI,FI,2016,EDU_EXP_PC_GDP_ED3_4,1.43
Finland,FI,FI,2017,EDU_EXP_PC_GDP_ED3_4,1.29
Finland,FI,FI,2018,EDU_EXP_PC_GDP_ED3_4,1.25
Finland,FI,FI,2019,EDU_EXP_PC_GDP_ED3_4,1.25
Finland,FI,FI,2020,EDU_EXP_PC_GDP_ED3_4,1.31
Finland,FI,FI,2021,EDU_EXP_PC_GDP_ED3_4,1.34
Finland,FI,FI,2022,EDU_EXP_PC_GDP_ED3_4,1.31
France,FR,FR,2012,EDU_EXP_PC_GDP_ED3_4,1.2
France,FR,FR,2013,EDU_EXP_PC_GDP_ED3_4,1.19
France,FR,FR,2014,EDU_EXP_PC_GDP_ED3_4,1.19
France,FR,FR,2015,EDU_EXP_PC_GDP_ED3_4,1.17
France,FR,FR,2016,EDU_EXP_PC_GDP_ED3_4,1.18
France,FR,FR,2017,EDU_EXP_PC_GDP_ED3_4,1.17
France,FR,FR,2018,EDU_EXP_PC_GDP_ED3_4,1.15
France,FR,FR,2019,EDU_EXP_PC_GDP_ED3_4,1.13
France,FR,FR,2020,EDU_EXP_PC_GDP_ED3_4,1.17
France,FR,FR,2021,EDU_EXP_PC_GDP_ED3_4,1.11
France,FR,FR,2022,EDU_EXP_PC_GDP_ED3_4,1.08
Croatia,HR,HR,2015,EDU_EXP_PC_GDP_ED3_4,0.72
Croatia,HR,HR,2016,EDU_EXP_PC_GDP_ED3_4,0.85
Croatia,HR,HR,2017,EDU_EXP_PC_GDP_ED3_4,0.84
Croatia,HR,HR,2018,EDU_EXP_PC_GDP_ED3_4,0.85
Croatia,HR,HR,2019,EDU_EXP_PC_GDP_ED3_4,0.83
Croatia,HR,HR,2020,EDU_EXP_PC_GDP_ED3_4,0.95
Croatia,HR,HR,2021,EDU_EXP_PC_GDP_ED3_4,0.87
Croatia,HR,HR,2022,EDU_EXP_PC_GDP_ED3_4,0.7
Hungary,HU,HU,2012,EDU_EXP_PC_GDP_ED3_4,1.08
Hungary,HU,HU,2013,EDU_EXP_PC_GDP_ED3_4,0.93
Hungary,HU,HU,2014,EDU_EXP_PC_GDP_ED3_4,1.65
Hungary,HU,HU,2015,EDU_EXP_PC_GDP_ED3_4,1.38
Hungary,HU,HU,2016,EDU_EXP_PC_GDP_ED3_4,1.35
Hungary,HU,HU,2017,EDU_EXP_PC_GDP_ED3_4,1.35
Hungary,HU,HU,2018,EDU_EXP_PC_GDP_ED3_4,1.29
Hungary,HU,HU,2019,EDU_EXP_PC_GDP_ED3_4,0.96
Hungary,HU,HU,2020,EDU_EXP_PC_GDP_ED3_4,0.95
Hungary,HU,HU,2021,EDU_EXP_PC_GDP_ED3_4,0.85
Hungary,HU,HU,2022,EDU_EXP_PC_GDP_ED3_4,0.76
Ireland,IE,IE,2012,EDU_EXP_PC_GDP_ED3_4,1.42
Ireland,IE,IE,2013,EDU_EXP_PC_GDP_ED3_4,1.25
Ireland,IE,IE,2014,EDU_EXP_PC_GDP_ED3_4,1.19
Ireland,IE,IE,2015,EDU_EXP_PC_GDP_ED3_4,0.8
Ireland,IE,IE,2016,EDU_EXP_PC_GDP_ED3_4,0.71
Ireland,IE,IE,2017,EDU_EXP_PC_GDP_ED3_4,0.7
Ireland,IE,IE,2018,EDU_EXP_PC_GDP_ED3_4,0.67
Ireland,IE,IE,2019,EDU_EXP_PC_GDP_ED3_4,0.66
Ireland,IE,IE,2020,EDU_EXP_PC_GDP_ED3_4,0.64
Ireland,IE,IE,2021,EDU_EXP_PC_GDP_ED3_4,0.55
Ireland,IE,IE,2022,EDU_EXP_PC_GDP_ED3_4,0.55
Italy,IT,IT,2012,EDU_EXP_PC_GDP_ED3_4,1.16
Italy,IT,IT,2013,EDU_EXP_PC_GDP_ED3_4,1.18
Italy,IT,IT,2014,EDU_EXP_PC_GDP_ED3_4,1.13
Italy,IT,IT,2015,EDU_EXP_PC_GDP_ED3_4,1.13
Italy,IT,IT,2016,EDU_EXP_PC_GDP_ED3_4,1.09
Italy,IT,IT,2017,EDU_EXP_PC_GDP_ED3_4,1.16
Italy,IT,IT,2018,EDU_EXP_PC_GDP_ED3_4,1.37
Italy,IT,IT,2019,EDU_EXP_PC_GDP_ED3_4,1.13
Italy,IT,IT,2020,EDU_EXP_PC_GDP_ED3_4,1.24
Italy,IT,IT,2021,EDU_EXP_PC_GDP_ED3_4,1.18
Italy,IT,IT,2022,EDU_EXP_PC_GDP_ED3_4,1.13
Netherlands,NL,NL,2012,EDU_EXP_PC_GDP_ED3_4,1.11
Netherlands,NL,NL,2013,EDU_EXP_PC_GDP_ED3_4,1.04
Netherlands,NL,NL,2014,EDU_EXP_PC_GDP_ED3_4,1.04
Netherlands,NL,NL,2015,EDU_EXP_PC_GDP_ED3_4,1.03
Netherlands,NL,NL,2016,EDU_EXP_PC_GDP_ED3_4,1.05
Netherlands,NL,NL,2017,EDU_EXP_PC_GDP_ED3_4,0.98
Netherlands,NL,NL,2018,EDU_EXP_PC_GDP_ED3_4,1.05
Netherlands,NL,NL,2019,EDU_EXP_PC_GDP_ED3_4,0.99
Netherlands,NL,NL,2020,EDU_EXP_PC_GDP_ED3_4,1.03
Netherlands,NL,NL,2021,EDU_EXP_PC_GDP_ED3_4,1.06
Netherlands,NL,NL,2022,EDU_EXP_PC_GDP_ED3_4,0.96
Poland,PL,PL,2012,EDU_EXP_PC_GDP_ED3_4,0.9
Poland,PL,PL,2013,EDU_EXP_PC_GDP_ED3_4,0.86
Poland,PL,PL,2014,EDU_EXP_PC_GDP_ED3_4,0.82
Poland,PL,PL,2015,EDU_EXP_PC_GDP_ED3_4,0.79
Poland,PL,PL,2016,EDU_EXP_PC_GDP_ED3_4,0.78
Poland,PL,PL,2017,EDU_EXP_PC_GDP_ED3_4,0.73
Poland,PL,PL,2018,EDU_EXP_PC_GDP_ED3_4,0.71
Poland,PL,PL,2019,EDU_EXP_PC_GDP_ED3_4,0.76
Poland,PL,PL,2020,EDU_EXP_PC_GDP_ED3_4,0.85
Poland,PL,PL,2021,EDU_EXP_PC_GDP_ED3_4,0.81
Poland,PL,PL,2022,EDU_EXP_PC_GDP_ED3_4,0.75
Portugal,PT,PT,2012,EDU_EXP_PC_GDP_ED3_4,1.06
Portugal,PT,PT,2013,EDU_EXP_PC_GDP_ED3_4,1.09
Portugal,PT,PT,2014,EDU_EXP_PC_GDP_ED3_4,0.99
Portugal,PT,PT,2015,EDU_EXP_PC_GDP_ED3_4,0.99
Portugal,PT,PT,2016,EDU_EXP_PC_GDP_ED3_4,0.99
Portugal,PT,PT,2017,EDU_EXP_PC_GDP_ED3_4,1.09
Portugal,PT,PT,2018,EDU_EXP_PC_GDP_ED3_4,0.98
Portugal,PT,PT,2019,EDU_EXP_PC_GDP_ED3_4,1.05
Portugal,PT,PT,2020,EDU_EXP_PC_GDP_ED3_4,1.07
Portugal,PT,PT,2021,EDU_EXP_PC_GDP_ED3_4,1.02
Portugal,PT,PT,2022,EDU_EXP_PC_GDP_ED3_4,1.03
Romania,RO,RO,2012,EDU_EXP_PC_GDP_ED3_4,0.6
Romania,RO,RO,2013,EDU_EXP_PC_GDP_ED3_4,0.62
Romania,RO,RO,2014,EDU_EXP_PC_GDP_ED3_4,0.67
Romania,RO,RO,2015,EDU_EXP_PC_GDP_ED3_4,0.66
Romania,RO,RO,2016,EDU_EXP_PC_GDP_ED3_4,0.6
Romania,RO,RO,2017,EDU_EXP_PC_GDP_ED3_4,0.66
Romania,RO,RO,2018,EDU_EXP_PC_GDP_ED3_4,0.68
Romania,RO,RO,2019,EDU_EXP_PC_GDP_ED3_4,0.76
Romania,RO,RO,2020,EDU_EXP_PC_GDP_ED3_4,0.76
Romania,RO,RO,2021,EDU_EXP_PC_GDP_ED3_4,0.71
Romania,RO,RO,2022,EDU_EXP_PC_GDP_ED3_4,0.7
Sweden,SE,SE,2012,EDU_EXP_PC_GDP_ED3_4,1.47
Sweden,SE,SE,2013,EDU_EXP_PC_GDP_ED3_4,1.36
Sweden,SE,SE,2014,EDU_EXP_PC_GDP_ED3_4,1.32
Sweden,SE,SE,2015,EDU_EXP_PC_GDP_ED3_4,1.27
Sweden,SE,SE,2016,EDU_EXP_PC_GDP_ED3_4,1.24
Sweden,SE,SE,2017,EDU_EXP_PC_GDP_ED3_4,1.27
Sweden,SE,SE,2018,EDU_EXP_PC_GDP_ED3_4,1.33
Sweden,SE,SE,2019,EDU_EXP_PC_GDP_ED3_4,1.32
Sweden,SE,SE,2020,EDU_EXP_PC_GDP_ED3_4,1.39
Sweden,SE,SE,2021,EDU_EXP_PC_GDP_ED3_4,1.34
Sweden,SE,SE,2022,EDU_EXP_PC_GDP_ED3_4,1.28
Slovakia,SK,SK,2013,EDU_EXP_PC_GDP_ED3_4,0.9
Slovakia,SK,SK,2014,EDU_EXP_PC_GDP_ED3_4,0.91
Slovakia,SK,SK,2015,EDU_EXP_PC_GDP_ED3_4,0.94
Slovakia,SK,SK,2016,EDU_EXP_PC_GDP_ED3_4,0.83
Slovakia,SK,SK,2017,EDU_EXP_PC_GDP_ED3_4,0.84
Slovakia,SK,SK,2018,EDU_EXP_PC_GDP_ED3_4,0.83
Slovakia,SK,SK,2019,EDU_EXP_PC_GDP_ED3_4,0.88
Slovakia,SK,SK,2020,EDU_EXP_PC_GDP_ED3_4,0.99
Slovakia,SK,SK,2021,EDU_EXP_PC_GDP_ED3_4,1.0
Slovakia,SK,SK,2022,EDU_EXP_PC_GDP_ED3_4,0.89
Austria,AT,AT,2012,EDU_EXP_PC_GDP_ED4,0.02
Austria,AT,AT,2013,EDU_EXP_PC_GDP_ED4,0.02
Austria,AT,AT,2014,EDU_EXP_PC_GDP_ED4,0.02
Austria,AT,AT,2015,EDU_EXP_PC_GDP_ED4,0.02
Austria,AT,AT,2016,EDU_EXP_PC_GDP_ED4,0.02
Austria,AT,AT,2017,EDU_EXP_PC_GDP_ED4,0.02
Austria,AT,AT,2018,EDU_EXP_PC_GDP_ED4,0.02
Austria,AT,AT,2019,EDU_EXP_PC_GDP_ED4,0.01
Austria,AT,AT,2020,EDU_EXP_PC_GDP_ED4,0.01
Austria,AT,AT,2021,EDU_EXP_PC_GDP_ED4,0.01
Austria,AT,AT,2022,EDU_EXP_PC_GDP_ED4,0.01
Bulgaria,BG,BG,2012,EDU_EXP_PC_GDP_ED4,0.0
Bulgaria,BG,BG,2013,EDU_EXP_PC_GDP_ED4,0.01
Bulgaria,BG,BG,2014,EDU_EXP_PC_GDP_ED4,0.0
Bulgaria,BG,BG,2015,EDU_EXP_PC_GDP_ED4,0.0
Bulgaria,BG,BG,2016,EDU_EXP_PC_GDP_ED4,0.0
Bulgaria,BG,BG,2017,EDU_EXP_PC_GDP_ED4,0.01
Bulgaria,BG,BG,2018,EDU_EXP_PC_GDP_ED4,0.0
Bulgaria,BG,BG,2019,EDU_EXP_PC_GDP_ED4,0.0
Bulgaria,BG,BG,2020,EDU_EXP_PC_GDP_ED4,0.0
Bulgaria,BG,BG,2021,EDU_EXP_PC_GDP_ED4,0.0
Bulgaria,BG,BG,2022,EDU_EXP_PC_GDP_ED4,0.0
Czechia,CZ,CZ,2012,EDU_EXP_PC_GDP_ED4,0.01
Czechia,CZ,CZ,2013,EDU_EXP_PC_GDP_ED4,0.01
Czechia,CZ,CZ,2014,EDU_EXP_PC_GDP_ED4,0.01
Czechia,CZ,CZ,2015,EDU_EXP_PC_GDP_ED4,0.01
Czechia,CZ,CZ,2016,EDU_EXP_PC_GDP_ED4,0.01
Czechia,CZ,CZ,2017,EDU_EXP_PC_GDP_ED4,0.0
Czechia,CZ,CZ,2018,EDU_EXP_PC_GDP_ED4,0.0
Czechia,CZ,CZ,2019,EDU_EXP_PC_GDP_ED4,0.0
Czechia,CZ,CZ,2020,EDU_EXP_PC_GDP_ED4,0.0
Czechia,CZ,CZ,2021,EDU_EXP_PC_GDP_ED4,0.0
Czechia,CZ,CZ,2022,EDU_EXP_PC_GDP_ED4,0.0
Germany,DE,DE,2012,EDU_EXP_PC_GDP_ED4,0.17
Germany,DE,DE,2013,EDU_EXP_PC_GDP_ED4,0.18
Germany,DE,DE,2014,EDU_EXP_PC_GDP_ED4,0.17
Germany,DE,DE,2015,EDU_EXP_PC_GDP_ED4,0.16
Germany,DE,DE,2016,EDU_EXP_PC_GDP_ED4,0.15
Germany,DE,DE,2017,EDU_EXP_PC_GDP_ED4,0.15
Germany,DE,DE,2018,EDU_EXP_PC_GDP_ED4,0.15
Germany,DE,DE,2019,EDU_EXP_PC_GDP_ED4,0.15
Germany,DE,DE,2020,EDU_EXP_PC_GDP_ED4,0.17
Germany,DE,DE,2021,EDU_EXP_PC_GDP_ED4,0.13
Germany,DE,DE,2022,EDU_EXP_PC_GDP_ED4,0.12
Greece,EL,EL,2012,EDU_EXP_PC_GDP_ED4,0.01
Greece,EL,EL,2013,EDU_EXP_PC_GDP_ED4,0.01
Greece,EL,EL,2014,EDU_EXP_PC_GDP_ED4,0.01
Greece,EL,EL,2015,EDU_EXP_PC_GDP_ED4,0.02
Greece,EL,EL,2016,EDU_EXP_PC_GDP_ED4,0.02
Greece,EL,EL,2017,EDU_EXP_PC_GDP_ED4,0.01
Greece,EL,EL,2018,EDU_EXP_PC_GDP_ED4,0.02
Greece,EL,EL,2019,EDU_EXP_PC_GDP_ED4,0.01
Greece,EL,EL,2022,EDU_EXP_PC_GDP_ED4,0.04
Finland,FI,FI,2014,EDU_EXP_PC_GDP_ED4,0.0
France,FR,FR,2012,EDU_EXP_PC_GDP_ED4,0.02
France,FR,FR,2013,EDU_EXP_PC_GDP_ED4,0.02
France,FR,FR,2014,EDU_EXP_PC_GDP_ED4,0.02
France,FR,FR,2015,EDU_EXP_PC_GDP_ED4,0.02
France,FR,FR,2016,EDU_EXP_PC_GDP_ED4,0.02
France,FR,FR,2017,EDU_EXP_PC_GDP_ED4,0.02
France,FR,FR,2018,EDU_EXP_PC_GDP_ED4,0.02
France,FR,FR,2019,EDU_EXP_PC_GDP_ED4,0.02
France,FR,FR,2020,EDU_EXP_PC_GDP_ED4,0.02
France,FR,FR,2021,EDU_EXP_PC_GDP_ED4,0.02
France,FR,FR,2022,EDU_EXP_PC_GDP_ED4,0.02
Hungary,HU,HU,2012,EDU_EXP_PC_GDP_ED4,0.1
Hungary,HU,HU,2013,EDU_EXP_PC_GDP_ED4,0.11
Hungary,HU,HU,2014,EDU_EXP_PC_GDP_ED4,0.25
Hungary,HU,HU,2015,EDU_EXP_PC_GDP_ED4,0.3
Hungary,HU,HU,2016,EDU_EXP_PC_GDP_ED4,0.27
Hungary,HU,HU,2017,EDU_EXP_PC_GDP_ED4,0.28
Hungary,HU,HU,2018,EDU_EXP_PC_GDP_ED4,0.24
Hungary,HU,HU,2019,EDU_EXP_PC_GDP_ED4,0.13
Hungary,HU,HU,2020,EDU_EXP_PC_GDP_ED4,0.13
Hungary,HU,HU,2021,EDU_EXP_PC_GDP_ED4,0.09
Hungary,HU,HU,2022,EDU_EXP_PC_GDP_ED4,0.07
Ireland,IE,IE,2012,EDU_EXP_PC_GDP_ED4,0.4
Ireland,IE,IE,2013,EDU_EXP_PC_GDP_ED4,0.36
Ireland,IE,IE,2014,EDU_EXP_PC_GDP_ED4,0.36
Ireland,IE,IE,2015,EDU_EXP_PC_GDP_ED4,0.17
Ireland,IE,IE,2016,EDU_EXP_PC_GDP_ED4,0.12
Ireland,IE,IE,2017,EDU_EXP_PC_GDP_ED4,0.09
Ireland,IE,IE,2018,EDU_EXP_PC_GDP_ED4,0.09
Ireland,IE,IE,2019,EDU_EXP_PC_GDP_ED4,0.08
Ireland,IE,IE,2020,EDU_EXP_PC_GDP_ED4,0.09
Ireland,IE,IE,2021,EDU_EXP_PC_GDP_ED4,0.08
Ireland,IE,IE,2022,EDU_EXP_PC_GDP_ED4,0.07
Italy,IT,IT,2012,EDU_EXP_PC_GDP_ED4,0.12
Italy,IT,IT,2013,EDU_EXP_PC_GDP_ED4,0.1
Italy,IT,IT,2014,EDU_EXP_PC_GDP_ED4,0.1
Italy,IT,IT,2015,EDU_EXP_PC_GDP_ED4,0.08
Netherlands,NL,NL,2012,EDU_EXP_PC_GDP_ED4,0.0
Netherlands,NL,NL,2013,EDU_EXP_PC_GDP_ED4,0.0
Netherlands,NL,NL,2014,EDU_EXP_PC_GDP_ED4,0.0
Netherlands,NL,NL,2015,EDU_EXP_PC_GDP_ED4,0.0
Netherlands,NL,NL,2016,EDU_EXP_PC_GDP_ED4,0.0
Netherlands,NL,NL,2017,EDU_EXP_PC_GDP_ED4,0.0
Netherlands,NL,NL,2018,EDU_EXP_PC_GDP_ED4,0.0
Netherlands,NL,NL,2019,EDU_EXP_PC_GDP_ED4,0.0
Netherlands,NL,NL,2020,EDU_EXP_PC_GDP_ED4,0.0
Netherlands,NL,NL,2022,EDU_EXP_PC_GDP_ED4,0.0
Poland,PL,PL,2012,EDU_EXP_PC_GDP_ED4,0.04
Poland,PL,PL,2013,EDU_EXP_PC_GDP_ED4,0.03
Poland,PL,PL,2014,EDU_EXP_PC_GDP_ED4,0.03
Poland,PL,PL,2015,EDU_EXP_PC_GDP_ED4,0.02
Poland,PL,PL,2016,EDU_EXP_PC_GDP_ED4,0.02
Poland,PL,PL,2017,EDU_EXP_PC_GDP_ED4,0.02
Poland,PL,PL,2018,EDU_EXP_PC_GDP_ED4,0.04
Poland,PL,PL,2019,EDU_EXP_PC_GDP_ED4,0.03
Poland,PL,PL,2020,EDU_EXP_PC_GDP_ED4,0.03
Poland,PL,PL,2021,EDU_EXP_PC_GDP_ED4,0.03
Poland,PL,PL,2022,EDU_EXP_PC_GDP_ED4,0.03
Romania,RO,RO,2012,EDU_EXP_PC_GDP_ED4,0.02
Romania,RO,RO,2013,EDU_EXP_PC_GDP_ED4,0.03
Romania,RO,RO,2014,EDU_EXP_PC_GDP_ED4,0.03
Romania,RO,RO,2015,EDU_EXP_PC_GDP_ED4,0.03
Romania,RO,RO,2016,EDU_EXP_PC_GDP_ED4,0.03
Romania,RO,RO,2017,EDU_EXP_PC_GDP_ED4,0.03
Romania,RO,RO,2018,EDU_EXP_PC_GDP_ED4,0.03
Romania,RO,RO,2019,EDU_EXP_PC_GDP_ED4,0.03
Romania,RO,RO,2020,EDU_EXP_PC_GDP_ED4,0.03
Romania,RO,RO,2021,EDU_EXP_PC_GDP_ED4,0.03
Romania,RO,RO,2022,EDU_EXP_PC_GDP_ED4,0.03
Sweden,SE,SE,2012,EDU_EXP_PC_GDP_ED4,0.05
Sweden,SE,SE,2013,EDU_EXP_PC_GDP_ED4,0.04
Sweden,SE,SE,2014,EDU_EXP_PC_GDP_ED4,0.04
Sweden,SE,SE,2015,EDU_EXP_PC_GDP_ED4,0.04
Sweden,SE,SE,2016,EDU_EXP_PC_GDP_ED4,0.04
Sweden,SE,SE,2017,EDU_EXP_PC_GDP_ED4,0.04
Sweden,SE,SE,2018,EDU_EXP_PC_GDP_ED4,0.05
Sweden,SE,SE,2019,EDU_EXP_PC_GDP_ED4,0.05
Sweden,SE,SE,2020,EDU_EXP_PC_GDP_ED4,0.07
Sweden,SE,SE,2021,EDU_EXP_PC_GDP_ED4,0.08
Sweden,SE,SE,2022,EDU_EXP_PC_GDP_ED4,0.07
Slovakia,SK,SK,2013,EDU_EXP_PC_GDP_ED4,0.05
Slovakia,SK,SK,2014,EDU_EXP_PC_GDP_ED4,0.05
Slovakia,SK,SK,2015,EDU_EXP_PC_GDP_ED4,0.04
Slovakia,SK,SK,2016,EDU_EXP_PC_GDP_ED4,0.04
Slovakia,SK,SK,2017,EDU_EXP_PC_GDP_ED4,0.03
Slovakia,SK,SK,2018,EDU_EXP_PC_GDP_ED4,0.03
Slovakia,SK,SK,2019,EDU_EXP_PC_GDP_ED4,0.04
Slovakia,SK,SK,2020,EDU_EXP_PC_GDP_ED4,0.04
Slovakia,SK,SK,2021,EDU_EXP_PC_GDP_ED4,0.03
Slovakia,SK,SK,2022,EDU_EXP_PC_GDP_ED4,0.03
Czechia,CZ,CZ,2012,EDU_EXP_PC_GDP_ED44,0.0
Czechia,CZ,CZ,2013,EDU_EXP_PC_GDP_ED44,0.0
Czechia,CZ,CZ,2014,EDU_EXP_PC_GDP_ED44,0.0
Czechia,CZ,CZ,2015,EDU_EXP_PC_GDP_ED44,0.0
Czechia,CZ,CZ,2016,EDU_EXP_PC_GDP_ED44,0.0
Czechia,CZ,CZ,2017,EDU_EXP_PC_GDP_ED44,0.0
Czechia,CZ,CZ,2018,EDU_EXP_PC_GDP_ED44,0.0
Czechia,CZ,CZ,2019,EDU_EXP_PC_GDP_ED44,0.0
Czechia,CZ,CZ,2020,EDU_EXP_PC_GDP_ED44,0.0
Czechia,CZ,CZ,2021,EDU_EXP_PC_GDP_ED44,0.0
Czechia,CZ,CZ,2022,EDU_EXP_PC_GDP_ED44,0.0
Germany,DE,DE,2012,EDU_EXP_PC_GDP_ED44,0.04
Germany,DE,DE,2013,EDU_EXP_PC_GDP_ED44,0.04
Germany,DE,DE,2014,EDU_EXP_PC_GDP_ED44,0.04
Germany,DE,DE,2015,EDU_EXP_PC_GDP_ED44,0.03
Germany,DE,DE,2016,EDU_EXP_PC_GDP_ED44,0.03
Germany,DE,DE,2017,EDU_EXP_PC_GDP_ED44,0.03
Germany,DE,DE,2018,EDU_EXP_PC_GDP_ED44,0.03
Germany,DE,DE,2019,EDU_EXP_PC_GDP_ED44,0.03
Germany,DE,DE,2020,EDU_EXP_PC_GDP_ED44,0.03
Germany,DE,DE,2021,EDU_EXP_PC_GDP_ED44,0.02
Germany,DE,DE,2022,EDU_EXP_PC_GDP_ED44,0.01
France,FR,FR,2012,EDU_EXP_PC_GDP_ED44,0.0
France,FR,FR,2013,EDU_EXP_PC_GDP_ED44,0.0
France,FR,FR,2014,EDU_EXP_PC_GDP_ED44,0.0
France,FR,FR,2015,EDU_EXP_PC_GDP_ED44,0.0
France,FR,FR,2016,EDU_EXP_PC_GDP_ED44,0.0
France,FR,FR,2017,EDU_EXP_PC_GDP_ED44,0.0
France,FR,FR,2018,EDU_EXP_PC_GDP_ED44,0.0
France,FR,FR,2019,EDU_EXP_PC_GDP_ED44,0.0
France,FR,FR,2020,EDU_EXP_PC_GDP_ED44,0.0
France,FR,FR,2021,EDU_EXP_PC_GDP_ED44,0.0
France,FR,FR,2022,EDU_EXP_PC_GDP_ED44,0.0
Sweden,SE,SE,2012,EDU_EXP_PC_GDP_ED44,0.02
Sweden,SE,SE,2013,EDU_EXP_PC_GDP_ED44,0.01
Sweden,SE,SE,2014,EDU_EXP_PC_GDP_ED44,0.01
Sweden,SE,SE,2015,EDU_EXP_PC_GDP_ED44,0.01
Sweden,SE,SE,2016,EDU_EXP_PC_GDP_ED44,0.01
Sweden,SE,SE,2017,EDU_EXP_PC_GDP_ED44,0.01
Sweden,SE,SE,2018,EDU_EXP_PC_GDP_ED44,0.03
Sweden,SE,SE,2019,EDU_EXP_PC_GDP_ED44,0.02
Sweden,SE,SE,2020,EDU_EXP_PC_GDP_ED44,0.03
Sweden,SE,SE,2021,EDU_EXP_PC_GDP_ED44,0.03
Sweden,SE,SE,2022,EDU_EXP_PC_GDP_ED44,0.03
Austria,AT,AT,2012,EDU_EXP_PC_GDP_ED45,0.02
Austria,AT,AT,2013,EDU_EXP_PC_GDP_ED45,0.02
Austria,AT,AT,2014,EDU_EXP_PC_GDP_ED45,0.02
Austria,AT,AT,2015,EDU_EXP_PC_GDP_ED45,0.02
Austria,AT,AT,2016,EDU_EXP_PC_GDP_ED45,0.02
Austria,AT,AT,2017,EDU_EXP_PC_GDP_ED45,0.02
Austria,AT,AT,2018,EDU_EXP_PC_GDP_ED45,0.02
Austria,AT,AT,2019,EDU_EXP_PC_GDP_ED45,0.01
Austria,AT,AT,2020,EDU_EXP_PC_GDP_ED45,0.01
Austria,AT,AT,2021,EDU_EXP_PC_GDP_ED45,0.01
Austria,AT,AT,2022,EDU_EXP_PC_GDP_ED45,0.01
Bulgaria,BG,BG,2012,EDU_EXP_PC_GDP_ED45,0.0
Bulgaria,BG,BG,2013,EDU_EXP_PC_GDP_ED45,0.01
Bulgaria,BG,BG,2014,EDU_EXP_PC_GDP_ED45,0.0
Bulgaria,BG,BG,2015,EDU_EXP_PC_GDP_ED45,0.0
Bulgaria,BG,BG,2016,EDU_EXP_PC_GDP_ED45,0.0
Bulgaria,BG,BG,2017,EDU_EXP_PC_GDP_ED45,0.01
Bulgaria,BG,BG,2018,EDU_EXP_PC_GDP_ED45,0.0
Bulgaria,BG,BG,2019,EDU_EXP_PC_GDP_ED45,0.0
Bulgaria,BG,BG,2020,EDU_EXP_PC_GDP_ED45,0.0
Bulgaria,BG,BG,2021,EDU_EXP_PC_GDP_ED45,0.0
Bulgaria,BG,BG,2022,EDU_EXP_PC_GDP_ED45,0.0
Czechia,CZ,CZ,2012,EDU_EXP_PC_GDP_ED45,0.0
Czechia,CZ,CZ,2013,EDU_EXP_PC_GDP_ED45,0.0
Czechia,CZ,CZ,2014,EDU_EXP_PC_GDP_ED45,0.0
Czechia,CZ,CZ,2015,EDU_EXP_PC_GDP_ED45,0.0
Czechia,CZ,CZ,2016,EDU_EXP_PC_GDP_ED45,0.0
Czechia,CZ,CZ,2017,EDU_EXP_PC_GDP_ED45,0.0
Czechia,CZ,CZ,2018,EDU_EXP_PC_GDP_ED45,0.0
Czechia,CZ,CZ,2019,EDU_EXP_PC_GDP_ED45,0.0
Czechia,CZ,CZ,2020,EDU_EXP_PC_GDP_ED45,0.0
Czechia,CZ,CZ,2021,EDU_EXP_PC_GDP_ED45,0.0
Czechia,CZ,CZ,2022,EDU_EXP_PC_GDP_ED45,0.0
Germany,DE,DE,2012,EDU_EXP_PC_GDP_ED45,0.13
Germany,DE,DE,2013,EDU_EXP_PC_GDP_ED45,0.14
Germany,DE,DE,2014,EDU_EXP_PC_GDP_ED45,0.13
Germany,DE,DE,2015,EDU_EXP_PC_GDP_ED45,0.12
Germany,DE,DE,2016,EDU_EXP_PC_GDP_ED45,0.12
Germany,DE,DE,2017,EDU_EXP_PC_GDP_ED45,0.12
Germany,DE,DE,2018,EDU_EXP_PC_GDP_ED45,0.13
Germany,DE,DE,2019,EDU_EXP_PC_GDP_ED45,0.13
Germany,DE,DE,2020,EDU_EXP_PC_GDP_ED45,0.14
Germany,DE,DE,2021,EDU_EXP_PC_GDP_ED45,0.11
Germany,DE,DE,2022,EDU_EXP_PC_GDP_ED45,0.1
Greece,EL,EL,2012,EDU_EXP_PC_GDP_ED45,0.01
Greece,EL,EL,2013,EDU_EXP_PC_GDP_ED45,0.01
Greece,EL,EL,2014,EDU_EXP_PC_GDP_ED45,0.01
Greece,EL,EL,2015,EDU_EXP_PC_GDP_ED45,0.02
Greece,EL,EL,2016,EDU_EXP_PC_GDP_ED45,0.02
Greece,EL,EL,2017,EDU_EXP_PC_GDP_ED45,0.01
Greece,EL,EL,2018,EDU_EXP_PC_GDP_ED45,0.02
Greece,EL,EL,2019,EDU_EXP_PC_GDP_ED45,0.01
Greece,EL,EL,2022,EDU_EXP_PC_GDP_ED45,0.04
Finland,FI,FI,2014,EDU_EXP_PC_GDP_ED45,0.0
France,FR,FR,2012,EDU_EXP_PC_GDP_ED45,0.02
France,FR,FR,2013,EDU_EXP_PC_GDP_ED45,0.02
France,FR,FR,2014,EDU_EXP_PC_GDP_ED45,0.02
France,FR,FR,2015,EDU_EXP_PC_GDP_ED45,0.02
France,FR,FR,2016,EDU_EXP_PC_GDP_ED45,0.02
France,FR,FR,2017,EDU_EXP_PC_GDP_ED45,0.02
France,FR,FR,2018,EDU_EXP_PC_GDP_ED45,0.02
France,FR,FR,2019,EDU_EXP_PC_GDP_ED45,0.01
France,FR,FR,2020,EDU_EXP_PC_GDP_ED45,0.01
France,FR,FR,2021,EDU_EXP_PC_GDP_ED45,0.01
France,FR,FR,2022,EDU_EXP_PC_GDP_ED45,0.01
Hungary,HU,HU,2012,EDU_EXP_PC_GDP_ED45,0.1
Hungary,HU,HU,2013,EDU_EXP_PC_GDP_ED45,0.11
Hungary,HU,HU,2014,EDU_EXP_PC_GDP_ED45,0.25
Hungary,HU,HU,2015,EDU_EXP_PC_GDP_ED45,0.3
Hungary,HU,HU,2016,EDU_EXP_PC_GDP_ED45,0.27
Hungary,HU,HU,2017,EDU_EXP_PC_GDP_ED45,0.28
Hungary,HU,HU,2018,EDU_EXP_PC_GDP_ED45,0.24
Hungary,HU,HU,2019,EDU_EXP_PC_GDP_ED45,0.13
Hungary,HU,HU,2020,EDU_EXP_PC_GDP_ED45,0.13
Hungary,HU,HU,2021,EDU_EXP_PC_GDP_ED45,0.09
Hungary,HU,HU,2022,EDU_EXP_PC_GDP_ED45,0.07
Ireland,IE,IE,2012,EDU_EXP_PC_GDP_ED45,0.4
Ireland,IE,IE,2013,EDU_EXP_PC_GDP_ED45,0.36
Ireland,IE,IE,2014,EDU_EXP_PC_GDP_ED45,0.36
Ireland,IE,IE,2015,EDU_EXP_PC_GDP_ED45,0.17
Ireland,IE,IE,2016,EDU_EXP_PC_GDP_ED45,0.12
Ireland,IE,IE,2017,EDU_EXP_PC_GDP_ED45,0.09
Ireland,IE,IE,2018,EDU_EXP_PC_GDP_ED45,0.09
Ireland,IE,IE,2019,EDU_EXP_PC_GDP_ED45,0.08
Ireland,IE,IE,2020,EDU_EXP_PC_GDP_ED45,0.09
Ireland,IE,IE,2021,EDU_EXP_PC_GDP_ED45,0.08
Ireland,IE,IE,2022,EDU_EXP_PC_GDP_ED45,0.07
Italy,IT,IT,2012,EDU_EXP_PC_GDP_ED45,0.12
Italy,IT,IT,2013,EDU_EXP_PC_GDP_ED45,0.1
Italy,IT,IT,2014,EDU_EXP_PC_GDP_ED45,0.1
Italy,IT,IT,2015,EDU_EXP_PC_GDP_ED45,0.08
Netherlands,NL,NL,2012,EDU_EXP_PC_GDP_ED45,0.0
Netherlands,NL,NL,2013,EDU_EXP_PC_GDP_ED45,0.0
Netherlands,NL,NL,2014,EDU_EXP_PC_GDP_ED45,0.0
Netherlands,NL,NL,2015,EDU_EXP_PC_GDP_ED45,0.0
Netherlands,NL,NL,2016,EDU_EXP_PC_GDP_ED45,0.0
Netherlands,NL,NL,2017,EDU_EXP_PC_GDP_ED45,0.0
Netherlands,NL,NL,2018,EDU_EXP_PC_GDP_ED45,0.0
Netherlands,NL,NL,2019,EDU_EXP_PC_GDP_ED45,0.0
Netherlands,NL,NL,2020,EDU_EXP_PC_GDP_ED45,0.0
Netherlands,NL,NL,2022,EDU_EXP_PC_GDP_ED45,0.0
Poland,PL,PL,2012,EDU_EXP_PC_GDP_ED45,0.04
Poland,PL,PL,2013,EDU_EXP_PC_GDP_ED45,0.03
Poland,PL,PL,2014,EDU_EXP_PC_GDP_ED45,0.03
Poland,PL,PL,2015,EDU_EXP_PC_GDP_ED45,0.02
Poland,PL,PL,2016,EDU_EXP_PC_GDP_ED45,0.02
Poland,PL,PL,2017,EDU_EXP_PC_GDP_ED45,0.02
Poland,PL,PL,2018,EDU_EXP_PC_GDP_ED45,0.04
Poland,PL,PL,2019,EDU_EXP_PC_GDP_ED45,0.03
Poland,PL,PL,2020,EDU_EXP_PC_GDP_ED45,0.03
Poland,PL,PL,2021,EDU_EXP_PC_GDP_ED45,0.03
Poland,PL,PL,2022,EDU_EXP_PC_GDP_ED45,0.03
Romania,RO,RO,2012,EDU_EXP_PC_GDP_ED45,0.02
Romania,RO,RO,2013,EDU_EXP_PC_GDP_ED45,0.03
Romania,RO,RO,2014,EDU_EXP_PC_GDP_ED45,0.03
Romania,RO,RO,2015,EDU_EXP_PC_GDP_ED45,0.03
Romania,RO,RO,2016,EDU_EXP_PC_GDP_ED45,0.03
Romania,RO,RO,2017,EDU_EXP_PC_GDP_ED45,0.03
Romania,RO,RO,2018,EDU_EXP_PC_GDP_ED45,0.03
Romania,RO,RO,2019,EDU_EXP_PC_GDP_ED45,0.03
Romania,RO,RO,2020,EDU_EXP_PC_GDP_ED45,0.03
Romania,RO,RO,2021,EDU_EXP_PC_GDP_ED45,0.03
Romania,RO,RO,2022,EDU_EXP_PC_GDP_ED45,0.03
Sweden,SE,SE,2012,EDU_EXP_PC_GDP_ED45,0.03
Sweden,SE,SE,2013,EDU_EXP_PC_GDP_ED45,0.03
Sweden,SE,SE,2014,EDU_EXP_PC_GDP_ED45,0.03
Sweden,SE,SE,2015,EDU_EXP_PC_GDP_ED45,0.03
Sweden,SE,SE,2016,EDU_EXP_PC_GDP_ED45,0.03
Sweden,SE,SE,2017,EDU_EXP_PC_GDP_ED45,0.03
Sweden,SE,SE,2018,EDU_EXP_PC_GDP_ED45,0.03
Sweden,SE,SE,2019,EDU_EXP_PC_GDP_ED45,0.03
Sweden,SE,SE,2020,EDU_EXP_PC_GDP_ED45,0.04
Sweden,SE,SE,2021,EDU_EXP_PC_GDP_ED45,0.04
Sweden,SE,SE,2022,EDU_EXP_PC_GDP_ED45,0.04
Slovakia,SK,SK,2013,EDU_EXP_PC_GDP_ED45,0.05
Slovakia,SK,SK,2014,EDU_EXP_PC_GDP_ED45,0.05
Slovakia,SK,SK,2015,EDU_EXP_PC_GDP_ED45,0.04
Slovakia,SK,SK,2016,EDU_EXP_PC_GDP_ED45,0.04
Slovakia,SK,SK,2017,EDU_EXP_PC_GDP_ED45,0.03
Slovakia,SK,SK,2018,EDU_EXP_PC_GDP_ED45,0.03
Slovakia,SK,SK,2019,EDU_EXP_PC_GDP_ED45,0.04
Slovakia,SK,SK,2020,EDU_EXP_PC_GDP_ED45,0.04
Slovakia,SK,SK,2021,EDU_EXP_PC_GDP_ED45,0.03
Slovakia,SK,SK,2022,EDU_EXP_PC_GDP_ED45,0.03
Austria,AT,AT,2012,EDU_EXP_PC_GDP_ED5-8,1.89
Austria,AT,AT,2013,EDU_EXP_PC_GDP_ED5-8,1.8
Austria,AT,AT,2014,EDU_EXP_PC_GDP_ED5-8,1.79
Austria,AT,AT,2015,EDU_EXP_PC_GDP_ED5-8,1.8
Austria,AT,AT,2016,EDU_EXP_PC_GDP_ED5-8,1.78
Austria,AT,AT,2017,EDU_EXP_PC_GDP_ED5-8,1.71
Austria,AT,AT,2018,EDU_EXP_PC_GDP_ED5-8,1.7
Austria,AT,AT,2019,EDU_EXP_PC_GDP_ED5-8,1.56
Austria,AT,AT,2020,EDU_EXP_PC_GDP_ED5-8,1.86
Austria,AT,AT,2021,EDU_EXP_PC_GDP_ED5-8,1.85
Austria,AT,AT,2022,EDU_EXP_PC_GDP_ED5-8,1.78
Belgium,BE,BE,2012,EDU_EXP_PC_GDP_ED5-8,1.43
Belgium,BE,BE,2013,EDU_EXP_PC_GDP_ED5-8,1.5
Belgium,BE,BE,2014,EDU_EXP_PC_GDP_ED5-8,1.49
Belgium,BE,BE,2015,EDU_EXP_PC_GDP_ED5-8,1.45
Belgium,BE,BE,2016,EDU_EXP_PC_GDP_ED5-8,1.44
Belgium,BE,BE,2017,EDU_EXP_PC_GDP_ED5-8,1.47
Belgium,BE,BE,2018,EDU_EXP_PC_GDP_ED5-8,1.49
Belgium,BE,BE,2019,EDU_EXP_PC_GDP_ED5-8,1.51
Belgium,BE,BE,2020,EDU_EXP_PC_GDP_ED5-8,1.62
Belgium,BE,BE,2021,EDU_EXP_PC_GDP_ED5-8,1.52
Belgium,BE,BE,2022,EDU_EXP_PC_GDP_ED5-8,1.55
Bulgaria,BG,BG,2012,EDU_EXP_PC_GDP_ED5-8,0.62
Bulgaria,BG,BG,2013,EDU_EXP_PC_GDP_ED5-8,0.65
Bulgaria,BG,BG,2014,EDU_EXP_PC_GDP_ED5-8,0.69
Bulgaria,BG,BG,2015,EDU_EXP_PC_GDP_ED5-8,0.64
Bulgaria,BG,BG,2016,EDU_EXP_PC_GDP_ED5-8,0.59
Bulgaria,BG,BG,2017,EDU_EXP_PC_GDP_ED5-8,0.81
Bulgaria,BG,BG,2018,EDU_EXP_PC_GDP_ED5-8,0.76
Bulgaria,BG,BG,2019,EDU_EXP_PC_GDP_ED5-8,0.8
Bulgaria,BG,BG,2020,EDU_EXP_PC_GDP_ED5-8,0.82
Bulgaria,BG,BG,2021,EDU_EXP_PC_GDP_ED5-8,0.83
Bulgaria,BG,BG,2022,EDU_EXP_PC_GDP_ED5-8,0.73
Czechia,CZ,CZ,2012,EDU_EXP_PC_GDP_ED5-8,1.05
Czechia,CZ,CZ,2013,EDU_EXP_PC_GDP_ED5-8,0.88
Czechia,CZ,CZ,2014,EDU_EXP_PC_GDP_ED5-8,0.8
Czechia,CZ,CZ,2015,EDU_EXP_PC_GDP_ED5-8,0.77
Czechia,CZ,CZ,2016,EDU_EXP_PC_GDP_ED5-8,0.7
Czechia,CZ,CZ,2017,EDU_EXP_PC_GDP_ED5-8,0.7
Czechia,CZ,CZ,2018,EDU_EXP_PC_GDP_ED5-8,0.92
Czechia,CZ,CZ,2019,EDU_EXP_PC_GDP_ED5-8,0.93
Czechia,CZ,CZ,2020,EDU_EXP_PC_GDP_ED5-8,0.86
Czechia,CZ,CZ,2021,EDU_EXP_PC_GDP_ED5-8,0.87
Czechia,CZ,CZ,2022,EDU_EXP_PC_GDP_ED5-8,0.79
Germany,DE,DE,2012,EDU_EXP_PC_GDP_ED5-8,1.28
Germany,DE,DE,2013,EDU_EXP_PC_GDP_ED5-8,1.27
Germany,DE,DE,2014,EDU_EXP_PC_GDP_ED5-8,1.27
Germany,DE,DE,2015,EDU_EXP_PC_GDP_ED5-8,1.25
Germany,DE,DE,2016,EDU_EXP_PC_GDP_ED5-8,1.26
Germany,DE,DE,2017,EDU_EXP_PC_GDP_ED5-8,1.25
Germany,DE,DE,2018,EDU_EXP_PC_GDP_ED5-8,1.27
Germany,DE,DE,2019,EDU_EXP_PC_GDP_ED5-8,1.28
Germany,DE,DE,2020,EDU_EXP_PC_GDP_ED5-8,1.39
Germany,DE,DE,2021,EDU_EXP_PC_GDP_ED5-8,1.35
Germany,DE,DE,2022,EDU_EXP_PC_GDP_ED5-8,1.3
Denmark,DK,DK,2013,EDU_EXP_PC_GDP_ED5-8,2.28
Denmark,DK,DK,2014,EDU_EXP_PC_GDP_ED5-8,2.35
Denmark,DK,DK,2016,EDU_EXP_PC_GDP_ED5-8,2.6
Denmark,DK,DK,2017,EDU_EXP_PC_GDP_ED5-8,2.39
Denmark,DK,DK,2018,EDU_EXP_PC_GDP_ED5-8,2.38
Denmark,DK,DK,2019,EDU_EXP_PC_GDP_ED5-8,2.41
Denmark,DK,DK,2020,EDU_EXP_PC_GDP_ED5-8,2.41
Denmark,DK,DK,2021,EDU_EXP_PC_GDP_ED5-8,2.36
Denmark,DK,DK,2022,EDU_EXP_PC_GDP_ED5-8,2.16
Greece,EL,EL,2012,EDU_EXP_PC_GDP_ED5-8,0.75
Greece,EL,EL,2013,EDU_EXP_PC_GDP_ED5-8,0.66
Greece,EL,EL,2014,EDU_EXP_PC_GDP_ED5-8,0.65
Greece,EL,EL,2015,EDU_EXP_PC_GDP_ED5-8,0.73
Greece,EL,EL,2017,EDU_EXP_PC_GDP_ED5-8,0.62
Greece,EL,EL,2018,EDU_EXP_PC_GDP_ED5-8,0.67
Greece,EL,EL,2019,EDU_EXP_PC_GDP_ED5-8,0.7
Greece,EL,EL,2022,EDU_EXP_PC_GDP_ED5-8,0.97
Spain,ES,ES,2012,EDU_EXP_PC_GDP_ED5-8,1.02
Spain,ES,ES,2013,EDU_EXP_PC_GDP_ED5-8,0.97
Spain,ES,ES,2014,EDU_EXP_PC_GDP_ED5-8,0.96
Spain,ES,ES,2015,EDU_EXP_PC_GDP_ED5-8,0.96
Spain,ES,ES,2016,EDU_EXP_PC_GDP_ED5-8,0.92
Spain,ES,ES,2017,EDU_EXP_PC_GDP_ED5-8,0.93
Spain,ES,ES,2018,EDU_EXP_PC_GDP_ED5-8,0.92
Spain,ES,ES,2019,EDU_EXP_PC_GDP_ED5-8,0.94
Spain,ES,ES,2020,EDU_EXP_PC_GDP_ED5-8,1.08
Spain,ES,ES,2021,EDU_EXP_PC_GDP_ED5-8,1.09
Spain,ES,ES,2022,EDU_EXP_PC_GDP_ED5-8,1.08
Finland,FI,FI,2013,EDU_EXP_PC_GDP_ED5-8,2.01
Finland,FI,FI,2014,EDU_EXP_PC_GDP_ED5-8,2.0
Finland,FI,FI,2015,EDU_EXP_PC_GDP_ED5-8,1.89
Finland,FI,FI,2016,EDU_EXP_PC_GDP_ED5-8,1.82
Finland,FI,FI,2017,EDU_EXP_PC_GDP_ED5-8,1.66
Finland,FI,FI,2018,EDU_EXP_PC_GDP_ED5-8,1.54
Finland,FI,FI,2019,EDU_EXP_PC_GDP_ED5-8,1.51
Finland,FI,FI,2020,EDU_EXP_PC_GDP_ED5-8,1.59
Finland,FI,FI,2021,EDU_EXP_PC_GDP_ED5-8,1.53
Finland,FI,FI,2022,EDU_EXP_PC_GDP_ED5-8,1.49
France,FR,FR,2012,EDU_EXP_PC_GDP_ED5-8,1.24
France,FR,FR,2013,EDU_EXP_PC_GDP_ED5-8,1.24
France,FR,FR,2014,EDU_EXP_PC_GDP_ED5-8,1.25
France,FR,FR,2015,EDU_EXP_PC_GDP_ED5-8,1.25
France,FR,FR,2016,EDU_EXP_PC_GDP_ED5-8,1.22
France,FR,FR,2017,EDU_EXP_PC_GDP_ED5-8,1.23
France,FR,FR,2018,EDU_EXP_PC_GDP_ED5-8,1.23
France,FR,FR,2019,EDU_EXP_PC_GDP_ED5-8,1.21
France,FR,FR,2020,EDU_EXP_PC_GDP_ED5-8,1.28
France,FR,FR,2021,EDU_EXP_PC_GDP_ED5-8,1.23
France,FR,FR,2022,EDU_EXP_PC_GDP_ED5-8,1.2
Croatia,HR,HR,2012,EDU_EXP_PC_GDP_ED5-8,0.89
Croatia,HR,HR,2015,EDU_EXP_PC_GDP_ED5-8,0.84
Croatia,HR,HR,2016,EDU_EXP_PC_GDP_ED5-8,0.79
Croatia,HR,HR,2017,EDU_EXP_PC_GDP_ED5-8,0.84
Croatia,HR,HR,2018,EDU_EXP_PC_GDP_ED5-8,0.85
Croatia,HR,HR,2019,EDU_EXP_PC_GDP_ED5-8,0.86
Croatia,HR,HR,2020,EDU_EXP_PC_GDP_ED5-8,0.97
Croatia,HR,HR,2021,EDU_EXP_PC_GDP_ED5-8,0.88
Croatia,HR,HR,2022,EDU_EXP_PC_GDP_ED5-8,0.81
Hungary,HU,HU,2012,EDU_EXP_PC_GDP_ED5-8,0.82
Hungary,HU,HU,2013,EDU_EXP_PC_GDP_ED5-8,0.9
Hungary,HU,HU,2014,EDU_EXP_PC_GDP_ED5-8,0.77
Hungary,HU,HU,2015,EDU_EXP_PC_GDP_ED5-8,0.66
Hungary,HU,HU,2016,EDU_EXP_PC_GDP_ED5-8,0.74
Hungary,HU,HU,2017,EDU_EXP_PC_GDP_ED5-8,0.82
Hungary,HU,HU,2018,EDU_EXP_PC_GDP_ED5-8,0.81
Hungary,HU,HU,2019,EDU_EXP_PC_GDP_ED5-8,0.74
Hungary,HU,HU,2020,EDU_EXP_PC_GDP_ED5-8,0.76
Hungary,HU,HU,2021,EDU_EXP_PC_GDP_ED5-8,1.32
Hungary,HU,HU,2022,EDU_EXP_PC_GDP_ED5-8,0.84
Ireland,IE,IE,2012,EDU_EXP_PC_GDP_ED5-8,1.32
Ireland,IE,IE,2013,EDU_EXP_PC_GDP_ED5-8,1.14
Ireland,IE,IE,2014,EDU_EXP_PC_GDP_ED5-8,1.03
Ireland,IE,IE,2015,EDU_EXP_PC_GDP_ED5-8,0.88
Ireland,IE,IE,2016,EDU_EXP_PC_GDP_ED5-8,1.08
Ireland,IE,IE,2017,EDU_EXP_PC_GDP_ED5-8,0.97
Ireland,IE,IE,2018,EDU_EXP_PC_GDP_ED5-8,0.91
Ireland,IE,IE,2019,EDU_EXP_PC_GDP_ED5-8,0.86
Ireland,IE,IE,2020,EDU_EXP_PC_GDP_ED5-8,0.82
Ireland,IE,IE,2021,EDU_EXP_PC_GDP_ED5-8,0.76
Ireland,IE,IE,2022,EDU_EXP_PC_GDP_ED5-8,0.72
Italy,IT,IT,2012,EDU_EXP_PC_GDP_ED5-8,0.79
Italy,IT,IT,2013,EDU_EXP_PC_GDP_ED5-8,0.81
Italy,IT,IT,2014,EDU_EXP_PC_GDP_ED5-8,0.8
Italy,IT,IT,2015,EDU_EXP_PC_GDP_ED5-8,0.76
Italy,IT,IT,2016,EDU_EXP_PC_GDP_ED5-8,0.73
Italy,IT,IT,2017,EDU_EXP_PC_GDP_ED5-8,0.75
Italy,IT,IT,2018,EDU_EXP_PC_GDP_ED5-8,0.77
Italy,IT,IT,2019,EDU_EXP_PC_GDP_ED5-8,0.78
Italy,IT,IT,2020,EDU_EXP_PC_GDP_ED5-8,0.88
Italy,IT,IT,2021,EDU_EXP_PC_GDP_ED5-8,0.85
Italy,IT,IT,2022,EDU_EXP_PC_GDP_ED5-8,0.87
Netherlands,NL,NL,2012,EDU_EXP_PC_GDP_ED5-8,1.7
Netherlands,NL,NL,2013,EDU_EXP_PC_GDP_ED5-8,1.62
Netherlands,NL,NL,2014,EDU_EXP_PC_GDP_ED5-8,1.69
Netherlands,NL,NL,2015,EDU_EXP_PC_GDP_ED5-8,1.63
Netherlands,NL,NL,2016,EDU_EXP_PC_GDP_ED5-8,1.75
Netherlands,NL,NL,2017,EDU_EXP_PC_GDP_ED5-8,1.59
Netherlands,NL,NL,2018,EDU_EXP_PC_GDP_ED5-8,1.71
Netherlands,NL,NL,2019,EDU_EXP_PC_GDP_ED5-8,1.61
Netherlands,NL,NL,2020,EDU_EXP_PC_GDP_ED5-8,1.68
Netherlands,NL,NL,2021,EDU_EXP_PC_GDP_ED5-8,1.74
Netherlands,NL,NL,2022,EDU_EXP_PC_GDP_ED5-8,1.59
Poland,PL,PL,2012,EDU_EXP_PC_GDP_ED5-8,1.15
Poland,PL,PL,2013,EDU_EXP_PC_GDP_ED5-8,1.21
Poland,PL,PL,2014,EDU_EXP_PC_GDP_ED5-8,1.18
Poland,PL,PL,2015,EDU_EXP_PC_GDP_ED5-8,1.22
Poland,PL,PL,2016,EDU_EXP_PC_GDP_ED5-8,1.06
Poland,PL,PL,2017,EDU_EXP_PC_GDP_ED5-8,1.08
Poland,PL,PL,2018,EDU_EXP_PC_GDP_ED5-8,1.06
Poland,PL,PL,2019,EDU_EXP_PC_GDP_ED5-8,1.1
Poland,PL,PL,2020,EDU_EXP_PC_GDP_ED5-8,1.14
Poland,PL,PL,2021,EDU_EXP_PC_GDP_ED5-8,1.08
Poland,PL,PL,2022,EDU_EXP_PC_GDP_ED5-8,0.95
Portugal,PT,PT,2013,EDU_EXP_PC_GDP_ED5-8,0.9
Portugal,PT,PT,2014,EDU_EXP_PC_GDP_ED5-8,0.91
Portugal,PT,PT,2015,EDU_EXP_PC_GDP_ED5-8,0.9
Portugal,PT,PT,2016,EDU_EXP_PC_GDP_ED5-8,0.81
Portugal,PT,PT,2017,EDU_EXP_PC_GDP_ED5-8,0.8
Portugal,PT,PT,2018,EDU_EXP_PC_GDP_ED5-8,0.78
Portugal,PT,PT,2019,EDU_EXP_PC_GDP_ED5-8,0.79
Portugal,PT,PT,2020,EDU_EXP_PC_GDP_ED5-8,0.87
Portugal,PT,PT,2021,EDU_EXP_PC_GDP_ED5-8,0.85
Portugal,PT,PT,2022,EDU_EXP_PC_GDP_ED5-8,0.8
Romania,RO,RO,2012,EDU_EXP_PC_GDP_ED5-8,0.78
Romania,RO,RO,2013,EDU_EXP_PC_GDP_ED5-8,0.72
Romania,RO,RO,2014,EDU_EXP_PC_GDP_ED5-8,0.68
Romania,RO,RO,2015,EDU_EXP_PC_GDP_ED5-8,0.66
Romania,RO,RO,2016,EDU_EXP_PC_GDP_ED5-8,0.71
Romania,RO,RO,2017,EDU_EXP_PC_GDP_ED5-8,0.72
Romania,RO,RO,2018,EDU_EXP_PC_GDP_ED5-8,0.75
Romania,RO,RO,2019,EDU_EXP_PC_GDP_ED5-8,0.81
Romania,RO,RO,2020,EDU_EXP_PC_GDP_ED5-8,0.81
Romania,RO,RO,2021,EDU_EXP_PC_GDP_ED5-8,0.75
Romania,RO,RO,2022,EDU_EXP_PC_GDP_ED5-8,0.7
Sweden,SE,SE,2012,EDU_EXP_PC_GDP_ED5-8,2.01
Sweden,SE,SE,2013,EDU_EXP_PC_GDP_ED5-8,1.96
Sweden,SE,SE,2014,EDU_EXP_PC_GDP_ED5-8,1.94
Sweden,SE,SE,2015,EDU_EXP_PC_GDP_ED5-8,1.89
Sweden,SE,SE,2016,EDU_EXP_PC_GDP_ED5-8,1.84
Sweden,SE,SE,2017,EDU_EXP_PC_GDP_ED5-8,1.79
Sweden,SE,SE,2018,EDU_EXP_PC_GDP_ED5-8,1.79
Sweden,SE,SE,2019,EDU_EXP_PC_GDP_ED5-8,1.78
Sweden,SE,SE,2020,EDU_EXP_PC_GDP_ED5-8,1.88
Sweden,SE,SE,2021,EDU_EXP_PC_GDP_ED5-8,1.84
Sweden,SE,SE,2022,EDU_EXP_PC_GDP_ED5-8,1.75
Slovakia,SK,SK,2013,EDU_EXP_PC_GDP_ED5-8,0.97
Slovakia,SK,SK,2014,EDU_EXP_PC_GDP_ED5-8,0.97
Slovakia,SK,SK,2015,EDU_EXP_PC_GDP_ED5-8,1.39
Slovakia,SK,SK,2016,EDU_EXP_PC_GDP_ED5-8,0.83
Slovakia,SK,SK,2017,EDU_EXP_PC_GDP_ED5-8,0.79
Slovakia,SK,SK,2018,EDU_EXP_PC_GDP_ED5-8,0.76
Slovakia,SK,SK,2019,EDU_EXP_PC_GDP_ED5-8,0.78
Slovakia,SK,SK,2020,EDU_EXP_PC_GDP_ED5-8,0.9
Slovakia,SK,SK,2021,EDU_EXP_PC_GDP_ED5-8,0.97
Slovakia,SK,SK,2022,EDU_EXP_PC_GDP_ED5-8,0.99
Belgium,BE,BE,2012,EDU_EXP_PC_GDP_ED9,0.14
Belgium,BE,BE,2013,EDU_EXP_PC_GDP_ED9,0.13
Belgium,BE,BE,2014,EDU_EXP_PC_GDP_ED9,0.13
Belgium,BE,BE,2015,EDU_EXP_PC_GDP_ED9,0.12
Belgium,BE,BE,2016,EDU_EXP_PC_GDP_ED9,0.13
Bulgaria,BG,BG,2012,EDU_EXP_PC_GDP_ED9,0.0
Bulgaria,BG,BG,2013,EDU_EXP_PC_GDP_ED9,0.0
Bulgaria,BG,BG,2014,EDU_EXP_PC_GDP_ED9,0.0
Bulgaria,BG,BG,2015,EDU_EXP_PC_GDP_ED9,0.0
Bulgaria,BG,BG,2016,EDU_EXP_PC_GDP_ED9,0.0
Czechia,CZ,CZ,2012,EDU_EXP_PC_GDP_ED9,0.16
Czechia,CZ,CZ,2013,EDU_EXP_PC_GDP_ED9,0.14
Czechia,CZ,CZ,2014,EDU_EXP_PC_GDP_ED9,0.16
Czechia,CZ,CZ,2015,EDU_EXP_PC_GDP_ED9,2.0
Czechia,CZ,CZ,2016,EDU_EXP_PC_GDP_ED9,2.03
Germany,DE,DE,2012,EDU_EXP_PC_GDP_ED9,0.08
Germany,DE,DE,2013,EDU_EXP_PC_GDP_ED9,0.08
Germany,DE,DE,2014,EDU_EXP_PC_GDP_ED9,0.08
Germany,DE,DE,2015,EDU_EXP_PC_GDP_ED9,0.07
Germany,DE,DE,2016,EDU_EXP_PC_GDP_ED9,0.08
Denmark,DK,DK,2012,EDU_EXP_PC_GDP_ED9,0.17
Denmark,DK,DK,2013,EDU_EXP_PC_GDP_ED9,0.17
Denmark,DK,DK,2014,EDU_EXP_PC_GDP_ED9,0.16
Spain,ES,ES,2012,EDU_EXP_PC_GDP_ED9,0.0
Spain,ES,ES,2013,EDU_EXP_PC_GDP_ED9,0.0
Spain,ES,ES,2014,EDU_EXP_PC_GDP_ED9,0.0
Spain,ES,ES,2015,EDU_EXP_PC_GDP_ED9,0.0
Finland,FI,FI,2012,EDU_EXP_PC_GDP_ED9,0.0
Croatia,HR,HR,2012,EDU_EXP_PC_GDP_ED9,0.01
Croatia,HR,HR,2013,EDU_EXP_PC_GDP_ED9,0.2
Croatia,HR,HR,2014,EDU_EXP_PC_GDP_ED9,0.21
Hungary,HU,HU,2012,EDU_EXP_PC_GDP_ED9,0.22
Hungary,HU,HU,2013,EDU_EXP_PC_GDP_ED9,0.24
Hungary,HU,HU,2014,EDU_EXP_PC_GDP_ED9,0.26
Hungary,HU,HU,2015,EDU_EXP_PC_GDP_ED9,0.33
Hungary,HU,HU,2016,EDU_EXP_PC_GDP_ED9,0.21
Italy,IT,IT,2012,EDU_EXP_PC_GDP_ED9,0.0
Netherlands,NL,NL,2012,EDU_EXP_PC_GDP_ED9,0.0
Netherlands,NL,NL,2013,EDU_EXP_PC_GDP_ED9,0.0
Netherlands,NL,NL,2014,EDU_EXP_PC_GDP_ED9,0.0
Netherlands,NL,NL,2015,EDU_EXP_PC_GDP_ED9,0.0
Netherlands,NL,NL,2016,EDU_EXP_PC_GDP_ED9,0.0
Portugal,PT,PT,2012,EDU_EXP_PC_GDP_ED9,0.11
Portugal,PT,PT,2013,EDU_EXP_PC_GDP_ED9,0.08
Portugal,PT,PT,2014,EDU_EXP_PC_GDP_ED9,0.09
Portugal,PT,PT,2015,EDU_EXP_PC_GDP_ED9,0.1
Portugal,PT,PT,2016,EDU_EXP_PC_GDP_ED9,0.08
Romania,RO,RO,2012,EDU_EXP_PC_GDP_ED9,0.35
Romania,RO,RO,2013,EDU_EXP_PC_GDP_ED9,0.37
Romania,RO,RO,2014,EDU_EXP_PC_GDP_ED9,0.36
Romania,RO,RO,2015,EDU_EXP_PC_GDP_ED9,0.37
Romania,RO,RO,2016,EDU_EXP_PC_GDP_ED9,0.37
Slovakia,SK,SK,2013,EDU_EXP_PC_GDP_ED9,0.08
Slovakia,SK,SK,2014,EDU_EXP_PC_GDP_ED9,0.15
Slovakia,SK,SK,2015,EDU_EXP_PC_GDP_ED9,0.07
Slovakia,SK,SK,2016,EDU_EXP_PC_GDP_ED9,0.02
