country,iso2,iso3,year,indicator_code,value
Argentina,AR,ARG,2023,GC.TAX.TOTL.GD.ZS,9.92889407757488
Argentina,AR,ARG,2022,GC.TAX.TOTL.GD.ZS,11.0647708090182
Argentina,AR,ARG,2021,GC.TAX.TOTL.GD.ZS,11.3410740330927
Argentina,AR,ARG,2020,GC.TAX.TOTL.GD.ZS,10.70812114449
Argentina,AR,ARG,2019,GC.TAX.TOTL.GD.ZS,10.3919973375121
Argentina,AR,ARG,2018,GC.TAX.TOTL.GD.ZS,9.79144712037089
Argentina,AR,ARG,2017,GC.TAX.TOTL.GD.ZS,10.939623860491
Argentina,AR,ARG,2016,GC.TAX.TOTL.GD.ZS,12.0972836411962
Argentina,AR,ARG,2015,GC.TAX.TOTL.GD.ZS,12.3365069418291
Argentina,AR,ARG,2014,GC.TAX.TOTL.GD.ZS,12.6109666067191
Argentina,AR,ARG,2013,GC.TAX.TOTL.GD.ZS,12.4529027558077
Argentina,AR,ARG,2012,GC.TAX.TOTL.GD.ZS,12.9528415127413
Argentina,AR,ARG,2011,GC.TAX.TOTL.GD.ZS,12.6636277012315
Argentina,AR,ARG,2010,GC.TAX.TOTL.GD.ZS,12.8530426903255
Brazil,BR,BRA,2023,GC.TAX.TOTL.GD.ZS,14.041862416944
Brazil,BR,BRA,2022,GC.TAX.TOTL.GD.ZS,14.7258479184963
Brazil,BR,BRA,2021,GC.TAX.TOTL.GD.ZS,14.1366751329603
Brazil,BR,BRA,2020,GC.TAX.TOTL.GD.ZS,12.7193878561953
Brazil,BR,BRA,2019,GC.TAX.TOTL.GD.ZS,13.7376948371937
Brazil,BR,BRA,2018,GC.TAX.TOTL.GD.ZS,13.9401079937096
Brazil,BR,BRA,2017,GC.TAX.TOTL.GD.ZS,13.6052285149994
Brazil,BR,BRA,2016,GC.TAX.TOTL.GD.ZS,13.7104309800754
Brazil,BR,BRA,2015,GC.TAX.TOTL.GD.ZS,13.6296293660896
Brazil,BR,BRA,2014,GC.TAX.TOTL.GD.ZS,13.4900745188201
Brazil,BR,BRA,2013,GC.TAX.TOTL.GD.ZS,14.1253057440862
Brazil,BR,BRA,2012,GC.TAX.TOTL.GD.ZS,14.3324110913977
Brazil,BR,BRA,2011,GC.TAX.TOTL.GD.ZS,14.85129878353
Brazil,BR,BRA,2010,GC.TAX.TOTL.GD.ZS,14.249575957302
Canada,CA,CAN,2023,GC.TAX.TOTL.GD.ZS,13.7377870842483
Canada,CA,CAN,2022,GC.TAX.TOTL.GD.ZS,13.6967194140816
Canada,CA,CAN,2021,GC.TAX.TOTL.GD.ZS,13.9963002003697
Canada,CA,CAN,2020,GC.TAX.TOTL.GD.ZS,13.5185804823986
Canada,CA,CAN,2019,GC.TAX.TOTL.GD.ZS,12.7416613646109
Canada,CA,CAN,2018,GC.TAX.TOTL.GD.ZS,13.0576729881011
Canada,CA,CAN,2017,GC.TAX.TOTL.GD.ZS,12.6119872225487
Canada,CA,CAN,2016,GC.TAX.TOTL.GD.ZS,12.4965502941198
Canada,CA,CAN,2015,GC.TAX.TOTL.GD.ZS,12.3897984570277
Canada,CA,CAN,2014,GC.TAX.TOTL.GD.ZS,11.8083672406473
Canada,CA,CAN,2013,GC.TAX.TOTL.GD.ZS,11.6235901452765
Canada,CA,CAN,2012,GC.TAX.TOTL.GD.ZS,11.6644720495535
Canada,CA,CAN,2011,GC.TAX.TOTL.GD.ZS,11.8038613990864
Canada,CA,CAN,2010,GC.TAX.TOTL.GD.ZS,11.732767044486
China,CN,CHN,2023,GC.TAX.TOTL.GD.ZS,7.6382330077989
China,CN,CHN,2022,GC.TAX.TOTL.GD.ZS,7.51799464421188
China,CN,CHN,2021,GC.TAX.TOTL.GD.ZS,7.79829641266187
China,CN,CHN,2020,GC.TAX.TOTL.GD.ZS,7.92409749807608
China,CN,CHN,2019,GC.TAX.TOTL.GD.ZS,8.32942550168391
China,CN,CHN,2018,GC.TAX.TOTL.GD.ZS,8.89089034445248
China,CN,CHN,2017,GC.TAX.TOTL.GD.ZS,9.24872439343925
China,CN,CHN,2016,GC.TAX.TOTL.GD.ZS,8.94556190414739
China,CN,CHN,2015,GC.TAX.TOTL.GD.ZS,9.19468038601503
China,CN,CHN,2014,GC.TAX.TOTL.GD.ZS,9.49826837509792
China,CN,CHN,2013,GC.TAX.TOTL.GD.ZS,9.7321625039509
China,CN,CHN,2012,GC.TAX.TOTL.GD.ZS,10.0894667610088
China,CN,CHN,2011,GC.TAX.TOTL.GD.ZS,10.1512000219484
China,CN,CHN,2010,GC.TAX.TOTL.GD.ZS,10.0382796577366
Germany,DE,DEU,2023,GC.TAX.TOTL.GD.ZS,10.6875057770109
Germany,DE,DEU,2022,GC.TAX.TOTL.GD.ZS,11.2560065573935
Germany,DE,DEU,2021,GC.TAX.TOTL.GD.ZS,11.4694189021112
Germany,DE,DEU,2020,GC.TAX.TOTL.GD.ZS,11.1648583484027
Germany,DE,DEU,2019,GC.TAX.TOTL.GD.ZS,11.9024504704179
Germany,DE,DEU,2018,GC.TAX.TOTL.GD.ZS,11.9511186565056
Germany,DE,DEU,2017,GC.TAX.TOTL.GD.ZS,11.9735022246491
Germany,DE,DEU,2016,GC.TAX.TOTL.GD.ZS,11.8344647143693
Germany,DE,DEU,2015,GC.TAX.TOTL.GD.ZS,11.9885456247591
Germany,DE,DEU,2014,GC.TAX.TOTL.GD.ZS,12.050213270698
Germany,DE,DEU,2013,GC.TAX.TOTL.GD.ZS,12.0952178281376
Germany,DE,DEU,2012,GC.TAX.TOTL.GD.ZS,11.9144565745477
Germany,DE,DEU,2011,GC.TAX.TOTL.GD.ZS,11.7508036302609
Germany,DE,DEU,2010,GC.TAX.TOTL.GD.ZS,11.3044209753524
Spain,ES,ESP,2023,GC.TAX.TOTL.GD.ZS,15.0007244146429
Spain,ES,ESP,2022,GC.TAX.TOTL.GD.ZS,15.471017099813
Spain,ES,ESP,2021,GC.TAX.TOTL.GD.ZS,14.8775287865224
Spain,ES,ESP,2020,GC.TAX.TOTL.GD.ZS,13.4462555370373
Spain,ES,ESP,2019,GC.TAX.TOTL.GD.ZS,13.6580229877723
Spain,ES,ESP,2018,GC.TAX.TOTL.GD.ZS,14.1254961741386
Spain,ES,ESP,2017,GC.TAX.TOTL.GD.ZS,13.6257034043746
Spain,ES,ESP,2016,GC.TAX.TOTL.GD.ZS,13.6838393292056
Spain,ES,ESP,2015,GC.TAX.TOTL.GD.ZS,14.0820816990338
Spain,ES,ESP,2014,GC.TAX.TOTL.GD.ZS,14.0482352839264
Spain,ES,ESP,2013,GC.TAX.TOTL.GD.ZS,13.5446525722175
Spain,ES,ESP,2012,GC.TAX.TOTL.GD.ZS,11.7062948133333
Spain,ES,ESP,2011,GC.TAX.TOTL.GD.ZS,11.8256931383282
Spain,ES,ESP,2010,GC.TAX.TOTL.GD.ZS,12.3552539351712
France,FR,FRA,2023,GC.TAX.TOTL.GD.ZS,23.1762031443727
France,FR,FRA,2022,GC.TAX.TOTL.GD.ZS,24.5495737523762
France,FR,FRA,2021,GC.TAX.TOTL.GD.ZS,23.9794445386059
France,FR,FRA,2020,GC.TAX.TOTL.GD.ZS,24.7888064416138
France,FR,FRA,2019,GC.TAX.TOTL.GD.ZS,24.6605263993177
France,FR,FRA,2018,GC.TAX.TOTL.GD.ZS,24.3098642807809
France,FR,FRA,2017,GC.TAX.TOTL.GD.ZS,23.7863349624871
France,FR,FRA,2016,GC.TAX.TOTL.GD.ZS,23.1463283405753
France,FR,FRA,2015,GC.TAX.TOTL.GD.ZS,23.2974119760792
France,FR,FRA,2014,GC.TAX.TOTL.GD.ZS,23.1556593525911
France,FR,FRA,2013,GC.TAX.TOTL.GD.ZS,23.2041011683014
France,FR,FRA,2012,GC.TAX.TOTL.GD.ZS,22.608974141338
France,FR,FRA,2011,GC.TAX.TOTL.GD.ZS,21.8260251212647
France,FR,FRA,2010,GC.TAX.TOTL.GD.ZS,21.9860264776611
United Kingdom,GB,GBR,2023,GC.TAX.TOTL.GD.ZS,26.8736892132882
United Kingdom,GB,GBR,2022,GC.TAX.TOTL.GD.ZS,26.5536048949437
United Kingdom,GB,GBR,2021,GC.TAX.TOTL.GD.ZS,25.9910653856023
United Kingdom,GB,GBR,2020,GC.TAX.TOTL.GD.ZS,24.5433751270756
United Kingdom,GB,GBR,2019,GC.TAX.TOTL.GD.ZS,24.9143682469426
United Kingdom,GB,GBR,2018,GC.TAX.TOTL.GD.ZS,25.326551109134
United Kingdom,GB,GBR,2017,GC.TAX.TOTL.GD.ZS,25.4175285210626
United Kingdom,GB,GBR,2016,GC.TAX.TOTL.GD.ZS,25.2889754608419
United Kingdom,GB,GBR,2015,GC.TAX.TOTL.GD.ZS,24.9162351349781
United Kingdom,GB,GBR,2014,GC.TAX.TOTL.GD.ZS,24.7140100668456
United Kingdom,GB,GBR,2013,GC.TAX.TOTL.GD.ZS,25.0275561855532
United Kingdom,GB,GBR,2012,GC.TAX.TOTL.GD.ZS,24.9984898716856
United Kingdom,GB,GBR,2011,GC.TAX.TOTL.GD.ZS,25.7274940192641
United Kingdom,GB,GBR,2010,GC.TAX.TOTL.GD.ZS,25.167235102012
Italy,IT,ITA,2023,GC.TAX.TOTL.GD.ZS,24.7358481020881
Italy,IT,ITA,2022,GC.TAX.TOTL.GD.ZS,24.6064132004012
Italy,IT,ITA,2021,GC.TAX.TOTL.GD.ZS,24.8769150126615
Italy,IT,ITA,2020,GC.TAX.TOTL.GD.ZS,24.8458109789517
Italy,IT,ITA,2019,GC.TAX.TOTL.GD.ZS,24.6616145255819
Italy,IT,ITA,2018,GC.TAX.TOTL.GD.ZS,24.2435864233351
Italy,IT,ITA,2017,GC.TAX.TOTL.GD.ZS,24.697204288008
Italy,IT,ITA,2016,GC.TAX.TOTL.GD.ZS,25.0831052252075
Italy,IT,ITA,2015,GC.TAX.TOTL.GD.ZS,24.8391474255923
Italy,IT,ITA,2014,GC.TAX.TOTL.GD.ZS,24.9693939747194
Italy,IT,ITA,2013,GC.TAX.TOTL.GD.ZS,25.1831182980011
Italy,IT,ITA,2012,GC.TAX.TOTL.GD.ZS,24.9107338882362
Italy,IT,ITA,2011,GC.TAX.TOTL.GD.ZS,23.6907780327076
Italy,IT,ITA,2010,GC.TAX.TOTL.GD.ZS,23.7379559387907
Japan,JP,JPN,2023,GC.TAX.TOTL.GD.ZS,
Japan,JP,JPN,2022,GC.TAX.TOTL.GD.ZS,
Japan,JP,JPN,2021,GC.TAX.TOTL.GD.ZS,
Japan,JP,JPN,2020,GC.TAX.TOTL.GD.ZS,
Japan,JP,JPN,2019,GC.TAX.TOTL.GD.ZS,
Japan,JP,JPN,2018,GC.TAX.TOTL.GD.ZS,
Japan,JP,JPN,2017,GC.TAX.TOTL.GD.ZS,
Japan,JP,JPN,2016,GC.TAX.TOTL.GD.ZS,
Japan,JP,JPN,2015,GC.TAX.TOTL.GD.ZS,
Japan,JP,JPN,2014,GC.TAX.TOTL.GD.ZS,
Japan,JP,JPN,2013,GC.TAX.TOTL.GD.ZS,
Japan,JP,JPN,2012,GC.TAX.TOTL.GD.ZS,
Japan,JP,JPN,2011,GC.TAX.TOTL.GD.ZS,
Japan,JP,JPN,2010,GC.TAX.TOTL.GD.ZS,
Mexico,MX,MEX,2023,GC.TAX.TOTL.GD.ZS,14.2244924457043
Mexico,MX,MEX,2022,GC.TAX.TOTL.GD.ZS,13.4041093612799
Mexico,MX,MEX,2021,GC.TAX.TOTL.GD.ZS,13.411262120908
Mexico,MX,MEX,2020,GC.TAX.TOTL.GD.ZS,13.8975134556433
Mexico,MX,MEX,2019,GC.TAX.TOTL.GD.ZS,12.7877486089549
Mexico,MX,MEX,2018,GC.TAX.TOTL.GD.ZS,12.7121572963245
Mexico,MX,MEX,2017,GC.TAX.TOTL.GD.ZS,12.6874317286139
Mexico,MX,MEX,2016,GC.TAX.TOTL.GD.ZS,13.1237856071941
Mexico,MX,MEX,2015,GC.TAX.TOTL.GD.ZS,12.3459757821213
Mexico,MX,MEX,2014,GC.TAX.TOTL.GD.ZS,10.2428550430344
Mexico,MX,MEX,2013,GC.TAX.TOTL.GD.ZS,9.88361012140901
Mexico,MX,MEX,2012,GC.TAX.TOTL.GD.ZS,9.35241106304745
Mexico,MX,MEX,2011,GC.TAX.TOTL.GD.ZS,9.61707214633816
Mexico,MX,MEX,2010,GC.TAX.TOTL.GD.ZS,9.675317453929
Netherlands,NL,NLD,2023,GC.TAX.TOTL.GD.ZS,25.2407076056081
Netherlands,NL,NLD,2022,GC.TAX.TOTL.GD.ZS,23.9133847175545
Netherlands,NL,NLD,2021,GC.TAX.TOTL.GD.ZS,24.2474342437328
Netherlands,NL,NLD,2020,GC.TAX.TOTL.GD.ZS,23.8138164252391
Netherlands,NL,NLD,2019,GC.TAX.TOTL.GD.ZS,23.7024369491677
Netherlands,NL,NLD,2018,GC.TAX.TOTL.GD.ZS,22.9733523187001
Netherlands,NL,NLD,2017,GC.TAX.TOTL.GD.ZS,23.0992154340151
Netherlands,NL,NLD,2016,GC.TAX.TOTL.GD.ZS,22.3460964348943
Netherlands,NL,NLD,2015,GC.TAX.TOTL.GD.ZS,21.7393356455823
Netherlands,NL,NLD,2014,GC.TAX.TOTL.GD.ZS,21.6080409414892
Netherlands,NL,NLD,2013,GC.TAX.TOTL.GD.ZS,20.5483444942433
Netherlands,NL,NLD,2012,GC.TAX.TOTL.GD.ZS,20.3256602535276
Netherlands,NL,NLD,2011,GC.TAX.TOTL.GD.ZS,20.6627002818542
Netherlands,NL,NLD,2010,GC.TAX.TOTL.GD.ZS,20.7736282739937
Poland,PL,POL,2023,GC.TAX.TOTL.GD.ZS,17.9988487014512
Poland,PL,POL,2022,GC.TAX.TOTL.GD.ZS,17.1225309189416
Poland,PL,POL,2021,GC.TAX.TOTL.GD.ZS,18.9590677200004
Poland,PL,POL,2020,GC.TAX.TOTL.GD.ZS,17.291144093996
Poland,PL,POL,2019,GC.TAX.TOTL.GD.ZS,17.1407592886385
Poland,PL,POL,2018,GC.TAX.TOTL.GD.ZS,17.1848218488937
Poland,PL,POL,2017,GC.TAX.TOTL.GD.ZS,16.7355756807269
Poland,PL,POL,2016,GC.TAX.TOTL.GD.ZS,16.2090291324573
Poland,PL,POL,2015,GC.TAX.TOTL.GD.ZS,15.6135953190934
Poland,PL,POL,2014,GC.TAX.TOTL.GD.ZS,15.6271982270924
Poland,PL,POL,2013,GC.TAX.TOTL.GD.ZS,15.6742591136229
Poland,PL,POL,2012,GC.TAX.TOTL.GD.ZS,16.0052569222101
Poland,PL,POL,2011,GC.TAX.TOTL.GD.ZS,16.6696825635336
Poland,PL,POL,2010,GC.TAX.TOTL.GD.ZS,16.5370235494052
Sweden,SE,SWE,2023,GC.TAX.TOTL.GD.ZS,27.3763764638778
Sweden,SE,SWE,2022,GC.TAX.TOTL.GD.ZS,28.1710469421456
Sweden,SE,SWE,2021,GC.TAX.TOTL.GD.ZS,28.0126472933463
Sweden,SE,SWE,2020,GC.TAX.TOTL.GD.ZS,27.0128699114576
Sweden,SE,SWE,2019,GC.TAX.TOTL.GD.ZS,27.7012981685122
Sweden,SE,SWE,2018,GC.TAX.TOTL.GD.ZS,28.3406068478267
Sweden,SE,SWE,2017,GC.TAX.TOTL.GD.ZS,28.5539988730335
Sweden,SE,SWE,2016,GC.TAX.TOTL.GD.ZS,28.3765415278316
Sweden,SE,SWE,2015,GC.TAX.TOTL.GD.ZS,27.5056157786362
Sweden,SE,SWE,2014,GC.TAX.TOTL.GD.ZS,26.9323651387377
Sweden,SE,SWE,2013,GC.TAX.TOTL.GD.ZS,26.844295469932
Sweden,SE,SWE,2012,GC.TAX.TOTL.GD.ZS,26.7821006606265
Sweden,SE,SWE,2011,GC.TAX.TOTL.GD.ZS,27.1369948907058
Sweden,SE,SWE,2010,GC.TAX.TOTL.GD.ZS,27.8145320559063
United States,US,USA,2023,GC.TAX.TOTL.GD.ZS,10.6177678118026
United States,US,USA,2022,GC.TAX.TOTL.GD.ZS,12.6110285111113
United States,US,USA,2021,GC.TAX.TOTL.GD.ZS,11.3902635734455
United States,US,USA,2020,GC.TAX.TOTL.GD.ZS,10.1439864112196
United States,US,USA,2019,GC.TAX.TOTL.GD.ZS,9.88478959731721
United States,US,USA,2018,GC.TAX.TOTL.GD.ZS,9.92953894064227
United States,US,USA,2017,GC.TAX.TOTL.GD.ZS,11.5038867327939
United States,US,USA,2016,GC.TAX.TOTL.GD.ZS,10.8545149876524
United States,US,USA,2015,GC.TAX.TOTL.GD.ZS,11.1828279598944
United States,US,USA,2014,GC.TAX.TOTL.GD.ZS,10.8997481732594
United States,US,USA,2013,GC.TAX.TOTL.GD.ZS,10.4602254541478
United States,US,USA,2012,GC.TAX.TOTL.GD.ZS,9.76391736911044
United States,US,USA,2011,GC.TAX.TOTL.GD.ZS,9.53892861749163
United States,US,USA,2010,GC.TAX.TOTL.GD.ZS,8.56322203026373
Australia,AU,AUS,2023,GC.TAX.TOTL.GD.ZS,
Australia,AU,AUS,2022,GC.TAX.TOTL.GD.ZS,23.5614929509239
Australia,AU,AUS,2021,GC.TAX.TOTL.GD.ZS,23.0039076566829
Australia,AU,AUS,2020,GC.TAX.TOTL.GD.ZS,22.507523858651
Australia,AU,AUS,2019,GC.TAX.TOTL.GD.ZS,23.3142643790741
Australia,AU,AUS,2018,GC.TAX.TOTL.GD.ZS,23.1220344318251
Australia,AU,AUS,2017,GC.TAX.TOTL.GD.ZS,22.0221874286349
Australia,AU,AUS,2016,GC.TAX.TOTL.GD.ZS,22.1881700823279
Australia,AU,AUS,2015,GC.TAX.TOTL.GD.ZS,21.7852484720567
Australia,AU,AUS,2014,GC.TAX.TOTL.GD.ZS,21.8026703321947
Australia,AU,AUS,2013,GC.TAX.TOTL.GD.ZS,21.8526958939392
Australia,AU,AUS,2012,GC.TAX.TOTL.GD.ZS,21.028478984604
Australia,AU,AUS,2011,GC.TAX.TOTL.GD.ZS,20.2598123616431
Australia,AU,AUS,2010,GC.TAX.TOTL.GD.ZS,20.411751894265
Chile,CL,CHL,2023,GC.TAX.TOTL.GD.ZS,17.7043787454348
Chile,CL,CHL,2022,GC.TAX.TOTL.GD.ZS,21.345490267732
Chile,CL,CHL,2021,GC.TAX.TOTL.GD.ZS,19.6648734895169
Chile,CL,CHL,2020,GC.TAX.TOTL.GD.ZS,16.1922461585547
Chile,CL,CHL,2019,GC.TAX.TOTL.GD.ZS,17.7173642631894
Chile,CL,CHL,2018,GC.TAX.TOTL.GD.ZS,18.3955244984111
Chile,CL,CHL,2017,GC.TAX.TOTL.GD.ZS,17.5057946834574
Chile,CL,CHL,2016,GC.TAX.TOTL.GD.ZS,17.4689644143561
Chile,CL,CHL,2015,GC.TAX.TOTL.GD.ZS,17.5460829269259
Chile,CL,CHL,2014,GC.TAX.TOTL.GD.ZS,17.0445012148873
Chile,CL,CHL,2013,GC.TAX.TOTL.GD.ZS,17.4587728968776
Chile,CL,CHL,2012,GC.TAX.TOTL.GD.ZS,18.9910595532311
Chile,CL,CHL,2011,GC.TAX.TOTL.GD.ZS,18.9360959983723
Chile,CL,CHL,2010,GC.TAX.TOTL.GD.ZS,17.4710062673519
Colombia,CO,COL,2023,GC.TAX.TOTL.GD.ZS,17.5330441918086
Colombia,CO,COL,2022,GC.TAX.TOTL.GD.ZS,15.2632926829768
Colombia,CO,COL,2021,GC.TAX.TOTL.GD.ZS,14.4462991909878
Colombia,CO,COL,2020,GC.TAX.TOTL.GD.ZS,14.0452385553971
Colombia,CO,COL,2019,GC.TAX.TOTL.GD.ZS,14.90052462326
Colombia,CO,COL,2018,GC.TAX.TOTL.GD.ZS,14.6098424480272
Colombia,CO,COL,2017,GC.TAX.TOTL.GD.ZS,14.8508184081791
Colombia,CO,COL,2016,GC.TAX.TOTL.GD.ZS,14.3852129298513
Colombia,CO,COL,2015,GC.TAX.TOTL.GD.ZS,15.797262655066
Colombia,CO,COL,2014,GC.TAX.TOTL.GD.ZS,15.6997483720014
Colombia,CO,COL,2013,GC.TAX.TOTL.GD.ZS,14.0221143464507
Colombia,CO,COL,2012,GC.TAX.TOTL.GD.ZS,13.2269907142761
Colombia,CO,COL,2011,GC.TAX.TOTL.GD.ZS,14.5758811869672
Colombia,CO,COL,2010,GC.TAX.TOTL.GD.ZS,12.1421652023674
"Egypt, Arab Rep.",EG,EGY,2023,GC.TAX.TOTL.GD.ZS,
"Egypt, Arab Rep.",EG,EGY,2022,GC.TAX.TOTL.GD.ZS,
"Egypt, Arab Rep.",EG,EGY,2021,GC.TAX.TOTL.GD.ZS,
"Egypt, Arab Rep.",EG,EGY,2020,GC.TAX.TOTL.GD.ZS,
"Egypt, Arab Rep.",EG,EGY,2019,GC.TAX.TOTL.GD.ZS,
"Egypt, Arab Rep.",EG,EGY,2018,GC.TAX.TOTL.GD.ZS,
"Egypt, Arab Rep.",EG,EGY,2017,GC.TAX.TOTL.GD.ZS,
"Egypt, Arab Rep.",EG,EGY,2016,GC.TAX.TOTL.GD.ZS,
"Egypt, Arab Rep.",EG,EGY,2015,GC.TAX.TOTL.GD.ZS,12.5192110970171
"Egypt, Arab Rep.",EG,EGY,2014,GC.TAX.TOTL.GD.ZS,12.2201408450704
"Egypt, Arab Rep.",EG,EGY,2013,GC.TAX.TOTL.GD.ZS,13.4980649322726
"Egypt, Arab Rep.",EG,EGY,2012,GC.TAX.TOTL.GD.ZS,12.3849047590613
"Egypt, Arab Rep.",EG,EGY,2011,GC.TAX.TOTL.GD.ZS,14.0086354022318
"Egypt, Arab Rep.",EG,EGY,2010,GC.TAX.TOTL.GD.ZS,14.1300762473065
Indonesia,ID,IDN,2023,GC.TAX.TOTL.GD.ZS,
Indonesia,ID,IDN,2022,GC.TAX.TOTL.GD.ZS,
Indonesia,ID,IDN,2021,GC.TAX.TOTL.GD.ZS,
Indonesia,ID,IDN,2020,GC.TAX.TOTL.GD.ZS,
Indonesia,ID,IDN,2019,GC.TAX.TOTL.GD.ZS,
Indonesia,ID,IDN,2018,GC.TAX.TOTL.GD.ZS,
Indonesia,ID,IDN,2017,GC.TAX.TOTL.GD.ZS,
Indonesia,ID,IDN,2016,GC.TAX.TOTL.GD.ZS,
Indonesia,ID,IDN,2015,GC.TAX.TOTL.GD.ZS,
Indonesia,ID,IDN,2014,GC.TAX.TOTL.GD.ZS,
Indonesia,ID,IDN,2013,GC.TAX.TOTL.GD.ZS,
Indonesia,ID,IDN,2012,GC.TAX.TOTL.GD.ZS,
Indonesia,ID,IDN,2011,GC.TAX.TOTL.GD.ZS,
Indonesia,ID,IDN,2010,GC.TAX.TOTL.GD.ZS,
India,IN,IND,2023,GC.TAX.TOTL.GD.ZS,
India,IN,IND,2022,GC.TAX.TOTL.GD.ZS,6.93372148022965
India,IN,IND,2021,GC.TAX.TOTL.GD.ZS,
India,IN,IND,2020,GC.TAX.TOTL.GD.ZS,
India,IN,IND,2019,GC.TAX.TOTL.GD.ZS,
India,IN,IND,2018,GC.TAX.TOTL.GD.ZS,12.0174277483166
India,IN,IND,2017,GC.TAX.TOTL.GD.ZS,11.3874439798131
India,IN,IND,2016,GC.TAX.TOTL.GD.ZS,11.1477384183764
India,IN,IND,2015,GC.TAX.TOTL.GD.ZS,10.5697090519718
India,IN,IND,2014,GC.TAX.TOTL.GD.ZS,9.98465419071312
India,IN,IND,2013,GC.TAX.TOTL.GD.ZS,11.0016256942917
India,IN,IND,2012,GC.TAX.TOTL.GD.ZS,10.8367717209692
India,IN,IND,2011,GC.TAX.TOTL.GD.ZS,10.1773871997608
India,IN,IND,2010,GC.TAX.TOTL.GD.ZS,10.3880397905312
"Korea, Rep.",KR,KOR,2023,GC.TAX.TOTL.GD.ZS,14.5990997893708
"Korea, Rep.",KR,KOR,2022,GC.TAX.TOTL.GD.ZS,17.1586747410902
"Korea, Rep.",KR,KOR,2021,GC.TAX.TOTL.GD.ZS,15.6673866200663
"Korea, Rep.",KR,KOR,2020,GC.TAX.TOTL.GD.ZS,14.0112224960532
"Korea, Rep.",KR,KOR,2019,GC.TAX.TOTL.GD.ZS,14.3348126134581
"Korea, Rep.",KR,KOR,2018,GC.TAX.TOTL.GD.ZS,14.6942816823529
"Korea, Rep.",KR,KOR,2017,GC.TAX.TOTL.GD.ZS,13.7554597684846
"Korea, Rep.",KR,KOR,2016,GC.TAX.TOTL.GD.ZS,13.2783116833452
"Korea, Rep.",KR,KOR,2015,GC.TAX.TOTL.GD.ZS,12.5326128931493
"Korea, Rep.",KR,KOR,2014,GC.TAX.TOTL.GD.ZS,12.6305683354976
"Korea, Rep.",KR,KOR,2013,GC.TAX.TOTL.GD.ZS,13.022218187832
"Korea, Rep.",KR,KOR,2012,GC.TAX.TOTL.GD.ZS,13.4735488568588
"Korea, Rep.",KR,KOR,2011,GC.TAX.TOTL.GD.ZS,13.2807181068078
"Korea, Rep.",KR,KOR,2010,GC.TAX.TOTL.GD.ZS,12.8831803193742
Nigeria,NG,NGA,2023,GC.TAX.TOTL.GD.ZS,
Nigeria,NG,NGA,2022,GC.TAX.TOTL.GD.ZS,
Nigeria,NG,NGA,2021,GC.TAX.TOTL.GD.ZS,
Nigeria,NG,NGA,2020,GC.TAX.TOTL.GD.ZS,
Nigeria,NG,NGA,2019,GC.TAX.TOTL.GD.ZS,
Nigeria,NG,NGA,2018,GC.TAX.TOTL.GD.ZS,
Nigeria,NG,NGA,2017,GC.TAX.TOTL.GD.ZS,
Nigeria,NG,NGA,2016,GC.TAX.TOTL.GD.ZS,
Nigeria,NG,NGA,2015,GC.TAX.TOTL.GD.ZS,
Nigeria,NG,NGA,2014,GC.TAX.TOTL.GD.ZS,
Nigeria,NG,NGA,2013,GC.TAX.TOTL.GD.ZS,
Nigeria,NG,NGA,2012,GC.TAX.TOTL.GD.ZS,
Nigeria,NG,NGA,2011,GC.TAX.TOTL.GD.ZS,
Nigeria,NG,NGA,2010,GC.TAX.TOTL.GD.ZS,
Russian Federation,RU,RUS,2023,GC.TAX.TOTL.GD.ZS,12.2216011826161
Russian Federation,RU,RUS,2022,GC.TAX.TOTL.GD.ZS,10.843690994035
Russian Federation,RU,RUS,2021,GC.TAX.TOTL.GD.ZS,11.6966312097742
Russian Federation,RU,RUS,2020,GC.TAX.TOTL.GD.ZS,10.7991196203537
Russian Federation,RU,RUS,2019,GC.TAX.TOTL.GD.ZS,10.938399737976
Russian Federation,RU,RUS,2018,GC.TAX.TOTL.GD.ZS,11.4687676015317
Russian Federation,RU,RUS,2017,GC.TAX.TOTL.GD.ZS,10.2884056740183
Russian Federation,RU,RUS,2016,GC.TAX.TOTL.GD.ZS,9.18312209969854
Russian Federation,RU,RUS,2015,GC.TAX.TOTL.GD.ZS,10.6420948088217
Russian Federation,RU,RUS,2014,GC.TAX.TOTL.GD.ZS,13.2553613046452
Russian Federation,RU,RUS,2013,GC.TAX.TOTL.GD.ZS,12.933492451261
Russian Federation,RU,RUS,2012,GC.TAX.TOTL.GD.ZS,13.7546730412872
Russian Federation,RU,RUS,2011,GC.TAX.TOTL.GD.ZS,13.9542036796753
Russian Federation,RU,RUS,2010,GC.TAX.TOTL.GD.ZS,13.048348846076
Saudi Arabia,SA,SAU,2023,GC.TAX.TOTL.GD.ZS,7.80440222909766
Saudi Arabia,SA,SAU,2022,GC.TAX.TOTL.GD.ZS,6.95344592187722
Saudi Arabia,SA,SAU,2021,GC.TAX.TOTL.GD.ZS,8.60534583399363
Saudi Arabia,SA,SAU,2020,GC.TAX.TOTL.GD.ZS,7.87620064642857
Saudi Arabia,SA,SAU,2019,GC.TAX.TOTL.GD.ZS,6.60159133895093
Saudi Arabia,SA,SAU,2018,GC.TAX.TOTL.GD.ZS,7.91853379846948
Saudi Arabia,SA,SAU,2017,GC.TAX.TOTL.GD.ZS,3.14428407190292
Saudi Arabia,SA,SAU,2016,GC.TAX.TOTL.GD.ZS,3.1718920134997
Saudi Arabia,SA,SAU,2015,GC.TAX.TOTL.GD.ZS,3.1461706015912
Saudi Arabia,SA,SAU,2014,GC.TAX.TOTL.GD.ZS,2.66292976817046
Saudi Arabia,SA,SAU,2013,GC.TAX.TOTL.GD.ZS,2.65185423323901
Saudi Arabia,SA,SAU,2012,GC.TAX.TOTL.GD.ZS,2.48458615351606
Saudi Arabia,SA,SAU,2011,GC.TAX.TOTL.GD.ZS,2.29968681414688
Saudi Arabia,SA,SAU,2010,GC.TAX.TOTL.GD.ZS,2.52961210191147
Singapore,SG,SGP,2023,GC.TAX.TOTL.GD.ZS,13.7387885776561
Singapore,SG,SGP,2022,GC.TAX.TOTL.GD.ZS,11.6639975988634
Singapore,SG,SGP,2021,GC.TAX.TOTL.GD.ZS,12.6095887829953
Singapore,SG,SGP,2020,GC.TAX.TOTL.GD.ZS,12.6685387711801
Singapore,SG,SGP,2019,GC.TAX.TOTL.GD.ZS,13.1540929239546
Singapore,SG,SGP,2018,GC.TAX.TOTL.GD.ZS,12.9758391948793
Singapore,SG,SGP,2017,GC.TAX.TOTL.GD.ZS,13.927682163213
Singapore,SG,SGP,2016,GC.TAX.TOTL.GD.ZS,13.2379148800818
Singapore,SG,SGP,2015,GC.TAX.TOTL.GD.ZS,13.1397745298612
Singapore,SG,SGP,2014,GC.TAX.TOTL.GD.ZS,13.5565571344028
Singapore,SG,SGP,2013,GC.TAX.TOTL.GD.ZS,13.2712500808714
Singapore,SG,SGP,2012,GC.TAX.TOTL.GD.ZS,13.5806687357042
Singapore,SG,SGP,2011,GC.TAX.TOTL.GD.ZS,13.1057219512653
Singapore,SG,SGP,2010,GC.TAX.TOTL.GD.ZS,12.7858239691039
Turkiye,TR,TUR,2023,GC.TAX.TOTL.GD.ZS,18.2219303847288
Turkiye,TR,TUR,2022,GC.TAX.TOTL.GD.ZS,17.1801094099965
Turkiye,TR,TUR,2021,GC.TAX.TOTL.GD.ZS,17.4752698156496
Turkiye,TR,TUR,2020,GC.TAX.TOTL.GD.ZS,17.4856241853484
Turkiye,TR,TUR,2019,GC.TAX.TOTL.GD.ZS,16.5299780625183
Turkiye,TR,TUR,2018,GC.TAX.TOTL.GD.ZS,17.1432984711192
Turkiye,TR,TUR,2017,GC.TAX.TOTL.GD.ZS,17.7025349976444
Turkiye,TR,TUR,2016,GC.TAX.TOTL.GD.ZS,18.3280078863935
Turkiye,TR,TUR,2015,GC.TAX.TOTL.GD.ZS,18.1419244166015
Turkiye,TR,TUR,2014,GC.TAX.TOTL.GD.ZS,17.9488969703643
Turkiye,TR,TUR,2013,GC.TAX.TOTL.GD.ZS,18.3984701714655
Turkiye,TR,TUR,2012,GC.TAX.TOTL.GD.ZS,18.1051408438041
Turkiye,TR,TUR,2011,GC.TAX.TOTL.GD.ZS,18.5508150286553
Turkiye,TR,TUR,2010,GC.TAX.TOTL.GD.ZS,18.814982327029
Viet Nam,VN,VNM,2023,GC.TAX.TOTL.GD.ZS,
Viet Nam,VN,VNM,2022,GC.TAX.TOTL.GD.ZS,
Viet Nam,VN,VNM,2021,GC.TAX.TOTL.GD.ZS,
Viet Nam,VN,VNM,2020,GC.TAX.TOTL.GD.ZS,
Viet Nam,VN,VNM,2019,GC.TAX.TOTL.GD.ZS,
Viet Nam,VN,VNM,2018,GC.TAX.TOTL.GD.ZS,
Viet Nam,VN,VNM,2017,GC.TAX.TOTL.GD.ZS,
Viet Nam,VN,VNM,2016,GC.TAX.TOTL.GD.ZS,
Viet Nam,VN,VNM,2015,GC.TAX.TOTL.GD.ZS,
Viet Nam,VN,VNM,2014,GC.TAX.TOTL.GD.ZS,
Viet Nam,VN,VNM,2013,GC.TAX.TOTL.GD.ZS,
Viet Nam,VN,VNM,2012,GC.TAX.TOTL.GD.ZS,
Viet Nam,VN,VNM,2011,GC.TAX.TOTL.GD.ZS,
Viet Nam,VN,VNM,2010,GC.TAX.TOTL.GD.ZS,
South Africa,ZA,ZAF,2023,GC.TAX.TOTL.GD.ZS,25.3996646845665
South Africa,ZA,ZAF,2022,GC.TAX.TOTL.GD.ZS,26.0196744256587
South Africa,ZA,ZAF,2021,GC.TAX.TOTL.GD.ZS,25.9501542020771
South Africa,ZA,ZAF,2020,GC.TAX.TOTL.GD.ZS,23.2649440409195
South Africa,ZA,ZAF,2019,GC.TAX.TOTL.GD.ZS,24.8673453267976
South Africa,ZA,ZAF,2018,GC.TAX.TOTL.GD.ZS,24.8948940727422
South Africa,ZA,ZAF,2017,GC.TAX.TOTL.GD.ZS,24.76928728931
South Africa,ZA,ZAF,2016,GC.TAX.TOTL.GD.ZS,24.8283559884696
South Africa,ZA,ZAF,2015,GC.TAX.TOTL.GD.ZS,25.0486927031144
South Africa,ZA,ZAF,2014,GC.TAX.TOTL.GD.ZS,24.4319342176034
South Africa,ZA,ZAF,2013,GC.TAX.TOTL.GD.ZS,23.831391363238
South Africa,ZA,ZAF,2012,GC.TAX.TOTL.GD.ZS,23.3457659894736
South Africa,ZA,ZAF,2011,GC.TAX.TOTL.GD.ZS,22.8746700116825
South Africa,ZA,ZAF,2010,GC.TAX.TOTL.GD.ZS,22.5206038776132
Argentina,AR,ARG,2023,GC.XPN.TOTL.GD.ZS,21.00878925888
Argentina,AR,ARG,2022,GC.XPN.TOTL.GD.ZS,21.865226929082
Argentina,AR,ARG,2021,GC.XPN.TOTL.GD.ZS,22.8967903877811
Argentina,AR,ARG,2020,GC.XPN.TOTL.GD.ZS,25.8405452538391
Argentina,AR,ARG,2019,GC.XPN.TOTL.GD.ZS,22.0364845686943
Argentina,AR,ARG,2018,GC.XPN.TOTL.GD.ZS,22.6709430512171
Argentina,AR,ARG,2017,GC.XPN.TOTL.GD.ZS,24.2825320419979
Argentina,AR,ARG,2016,GC.XPN.TOTL.GD.ZS,26.1799164832469
Argentina,AR,ARG,2015,GC.XPN.TOTL.GD.ZS,25.0083932347048
Argentina,AR,ARG,2014,GC.XPN.TOTL.GD.ZS,24.5697808575806
Argentina,AR,ARG,2013,GC.XPN.TOTL.GD.ZS,
Argentina,AR,ARG,2012,GC.XPN.TOTL.GD.ZS,
Argentina,AR,ARG,2011,GC.XPN.TOTL.GD.ZS,
Argentina,AR,ARG,2010,GC.XPN.TOTL.GD.ZS,
Brazil,BR,BRA,2023,GC.XPN.TOTL.GD.ZS,32.4311004876294
Brazil,BR,BRA,2022,GC.XPN.TOTL.GD.ZS,31.641435845417
Brazil,BR,BRA,2021,GC.XPN.TOTL.GD.ZS,29.4981043220662
Brazil,BR,BRA,2020,GC.XPN.TOTL.GD.ZS,34.9119748286061
Brazil,BR,BRA,2019,GC.XPN.TOTL.GD.ZS,31.1361557850731
Brazil,BR,BRA,2018,GC.XPN.TOTL.GD.ZS,32.2312978931468
Brazil,BR,BRA,2017,GC.XPN.TOTL.GD.ZS,32.3610510090101
Brazil,BR,BRA,2016,GC.XPN.TOTL.GD.ZS,33.4051681393353
Brazil,BR,BRA,2015,GC.XPN.TOTL.GD.ZS,33.9491788065831
Brazil,BR,BRA,2014,GC.XPN.TOTL.GD.ZS,29.2822360064413
Brazil,BR,BRA,2013,GC.XPN.TOTL.GD.ZS,28.150486422269
Brazil,BR,BRA,2012,GC.XPN.TOTL.GD.ZS,28.1749993082199
Brazil,BR,BRA,2011,GC.XPN.TOTL.GD.ZS,28.662521677616
Brazil,BR,BRA,2010,GC.XPN.TOTL.GD.ZS,28.0594682317914
Canada,CA,CAN,2023,GC.XPN.TOTL.GD.ZS,19.0564147253424
Canada,CA,CAN,2022,GC.XPN.TOTL.GD.ZS,18.1680587594308
Canada,CA,CAN,2021,GC.XPN.TOTL.GD.ZS,22.4985832945884
Canada,CA,CAN,2020,GC.XPN.TOTL.GD.ZS,28.571435004902
Canada,CA,CAN,2019,GC.XPN.TOTL.GD.ZS,18.1056705486936
Canada,CA,CAN,2018,GC.XPN.TOTL.GD.ZS,17.5408847622686
Canada,CA,CAN,2017,GC.XPN.TOTL.GD.ZS,17.6065542831463
Canada,CA,CAN,2016,GC.XPN.TOTL.GD.ZS,17.4985867931189
Canada,CA,CAN,2015,GC.XPN.TOTL.GD.ZS,17.0597615406412
Canada,CA,CAN,2014,GC.XPN.TOTL.GD.ZS,16.4020333861514
Canada,CA,CAN,2013,GC.XPN.TOTL.GD.ZS,17.0850078986035
Canada,CA,CAN,2012,GC.XPN.TOTL.GD.ZS,17.517587037639
Canada,CA,CAN,2011,GC.XPN.TOTL.GD.ZS,17.8501774448839
Canada,CA,CAN,2010,GC.XPN.TOTL.GD.ZS,19.0846384146473
China,CN,CHN,2023,GC.XPN.TOTL.GD.ZS,
China,CN,CHN,2022,GC.XPN.TOTL.GD.ZS,
China,CN,CHN,2021,GC.XPN.TOTL.GD.ZS,
China,CN,CHN,2020,GC.XPN.TOTL.GD.ZS,
China,CN,CHN,2019,GC.XPN.TOTL.GD.ZS,
China,CN,CHN,2018,GC.XPN.TOTL.GD.ZS,
China,CN,CHN,2017,GC.XPN.TOTL.GD.ZS,
China,CN,CHN,2016,GC.XPN.TOTL.GD.ZS,
China,CN,CHN,2015,GC.XPN.TOTL.GD.ZS,
China,CN,CHN,2014,GC.XPN.TOTL.GD.ZS,
China,CN,CHN,2013,GC.XPN.TOTL.GD.ZS,
China,CN,CHN,2012,GC.XPN.TOTL.GD.ZS,
China,CN,CHN,2011,GC.XPN.TOTL.GD.ZS,
China,CN,CHN,2010,GC.XPN.TOTL.GD.ZS,
Germany,DE,DEU,2023,GC.XPN.TOTL.GD.ZS,
Germany,DE,DEU,2022,GC.XPN.TOTL.GD.ZS,31.174891399437
Germany,DE,DEU,2021,GC.XPN.TOTL.GD.ZS,32.6685205602959
Germany,DE,DEU,2020,GC.XPN.TOTL.GD.ZS,32.1505946585061
Germany,DE,DEU,2019,GC.XPN.TOTL.GD.ZS,27.8804335534648
Germany,DE,DEU,2018,GC.XPN.TOTL.GD.ZS,27.3644959420855
Germany,DE,DEU,2017,GC.XPN.TOTL.GD.ZS,27.5226740191593
Germany,DE,DEU,2016,GC.XPN.TOTL.GD.ZS,27.3748517311851
Germany,DE,DEU,2015,GC.XPN.TOTL.GD.ZS,27.43650045513
Germany,DE,DEU,2014,GC.XPN.TOTL.GD.ZS,27.5160413741803
Germany,DE,DEU,2013,GC.XPN.TOTL.GD.ZS,27.9969858502414
Germany,DE,DEU,2012,GC.XPN.TOTL.GD.ZS,27.9445071589837
Germany,DE,DEU,2011,GC.XPN.TOTL.GD.ZS,28.3141784769068
Germany,DE,DEU,2010,GC.XPN.TOTL.GD.ZS,30.7567125257145
Spain,ES,ESP,2023,GC.XPN.TOTL.GD.ZS,34.0441499010857
Spain,ES,ESP,2022,GC.XPN.TOTL.GD.ZS,35.3378206987178
Spain,ES,ESP,2021,GC.XPN.TOTL.GD.ZS,38.3621185067432
Spain,ES,ESP,2020,GC.XPN.TOTL.GD.ZS,40.3694073931071
Spain,ES,ESP,2019,GC.XPN.TOTL.GD.ZS,32.1149229088067
Spain,ES,ESP,2018,GC.XPN.TOTL.GD.ZS,31.7256136391383
Spain,ES,ESP,2017,GC.XPN.TOTL.GD.ZS,31.3619207811122
Spain,ES,ESP,2016,GC.XPN.TOTL.GD.ZS,32.4323867041507
Spain,ES,ESP,2015,GC.XPN.TOTL.GD.ZS,32.6560648764801
Spain,ES,ESP,2014,GC.XPN.TOTL.GD.ZS,34.5306651240821
Spain,ES,ESP,2013,GC.XPN.TOTL.GD.ZS,35.3397643645213
Spain,ES,ESP,2012,GC.XPN.TOTL.GD.ZS,38.0321130850107
Spain,ES,ESP,2011,GC.XPN.TOTL.GD.ZS,31.1937980143915
Spain,ES,ESP,2010,GC.XPN.TOTL.GD.ZS,31.4678153823301
France,FR,FRA,2023,GC.XPN.TOTL.GD.ZS,47.2580360132692
France,FR,FRA,2022,GC.XPN.TOTL.GD.ZS,48.8603228368138
France,FR,FRA,2021,GC.XPN.TOTL.GD.ZS,49.9944440065304
France,FR,FRA,2020,GC.XPN.TOTL.GD.ZS,51.9636314257982
France,FR,FRA,2019,GC.XPN.TOTL.GD.ZS,45.8897902925031
France,FR,FRA,2018,GC.XPN.TOTL.GD.ZS,47.1000773214216
France,FR,FRA,2017,GC.XPN.TOTL.GD.ZS,48.466341621356
France,FR,FRA,2016,GC.XPN.TOTL.GD.ZS,48.1500427991658
France,FR,FRA,2015,GC.XPN.TOTL.GD.ZS,48.4491880082217
France,FR,FRA,2014,GC.XPN.TOTL.GD.ZS,49.1207847434763
France,FR,FRA,2013,GC.XPN.TOTL.GD.ZS,49.0717319139337
France,FR,FRA,2012,GC.XPN.TOTL.GD.ZS,48.5371716441042
France,FR,FRA,2011,GC.XPN.TOTL.GD.ZS,47.927974289251
France,FR,FRA,2010,GC.XPN.TOTL.GD.ZS,49.6925291037396
United Kingdom,GB,GBR,2023,GC.XPN.TOTL.GD.ZS,41.2292290721047
United Kingdom,GB,GBR,2022,GC.XPN.TOTL.GD.ZS,40.6510938418388
United Kingdom,GB,GBR,2021,GC.XPN.TOTL.GD.ZS,42.9472430652547
United Kingdom,GB,GBR,2020,GC.XPN.TOTL.GD.ZS,47.5326631273768
United Kingdom,GB,GBR,2019,GC.XPN.TOTL.GD.ZS,36.4058676559426
United Kingdom,GB,GBR,2018,GC.XPN.TOTL.GD.ZS,37.1969170536007
United Kingdom,GB,GBR,2017,GC.XPN.TOTL.GD.ZS,36.8434052284403
United Kingdom,GB,GBR,2016,GC.XPN.TOTL.GD.ZS,37.0119041977698
United Kingdom,GB,GBR,2015,GC.XPN.TOTL.GD.ZS,38.2133758226073
United Kingdom,GB,GBR,2014,GC.XPN.TOTL.GD.ZS,39.1461420557996
United Kingdom,GB,GBR,2013,GC.XPN.TOTL.GD.ZS,40.0310887432144
United Kingdom,GB,GBR,2012,GC.XPN.TOTL.GD.ZS,43.130949034331
United Kingdom,GB,GBR,2011,GC.XPN.TOTL.GD.ZS,42.5122983092258
United Kingdom,GB,GBR,2010,GC.XPN.TOTL.GD.ZS,43.9387835050398
Italy,IT,ITA,2023,GC.XPN.TOTL.GD.ZS,47.2773607528737
Italy,IT,ITA,2022,GC.XPN.TOTL.GD.ZS,48.3702644238252
Italy,IT,ITA,2021,GC.XPN.TOTL.GD.ZS,49.6527178126937
Italy,IT,ITA,2020,GC.XPN.TOTL.GD.ZS,50.3444915572159
Italy,IT,ITA,2019,GC.XPN.TOTL.GD.ZS,42.2948307679073
Italy,IT,ITA,2018,GC.XPN.TOTL.GD.ZS,42.5027354888588
Italy,IT,ITA,2017,GC.XPN.TOTL.GD.ZS,42.9465753087
Italy,IT,ITA,2016,GC.XPN.TOTL.GD.ZS,43.2014022058276
Italy,IT,ITA,2015,GC.XPN.TOTL.GD.ZS,43.5293517131866
Italy,IT,ITA,2014,GC.XPN.TOTL.GD.ZS,43.5698249256497
Italy,IT,ITA,2013,GC.XPN.TOTL.GD.ZS,43.7480535980426
Italy,IT,ITA,2012,GC.XPN.TOTL.GD.ZS,43.4989070049363
Italy,IT,ITA,2011,GC.XPN.TOTL.GD.ZS,41.8281531942746
Italy,IT,ITA,2010,GC.XPN.TOTL.GD.ZS,42.6929919174617
Japan,JP,JPN,2023,GC.XPN.TOTL.GD.ZS,
Japan,JP,JPN,2022,GC.XPN.TOTL.GD.ZS,20.0582116003984
Japan,JP,JPN,2021,GC.XPN.TOTL.GD.ZS,20.8459560561872
Japan,JP,JPN,2020,GC.XPN.TOTL.GD.ZS,22.9911903527757
Japan,JP,JPN,2019,GC.XPN.TOTL.GD.ZS,16.0238913818249
Japan,JP,JPN,2018,GC.XPN.TOTL.GD.ZS,15.7176930300877
Japan,JP,JPN,2017,GC.XPN.TOTL.GD.ZS,15.8501306804408
Japan,JP,JPN,2016,GC.XPN.TOTL.GD.ZS,16.3623939827034
Japan,JP,JPN,2015,GC.XPN.TOTL.GD.ZS,16.6387940824247
Japan,JP,JPN,2014,GC.XPN.TOTL.GD.ZS,17.2612660436382
Japan,JP,JPN,2013,GC.XPN.TOTL.GD.ZS,17.9343131216922
Japan,JP,JPN,2012,GC.XPN.TOTL.GD.ZS,17.9360125340068
Japan,JP,JPN,2011,GC.XPN.TOTL.GD.ZS,18.4586404651775
Japan,JP,JPN,2010,GC.XPN.TOTL.GD.ZS,17.0661520885656
Mexico,MX,MEX,2023,GC.XPN.TOTL.GD.ZS,22.4594139014718
Mexico,MX,MEX,2022,GC.XPN.TOTL.GD.ZS,22.3057833172693
Mexico,MX,MEX,2021,GC.XPN.TOTL.GD.ZS,20.8923836603349
Mexico,MX,MEX,2020,GC.XPN.TOTL.GD.ZS,21.6980704265989
Mexico,MX,MEX,2019,GC.XPN.TOTL.GD.ZS,19.8103353495765
Mexico,MX,MEX,2018,GC.XPN.TOTL.GD.ZS,19.8697097082398
Mexico,MX,MEX,2017,GC.XPN.TOTL.GD.ZS,19.8664920937012
Mexico,MX,MEX,2016,GC.XPN.TOTL.GD.ZS,20.3281994162596
Mexico,MX,MEX,2015,GC.XPN.TOTL.GD.ZS,20.8689511528107
Mexico,MX,MEX,2014,GC.XPN.TOTL.GD.ZS,20.997176363174
Mexico,MX,MEX,2013,GC.XPN.TOTL.GD.ZS,20.6909750829168
Mexico,MX,MEX,2012,GC.XPN.TOTL.GD.ZS,20.9324326030644
Mexico,MX,MEX,2011,GC.XPN.TOTL.GD.ZS,20.8740737970003
Mexico,MX,MEX,2010,GC.XPN.TOTL.GD.ZS,20.4815497546695
Netherlands,NL,NLD,2023,GC.XPN.TOTL.GD.ZS,39.9696990762123
Netherlands,NL,NLD,2022,GC.XPN.TOTL.GD.ZS,39.3652774144211
Netherlands,NL,NLD,2021,GC.XPN.TOTL.GD.ZS,41.7954124838764
Netherlands,NL,NLD,2020,GC.XPN.TOTL.GD.ZS,43.0242399226909
Netherlands,NL,NLD,2019,GC.XPN.TOTL.GD.ZS,37.4976348782249
Netherlands,NL,NLD,2018,GC.XPN.TOTL.GD.ZS,37.9872039305298
Netherlands,NL,NLD,2017,GC.XPN.TOTL.GD.ZS,38.2852485346822
Netherlands,NL,NLD,2016,GC.XPN.TOTL.GD.ZS,39.4433297462422
Netherlands,NL,NLD,2015,GC.XPN.TOTL.GD.ZS,40.6125791110952
Netherlands,NL,NLD,2014,GC.XPN.TOTL.GD.ZS,41.9474910370498
Netherlands,NL,NLD,2013,GC.XPN.TOTL.GD.ZS,42.4441115620216
Netherlands,NL,NLD,2012,GC.XPN.TOTL.GD.ZS,42.1384861264721
Netherlands,NL,NLD,2011,GC.XPN.TOTL.GD.ZS,41.8898710848718
Netherlands,NL,NLD,2010,GC.XPN.TOTL.GD.ZS,42.4982348970953
Poland,PL,POL,2023,GC.XPN.TOTL.GD.ZS,39.0982392627941
Poland,PL,POL,2022,GC.XPN.TOTL.GD.ZS,36.0632407243175
Poland,PL,POL,2021,GC.XPN.TOTL.GD.ZS,36.9985474454804
Poland,PL,POL,2020,GC.XPN.TOTL.GD.ZS,40.522296880667
Poland,PL,POL,2019,GC.XPN.TOTL.GD.ZS,33.827053466204
Poland,PL,POL,2018,GC.XPN.TOTL.GD.ZS,33.0589633854181
Poland,PL,POL,2017,GC.XPN.TOTL.GD.ZS,34.2617520918092
Poland,PL,POL,2016,GC.XPN.TOTL.GD.ZS,34.8011532937469
Poland,PL,POL,2015,GC.XPN.TOTL.GD.ZS,34.1387372869929
Poland,PL,POL,2014,GC.XPN.TOTL.GD.ZS,35.0749023643641
Poland,PL,POL,2013,GC.XPN.TOTL.GD.ZS,35.9129620312523
Poland,PL,POL,2012,GC.XPN.TOTL.GD.ZS,35.0580862781262
Poland,PL,POL,2011,GC.XPN.TOTL.GD.ZS,34.8359106996135
Poland,PL,POL,2010,GC.XPN.TOTL.GD.ZS,36.7345749661846
Sweden,SE,SWE,2023,GC.XPN.TOTL.GD.ZS,
Sweden,SE,SWE,2022,GC.XPN.TOTL.GD.ZS,32.505108387211
Sweden,SE,SWE,2021,GC.XPN.TOTL.GD.ZS,33.1985359262869
Sweden,SE,SWE,2020,GC.XPN.TOTL.GD.ZS,34.935620519644
Sweden,SE,SWE,2019,GC.XPN.TOTL.GD.ZS,31.4063339534813
Sweden,SE,SWE,2018,GC.XPN.TOTL.GD.ZS,32.0404191268978
Sweden,SE,SWE,2017,GC.XPN.TOTL.GD.ZS,31.9815855954628
Sweden,SE,SWE,2016,GC.XPN.TOTL.GD.ZS,32.1089664658153
Sweden,SE,SWE,2015,GC.XPN.TOTL.GD.ZS,32.3588208377532
Sweden,SE,SWE,2014,GC.XPN.TOTL.GD.ZS,33.2571917008143
Sweden,SE,SWE,2013,GC.XPN.TOTL.GD.ZS,33.7232350480003
Sweden,SE,SWE,2012,GC.XPN.TOTL.GD.ZS,33.0087166179576
Sweden,SE,SWE,2011,GC.XPN.TOTL.GD.ZS,32.4394700197068
Sweden,SE,SWE,2010,GC.XPN.TOTL.GD.ZS,33.2649399664481
United States,US,USA,2023,GC.XPN.TOTL.GD.ZS,24.433337455127
United States,US,USA,2022,GC.XPN.TOTL.GD.ZS,24.6132942134549
United States,US,USA,2021,GC.XPN.TOTL.GD.ZS,31.2447973490289
United States,US,USA,2020,GC.XPN.TOTL.GD.ZS,31.7966159134937
United States,US,USA,2019,GC.XPN.TOTL.GD.ZS,22.514337755714
United States,US,USA,2018,GC.XPN.TOTL.GD.ZS,22.1694791125473
United States,US,USA,2017,GC.XPN.TOTL.GD.ZS,22.1406996557534
United States,US,USA,2016,GC.XPN.TOTL.GD.ZS,22.4159218391492
United States,US,USA,2015,GC.XPN.TOTL.GD.ZS,22.3735356601707
United States,US,USA,2014,GC.XPN.TOTL.GD.ZS,22.6100726834376
United States,US,USA,2013,GC.XPN.TOTL.GD.ZS,22.8814639786791
United States,US,USA,2012,GC.XPN.TOTL.GD.ZS,23.9119039840728
United States,US,USA,2011,GC.XPN.TOTL.GD.ZS,25.3456995286842
United States,US,USA,2010,GC.XPN.TOTL.GD.ZS,26.0545933672143
Australia,AU,AUS,2023,GC.XPN.TOTL.GD.ZS,
Australia,AU,AUS,2022,GC.XPN.TOTL.GD.ZS,27.5833132925557
Australia,AU,AUS,2021,GC.XPN.TOTL.GD.ZS,32.5518179379184
Australia,AU,AUS,2020,GC.XPN.TOTL.GD.ZS,30.1434988129749
Australia,AU,AUS,2019,GC.XPN.TOTL.GD.ZS,26.0711901942783
Australia,AU,AUS,2018,GC.XPN.TOTL.GD.ZS,26.1317227432746
Australia,AU,AUS,2017,GC.XPN.TOTL.GD.ZS,26.5276169849373
Australia,AU,AUS,2016,GC.XPN.TOTL.GD.ZS,26.8782732460928
Australia,AU,AUS,2015,GC.XPN.TOTL.GD.ZS,26.6555350269532
Australia,AU,AUS,2014,GC.XPN.TOTL.GD.ZS,26.1434698132436
Australia,AU,AUS,2013,GC.XPN.TOTL.GD.ZS,25.7719998082551
Australia,AU,AUS,2012,GC.XPN.TOTL.GD.ZS,26.0316102583583
Australia,AU,AUS,2011,GC.XPN.TOTL.GD.ZS,25.9163709195685
Australia,AU,AUS,2010,GC.XPN.TOTL.GD.ZS,26.6185983775997
Chile,CL,CHL,2023,GC.XPN.TOTL.GD.ZS,24.5587474981752
Chile,CL,CHL,2022,GC.XPN.TOTL.GD.ZS,24.1358255611217
Chile,CL,CHL,2021,GC.XPN.TOTL.GD.ZS,30.7994926592984
Chile,CL,CHL,2020,GC.XPN.TOTL.GD.ZS,26.235836275938
Chile,CL,CHL,2019,GC.XPN.TOTL.GD.ZS,23.3132400765075
Chile,CL,CHL,2018,GC.XPN.TOTL.GD.ZS,22.6179870091523
Chile,CL,CHL,2017,GC.XPN.TOTL.GD.ZS,22.3472564737029
Chile,CL,CHL,2016,GC.XPN.TOTL.GD.ZS,22.1268634762876
Chile,CL,CHL,2015,GC.XPN.TOTL.GD.ZS,21.6348148833018
Chile,CL,CHL,2014,GC.XPN.TOTL.GD.ZS,20.6752522601778
Chile,CL,CHL,2013,GC.XPN.TOTL.GD.ZS,20.1963012042744
Chile,CL,CHL,2012,GC.XPN.TOTL.GD.ZS,19.9248545225746
Chile,CL,CHL,2011,GC.XPN.TOTL.GD.ZS,19.4945095729622
Chile,CL,CHL,2010,GC.XPN.TOTL.GD.ZS,20.2081834494716
Colombia,CO,COL,2023,GC.XPN.TOTL.GD.ZS,33.2804845516298
Colombia,CO,COL,2022,GC.XPN.TOTL.GD.ZS,32.3909610062162
Colombia,CO,COL,2021,GC.XPN.TOTL.GD.ZS,35.6635486558905
Colombia,CO,COL,2020,GC.XPN.TOTL.GD.ZS,36.5543934839744
Colombia,CO,COL,2019,GC.XPN.TOTL.GD.ZS,31.3047065647576
Colombia,CO,COL,2018,GC.XPN.TOTL.GD.ZS,29.9717907219429
Colombia,CO,COL,2017,GC.XPN.TOTL.GD.ZS,27.5049639074473
Colombia,CO,COL,2016,GC.XPN.TOTL.GD.ZS,28.6308350994839
Colombia,CO,COL,2015,GC.XPN.TOTL.GD.ZS,26.8156770552217
Colombia,CO,COL,2014,GC.XPN.TOTL.GD.ZS,30.1625917691368
Colombia,CO,COL,2013,GC.XPN.TOTL.GD.ZS,33.2851931387088
Colombia,CO,COL,2012,GC.XPN.TOTL.GD.ZS,25.0329863002189
Colombia,CO,COL,2011,GC.XPN.TOTL.GD.ZS,24.2247402762094
Colombia,CO,COL,2010,GC.XPN.TOTL.GD.ZS,25.4043842590891
"Egypt, Arab Rep.",EG,EGY,2023,GC.XPN.TOTL.GD.ZS,
"Egypt, Arab Rep.",EG,EGY,2022,GC.XPN.TOTL.GD.ZS,
"Egypt, Arab Rep.",EG,EGY,2021,GC.XPN.TOTL.GD.ZS,
"Egypt, Arab Rep.",EG,EGY,2020,GC.XPN.TOTL.GD.ZS,
"Egypt, Arab Rep.",EG,EGY,2019,GC.XPN.TOTL.GD.ZS,
"Egypt, Arab Rep.",EG,EGY,2018,GC.XPN.TOTL.GD.ZS,
"Egypt, Arab Rep.",EG,EGY,2017,GC.XPN.TOTL.GD.ZS,
"Egypt, Arab Rep.",EG,EGY,2016,GC.XPN.TOTL.GD.ZS,
"Egypt, Arab Rep.",EG,EGY,2015,GC.XPN.TOTL.GD.ZS,30.2303694913867
"Egypt, Arab Rep.",EG,EGY,2014,GC.XPN.TOTL.GD.ZS,32.9206291079812
"Egypt, Arab Rep.",EG,EGY,2013,GC.XPN.TOTL.GD.ZS,32.2017308105784
"Egypt, Arab Rep.",EG,EGY,2012,GC.XPN.TOTL.GD.ZS,28.6894966262614
"Egypt, Arab Rep.",EG,EGY,2011,GC.XPN.TOTL.GD.ZS,29.1899277952009
"Egypt, Arab Rep.",EG,EGY,2010,GC.XPN.TOTL.GD.ZS,28.8602519476214
Indonesia,ID,IDN,2023,GC.XPN.TOTL.GD.ZS,
Indonesia,ID,IDN,2022,GC.XPN.TOTL.GD.ZS,
Indonesia,ID,IDN,2021,GC.XPN.TOTL.GD.ZS,
Indonesia,ID,IDN,2020,GC.XPN.TOTL.GD.ZS,
Indonesia,ID,IDN,2019,GC.XPN.TOTL.GD.ZS,
Indonesia,ID,IDN,2018,GC.XPN.TOTL.GD.ZS,
Indonesia,ID,IDN,2017,GC.XPN.TOTL.GD.ZS,
Indonesia,ID,IDN,2016,GC.XPN.TOTL.GD.ZS,
Indonesia,ID,IDN,2015,GC.XPN.TOTL.GD.ZS,
Indonesia,ID,IDN,2014,GC.XPN.TOTL.GD.ZS,
Indonesia,ID,IDN,2013,GC.XPN.TOTL.GD.ZS,
Indonesia,ID,IDN,2012,GC.XPN.TOTL.GD.ZS,
Indonesia,ID,IDN,2011,GC.XPN.TOTL.GD.ZS,
Indonesia,ID,IDN,2010,GC.XPN.TOTL.GD.ZS,
India,IN,IND,2023,GC.XPN.TOTL.GD.ZS,
India,IN,IND,2022,GC.XPN.TOTL.GD.ZS,13.7280694252264
India,IN,IND,2021,GC.XPN.TOTL.GD.ZS,
India,IN,IND,2020,GC.XPN.TOTL.GD.ZS,
India,IN,IND,2019,GC.XPN.TOTL.GD.ZS,
India,IN,IND,2018,GC.XPN.TOTL.GD.ZS,15.6631319151388
India,IN,IND,2017,GC.XPN.TOTL.GD.ZS,15.6141099220983
India,IN,IND,2016,GC.XPN.TOTL.GD.ZS,15.2719500252316
India,IN,IND,2015,GC.XPN.TOTL.GD.ZS,15.1256903622794
India,IN,IND,2014,GC.XPN.TOTL.GD.ZS,14.803137644208
India,IN,IND,2013,GC.XPN.TOTL.GD.ZS,16.6386825486965
India,IN,IND,2012,GC.XPN.TOTL.GD.ZS,16.166712404362
India,IN,IND,2011,GC.XPN.TOTL.GD.ZS,14.4898394030493
India,IN,IND,2010,GC.XPN.TOTL.GD.ZS,16.5051359514049
"Korea, Rep.",KR,KOR,2023,GC.XPN.TOTL.GD.ZS,28.3225119832631
"Korea, Rep.",KR,KOR,2022,GC.XPN.TOTL.GD.ZS,31.2975333759802
"Korea, Rep.",KR,KOR,2021,GC.XPN.TOTL.GD.ZS,28.5464738099917
"Korea, Rep.",KR,KOR,2020,GC.XPN.TOTL.GD.ZS,28.0256629437299
"Korea, Rep.",KR,KOR,2019,GC.XPN.TOTL.GD.ZS,25.9471764437754
"Korea, Rep.",KR,KOR,2018,GC.XPN.TOTL.GD.ZS,23.5674300593436
"Korea, Rep.",KR,KOR,2017,GC.XPN.TOTL.GD.ZS,22.7421323345571
"Korea, Rep.",KR,KOR,2016,GC.XPN.TOTL.GD.ZS,22.3216832639303
"Korea, Rep.",KR,KOR,2015,GC.XPN.TOTL.GD.ZS,22.3727539773343
"Korea, Rep.",KR,KOR,2014,GC.XPN.TOTL.GD.ZS,22.5297498815254
"Korea, Rep.",KR,KOR,2013,GC.XPN.TOTL.GD.ZS,22.9599101988862
"Korea, Rep.",KR,KOR,2012,GC.XPN.TOTL.GD.ZS,23.5764674888735
"Korea, Rep.",KR,KOR,2011,GC.XPN.TOTL.GD.ZS,17.3891183173319
"Korea, Rep.",KR,KOR,2010,GC.XPN.TOTL.GD.ZS,16.900693184189
Nigeria,NG,NGA,2023,GC.XPN.TOTL.GD.ZS,
Nigeria,NG,NGA,2022,GC.XPN.TOTL.GD.ZS,
Nigeria,NG,NGA,2021,GC.XPN.TOTL.GD.ZS,
Nigeria,NG,NGA,2020,GC.XPN.TOTL.GD.ZS,
Nigeria,NG,NGA,2019,GC.XPN.TOTL.GD.ZS,
Nigeria,NG,NGA,2018,GC.XPN.TOTL.GD.ZS,
Nigeria,NG,NGA,2017,GC.XPN.TOTL.GD.ZS,
Nigeria,NG,NGA,2016,GC.XPN.TOTL.GD.ZS,
Nigeria,NG,NGA,2015,GC.XPN.TOTL.GD.ZS,
Nigeria,NG,NGA,2014,GC.XPN.TOTL.GD.ZS,
Nigeria,NG,NGA,2013,GC.XPN.TOTL.GD.ZS,
Nigeria,NG,NGA,2012,GC.XPN.TOTL.GD.ZS,
Nigeria,NG,NGA,2011,GC.XPN.TOTL.GD.ZS,
Nigeria,NG,NGA,2010,GC.XPN.TOTL.GD.ZS,
Russian Federation,RU,RUS,2023,GC.XPN.TOTL.GD.ZS,29.9691335018192
Russian Federation,RU,RUS,2022,GC.XPN.TOTL.GD.ZS,31.3859500271519
Russian Federation,RU,RUS,2021,GC.XPN.TOTL.GD.ZS,30.78279492703
Russian Federation,RU,RUS,2020,GC.XPN.TOTL.GD.ZS,35.2998185923772
Russian Federation,RU,RUS,2019,GC.XPN.TOTL.GD.ZS,29.6140297769421
Russian Federation,RU,RUS,2018,GC.XPN.TOTL.GD.ZS,28.9441478427563
Russian Federation,RU,RUS,2017,GC.XPN.TOTL.GD.ZS,30.7103051722937
Russian Federation,RU,RUS,2016,GC.XPN.TOTL.GD.ZS,31.0284467524216
Russian Federation,RU,RUS,2015,GC.XPN.TOTL.GD.ZS,30.6476505158828
Russian Federation,RU,RUS,2014,GC.XPN.TOTL.GD.ZS,26.4617539784902
Russian Federation,RU,RUS,2013,GC.XPN.TOTL.GD.ZS,24.606189979681
Russian Federation,RU,RUS,2012,GC.XPN.TOTL.GD.ZS,24.1958551261758
Russian Federation,RU,RUS,2011,GC.XPN.TOTL.GD.ZS,23.3499683933859
Russian Federation,RU,RUS,2010,GC.XPN.TOTL.GD.ZS,27.37723900216
Saudi Arabia,SA,SAU,2023,GC.XPN.TOTL.GD.ZS,24.219126573207
Saudi Arabia,SA,SAU,2022,GC.XPN.TOTL.GD.ZS,21.9700445283442
Saudi Arabia,SA,SAU,2021,GC.XPN.TOTL.GD.ZS,25.0127399358585
Saudi Arabia,SA,SAU,2020,GC.XPN.TOTL.GD.ZS,31.9689061537757
Saudi Arabia,SA,SAU,2019,GC.XPN.TOTL.GD.ZS,26.7097064575879
Saudi Arabia,SA,SAU,2018,GC.XPN.TOTL.GD.ZS,26.7955295916704
Saudi Arabia,SA,SAU,2017,GC.XPN.TOTL.GD.ZS,25.9809738148926
Saudi Arabia,SA,SAU,2016,GC.XPN.TOTL.GD.ZS,26.940531690074
Saudi Arabia,SA,SAU,2015,GC.XPN.TOTL.GD.ZS,30.4187125812982
Saudi Arabia,SA,SAU,2014,GC.XPN.TOTL.GD.ZS,27.8187317401037
Saudi Arabia,SA,SAU,2013,GC.XPN.TOTL.GD.ZS,25.3542942107349
Saudi Arabia,SA,SAU,2012,GC.XPN.TOTL.GD.ZS,25.2980404620107
Saudi Arabia,SA,SAU,2011,GC.XPN.TOTL.GD.ZS,22.8756134235045
Saudi Arabia,SA,SAU,2010,GC.XPN.TOTL.GD.ZS,24.4346201900162
Singapore,SG,SGP,2023,GC.XPN.TOTL.GD.ZS,17.109108094367
Singapore,SG,SGP,2022,GC.XPN.TOTL.GD.ZS,14.6713906312634
Singapore,SG,SGP,2021,GC.XPN.TOTL.GD.ZS,16.115670617263
Singapore,SG,SGP,2020,GC.XPN.TOTL.GD.ZS,25.5945798719108
Singapore,SG,SGP,2019,GC.XPN.TOTL.GD.ZS,14.1456371884552
Singapore,SG,SGP,2018,GC.XPN.TOTL.GD.ZS,14.6491348390982
Singapore,SG,SGP,2017,GC.XPN.TOTL.GD.ZS,14.24151324768
Singapore,SG,SGP,2016,GC.XPN.TOTL.GD.ZS,14.365859744936
Singapore,SG,SGP,2015,GC.XPN.TOTL.GD.ZS,15.9255259430938
Singapore,SG,SGP,2014,GC.XPN.TOTL.GD.ZS,13.1510655902688
Singapore,SG,SGP,2013,GC.XPN.TOTL.GD.ZS,12.3753378735642
Singapore,SG,SGP,2012,GC.XPN.TOTL.GD.ZS,12.3839623831082
Singapore,SG,SGP,2011,GC.XPN.TOTL.GD.ZS,12.7726522542327
Singapore,SG,SGP,2010,GC.XPN.TOTL.GD.ZS,12.4128043266242
Turkiye,TR,TUR,2023,GC.XPN.TOTL.GD.ZS,33.0277530817277
Turkiye,TR,TUR,2022,GC.XPN.TOTL.GD.ZS,29.0624088388364
Turkiye,TR,TUR,2021,GC.XPN.TOTL.GD.ZS,30.2009775804558
Turkiye,TR,TUR,2020,GC.XPN.TOTL.GD.ZS,33.4510950281809
Turkiye,TR,TUR,2019,GC.XPN.TOTL.GD.ZS,34.8909170453359
Turkiye,TR,TUR,2018,GC.XPN.TOTL.GD.ZS,33.1443390183968
Turkiye,TR,TUR,2017,GC.XPN.TOTL.GD.ZS,31.5527664341113
Turkiye,TR,TUR,2016,GC.XPN.TOTL.GD.ZS,30.6055405050211
Turkiye,TR,TUR,2015,GC.XPN.TOTL.GD.ZS,28.8436742291669
Turkiye,TR,TUR,2014,GC.XPN.TOTL.GD.ZS,29.2713082967685
Turkiye,TR,TUR,2013,GC.XPN.TOTL.GD.ZS,28.9891426072392
Turkiye,TR,TUR,2012,GC.XPN.TOTL.GD.ZS,29.4208604116485
Turkiye,TR,TUR,2011,GC.XPN.TOTL.GD.ZS,30.1444408136135
Turkiye,TR,TUR,2010,GC.XPN.TOTL.GD.ZS,32.6419229851543
Viet Nam,VN,VNM,2023,GC.XPN.TOTL.GD.ZS,
Viet Nam,VN,VNM,2022,GC.XPN.TOTL.GD.ZS,
Viet Nam,VN,VNM,2021,GC.XPN.TOTL.GD.ZS,
Viet Nam,VN,VNM,2020,GC.XPN.TOTL.GD.ZS,
Viet Nam,VN,VNM,2019,GC.XPN.TOTL.GD.ZS,
Viet Nam,VN,VNM,2018,GC.XPN.TOTL.GD.ZS,
Viet Nam,VN,VNM,2017,GC.XPN.TOTL.GD.ZS,
Viet Nam,VN,VNM,2016,GC.XPN.TOTL.GD.ZS,
Viet Nam,VN,VNM,2015,GC.XPN.TOTL.GD.ZS,
Viet Nam,VN,VNM,2014,GC.XPN.TOTL.GD.ZS,
Viet Nam,VN,VNM,2013,GC.XPN.TOTL.GD.ZS,
Viet Nam,VN,VNM,2012,GC.XPN.TOTL.GD.ZS,
Viet Nam,VN,VNM,2011,GC.XPN.TOTL.GD.ZS,
Viet Nam,VN,VNM,2010,GC.XPN.TOTL.GD.ZS,
South Africa,ZA,ZAF,2023,GC.XPN.TOTL.GD.ZS,
South Africa,ZA,ZAF,2022,GC.XPN.TOTL.GD.ZS,33.4243056296085
South Africa,ZA,ZAF,2021,GC.XPN.TOTL.GD.ZS,34.6050550967435
South Africa,ZA,ZAF,2020,GC.XPN.TOTL.GD.ZS,37.8354162011745
South Africa,ZA,ZAF,2019,GC.XPN.TOTL.GD.ZS,34.6532754617872
South Africa,ZA,ZAF,2018,GC.XPN.TOTL.GD.ZS,33.9954978254972
South Africa,ZA,ZAF,2017,GC.XPN.TOTL.GD.ZS,33.2518124768773
South Africa,ZA,ZAF,2016,GC.XPN.TOTL.GD.ZS,32.1896608002111
South Africa,ZA,ZAF,2015,GC.XPN.TOTL.GD.ZS,33.6797787454907
South Africa,ZA,ZAF,2014,GC.XPN.TOTL.GD.ZS,31.9053501556958
South Africa,ZA,ZAF,2013,GC.XPN.TOTL.GD.ZS,31.259190573785
South Africa,ZA,ZAF,2012,GC.XPN.TOTL.GD.ZS,30.3651797341743
South Africa,ZA,ZAF,2011,GC.XPN.TOTL.GD.ZS,31.0619734464171
South Africa,ZA,ZAF,2010,GC.XPN.TOTL.GD.ZS,29.5775128260769
Argentina,AR,ARG,2023,GC.REV.XGRT.GD.ZS,17.7753274051522
Argentina,AR,ARG,2022,GC.REV.XGRT.GD.ZS,17.893195301026
Argentina,AR,ARG,2021,GC.REV.XGRT.GD.ZS,18.0764989044589
Argentina,AR,ARG,2020,GC.REV.XGRT.GD.ZS,17.4777322783093
Argentina,AR,ARG,2019,GC.REV.XGRT.GD.ZS,17.7888990504455
Argentina,AR,ARG,2018,GC.REV.XGRT.GD.ZS,17.7024488717292
Argentina,AR,ARG,2017,GC.REV.XGRT.GD.ZS,19.3371239744582
Argentina,AR,ARG,2016,GC.REV.XGRT.GD.ZS,21.2567013071388
Argentina,AR,ARG,2015,GC.REV.XGRT.GD.ZS,22.1490803040164
Argentina,AR,ARG,2014,GC.REV.XGRT.GD.ZS,22.3322943705014
Argentina,AR,ARG,2013,GC.REV.XGRT.GD.ZS,21.5652829643596
Argentina,AR,ARG,2012,GC.REV.XGRT.GD.ZS,21.182234604867
Argentina,AR,ARG,2011,GC.REV.XGRT.GD.ZS,20.196408074281
Argentina,AR,ARG,2010,GC.REV.XGRT.GD.ZS,21.2413164267537
Brazil,BR,BRA,2023,GC.REV.XGRT.GD.ZS,25.3707484836868
Brazil,BR,BRA,2022,GC.REV.XGRT.GD.ZS,26.9365134619689
Brazil,BR,BRA,2021,GC.REV.XGRT.GD.ZS,24.6358299212382
Brazil,BR,BRA,2020,GC.REV.XGRT.GD.ZS,22.194867345509
Brazil,BR,BRA,2019,GC.REV.XGRT.GD.ZS,25.5600401304457
Brazil,BR,BRA,2018,GC.REV.XGRT.GD.ZS,25.2724385285785
Brazil,BR,BRA,2017,GC.REV.XGRT.GD.ZS,24.3609920784363
Brazil,BR,BRA,2016,GC.REV.XGRT.GD.ZS,26.1732253880186
Brazil,BR,BRA,2015,GC.REV.XGRT.GD.ZS,25.8123252141563
Brazil,BR,BRA,2014,GC.REV.XGRT.GD.ZS,24.0410606265761
Brazil,BR,BRA,2013,GC.REV.XGRT.GD.ZS,25.4407118580192
Brazil,BR,BRA,2012,GC.REV.XGRT.GD.ZS,26.3713866400929
Brazil,BR,BRA,2011,GC.REV.XGRT.GD.ZS,25.9974425384475
Brazil,BR,BRA,2010,GC.REV.XGRT.GD.ZS,25.9013840892228
Canada,CA,CAN,2023,GC.REV.XGRT.GD.ZS,19.6073048673598
Canada,CA,CAN,2022,GC.REV.XGRT.GD.ZS,18.9042624468735
Canada,CA,CAN,2021,GC.REV.XGRT.GD.ZS,19.8623873290341
Canada,CA,CAN,2020,GC.REV.XGRT.GD.ZS,18.9901595520707
Canada,CA,CAN,2019,GC.REV.XGRT.GD.ZS,18.2775695376146
Canada,CA,CAN,2018,GC.REV.XGRT.GD.ZS,18.5291773308631
Canada,CA,CAN,2017,GC.REV.XGRT.GD.ZS,18.0104043358874
Canada,CA,CAN,2016,GC.REV.XGRT.GD.ZS,17.8650578735988
Canada,CA,CAN,2015,GC.REV.XGRT.GD.ZS,17.8508915598731
Canada,CA,CAN,2014,GC.REV.XGRT.GD.ZS,16.9792054635347
Canada,CA,CAN,2013,GC.REV.XGRT.GD.ZS,16.9527424319288
Canada,CA,CAN,2012,GC.REV.XGRT.GD.ZS,16.9203884855391
Canada,CA,CAN,2011,GC.REV.XGRT.GD.ZS,16.9254122718807
Canada,CA,CAN,2010,GC.REV.XGRT.GD.ZS,16.8961112858422
China,CN,CHN,2023,GC.REV.XGRT.GD.ZS,15.0661250338704
China,CN,CHN,2022,GC.REV.XGRT.GD.ZS,14.6559605630141
China,CN,CHN,2021,GC.REV.XGRT.GD.ZS,14.6241117527941
China,CN,CHN,2020,GC.REV.XGRT.GD.ZS,13.7961540297522
China,CN,CHN,2019,GC.REV.XGRT.GD.ZS,15.7907279889576
China,CN,CHN,2018,GC.REV.XGRT.GD.ZS,16.2403554427458
China,CN,CHN,2017,GC.REV.XGRT.GD.ZS,15.595511924101
China,CN,CHN,2016,GC.REV.XGRT.GD.ZS,15.326073498047
China,CN,CHN,2015,GC.REV.XGRT.GD.ZS,15.7312275700006
China,CN,CHN,2014,GC.REV.XGRT.GD.ZS,15.5234236261726
China,CN,CHN,2013,GC.REV.XGRT.GD.ZS,10.762086414812
China,CN,CHN,2012,GC.REV.XGRT.GD.ZS,10.9572673113543
China,CN,CHN,2011,GC.REV.XGRT.GD.ZS,11.0626224007863
China,CN,CHN,2010,GC.REV.XGRT.GD.ZS,11.0399710818906
Germany,DE,DEU,2023,GC.REV.XGRT.GD.ZS,28.4183906847328
Germany,DE,DEU,2022,GC.REV.XGRT.GD.ZS,28.5689040179075
Germany,DE,DEU,2021,GC.REV.XGRT.GD.ZS,29.2255467990463
Germany,DE,DEU,2020,GC.REV.XGRT.GD.ZS,29.5059871563036
Germany,DE,DEU,2019,GC.REV.XGRT.GD.ZS,29.5495126198661
Germany,DE,DEU,2018,GC.REV.XGRT.GD.ZS,29.2858536471726
Germany,DE,DEU,2017,GC.REV.XGRT.GD.ZS,28.9820017941202
Germany,DE,DEU,2016,GC.REV.XGRT.GD.ZS,28.8217362865039
Germany,DE,DEU,2015,GC.REV.XGRT.GD.ZS,28.8827449036776
Germany,DE,DEU,2014,GC.REV.XGRT.GD.ZS,28.9254038405479
Germany,DE,DEU,2013,GC.REV.XGRT.GD.ZS,28.9264882364433
Germany,DE,DEU,2012,GC.REV.XGRT.GD.ZS,28.7461775885228
Germany,DE,DEU,2011,GC.REV.XGRT.GD.ZS,28.4908861229527
Germany,DE,DEU,2010,GC.REV.XGRT.GD.ZS,28.017826143481
Spain,ES,ESP,2023,GC.REV.XGRT.GD.ZS,29.6492564568045
Spain,ES,ESP,2022,GC.REV.XGRT.GD.ZS,29.7429322541561
Spain,ES,ESP,2021,GC.REV.XGRT.GD.ZS,30.1223659907048
Spain,ES,ESP,2020,GC.REV.XGRT.GD.ZS,29.2233358778761
Spain,ES,ESP,2019,GC.REV.XGRT.GD.ZS,27.8396917947532
Spain,ES,ESP,2018,GC.REV.XGRT.GD.ZS,27.752508504664
Spain,ES,ESP,2017,GC.REV.XGRT.GD.ZS,27.0360266114199
Spain,ES,ESP,2016,GC.REV.XGRT.GD.ZS,27.1288470631817
Spain,ES,ESP,2015,GC.REV.XGRT.GD.ZS,27.5393887658309
Spain,ES,ESP,2014,GC.REV.XGRT.GD.ZS,28.3139018373375
Spain,ES,ESP,2013,GC.REV.XGRT.GD.ZS,27.9219462351753
Spain,ES,ESP,2012,GC.REV.XGRT.GD.ZS,25.8732928943477
Spain,ES,ESP,2011,GC.REV.XGRT.GD.ZS,25.9231395446762
Spain,ES,ESP,2010,GC.REV.XGRT.GD.ZS,26.4248545924643
France,FR,FRA,2023,GC.REV.XGRT.GD.ZS,41.6513891623385
France,FR,FRA,2022,GC.REV.XGRT.GD.ZS,43.4321332366138
France,FR,FRA,2021,GC.REV.XGRT.GD.ZS,42.5814409563757
France,FR,FRA,2020,GC.REV.XGRT.GD.ZS,42.9822123869451
France,FR,FRA,2019,GC.REV.XGRT.GD.ZS,43.3488714857635
France,FR,FRA,2018,GC.REV.XGRT.GD.ZS,44.7259377621146
France,FR,FRA,2017,GC.REV.XGRT.GD.ZS,45.0848754876607
France,FR,FRA,2016,GC.REV.XGRT.GD.ZS,44.4509842015877
France,FR,FRA,2015,GC.REV.XGRT.GD.ZS,44.6530065209365
France,FR,FRA,2014,GC.REV.XGRT.GD.ZS,44.9324802595085
France,FR,FRA,2013,GC.REV.XGRT.GD.ZS,44.7264579054071
France,FR,FRA,2012,GC.REV.XGRT.GD.ZS,43.8790803963843
France,FR,FRA,2011,GC.REV.XGRT.GD.ZS,42.9691339303891
France,FR,FRA,2010,GC.REV.XGRT.GD.ZS,43.2656767272935
United Kingdom,GB,GBR,2023,GC.REV.XGRT.GD.ZS,35.307815958642
United Kingdom,GB,GBR,2022,GC.REV.XGRT.GD.ZS,35.8232572592484
United Kingdom,GB,GBR,2021,GC.REV.XGRT.GD.ZS,34.5638089563137
United Kingdom,GB,GBR,2020,GC.REV.XGRT.GD.ZS,33.4086844384201
United Kingdom,GB,GBR,2019,GC.REV.XGRT.GD.ZS,33.2703051672887
United Kingdom,GB,GBR,2018,GC.REV.XGRT.GD.ZS,33.6717998451804
United Kingdom,GB,GBR,2017,GC.REV.XGRT.GD.ZS,33.7644274187473
United Kingdom,GB,GBR,2016,GC.REV.XGRT.GD.ZS,33.3897658317351
United Kingdom,GB,GBR,2015,GC.REV.XGRT.GD.ZS,32.9060547215376
United Kingdom,GB,GBR,2014,GC.REV.XGRT.GD.ZS,32.663223587863
United Kingdom,GB,GBR,2013,GC.REV.XGRT.GD.ZS,33.5802583685844
United Kingdom,GB,GBR,2012,GC.REV.XGRT.GD.ZS,32.7247709832329
United Kingdom,GB,GBR,2011,GC.REV.XGRT.GD.ZS,33.3655300024851
United Kingdom,GB,GBR,2010,GC.REV.XGRT.GD.ZS,38.1021871609733
Italy,IT,ITA,2023,GC.REV.XGRT.GD.ZS,39.0716690240796
Italy,IT,ITA,2022,GC.REV.XGRT.GD.ZS,39.6180298954102
Italy,IT,ITA,2021,GC.REV.XGRT.GD.ZS,40.3368257842547
Italy,IT,ITA,2020,GC.REV.XGRT.GD.ZS,40.5950400712713
Italy,IT,ITA,2019,GC.REV.XGRT.GD.ZS,40.0859879467878
Italy,IT,ITA,2018,GC.REV.XGRT.GD.ZS,39.2904064273807
Italy,IT,ITA,2017,GC.REV.XGRT.GD.ZS,39.4241765372518
Italy,IT,ITA,2016,GC.REV.XGRT.GD.ZS,39.8892763245145
Italy,IT,ITA,2015,GC.REV.XGRT.GD.ZS,39.8182456242875
Italy,IT,ITA,2014,GC.REV.XGRT.GD.ZS,39.9331071826154
Italy,IT,ITA,2013,GC.REV.XGRT.GD.ZS,40.2052550832818
Italy,IT,ITA,2012,GC.REV.XGRT.GD.ZS,39.7540937173988
Italy,IT,ITA,2011,GC.REV.XGRT.GD.ZS,38.3677146733526
Italy,IT,ITA,2010,GC.REV.XGRT.GD.ZS,38.6830279180741
Japan,JP,JPN,2023,GC.REV.XGRT.GD.ZS,
Japan,JP,JPN,2022,GC.REV.XGRT.GD.ZS,
Japan,JP,JPN,2021,GC.REV.XGRT.GD.ZS,
Japan,JP,JPN,2020,GC.REV.XGRT.GD.ZS,
Japan,JP,JPN,2019,GC.REV.XGRT.GD.ZS,
Japan,JP,JPN,2018,GC.REV.XGRT.GD.ZS,
Japan,JP,JPN,2017,GC.REV.XGRT.GD.ZS,
Japan,JP,JPN,2016,GC.REV.XGRT.GD.ZS,
Japan,JP,JPN,2015,GC.REV.XGRT.GD.ZS,
Japan,JP,JPN,2014,GC.REV.XGRT.GD.ZS,
Japan,JP,JPN,2013,GC.REV.XGRT.GD.ZS,
Japan,JP,JPN,2012,GC.REV.XGRT.GD.ZS,
Japan,JP,JPN,2011,GC.REV.XGRT.GD.ZS,
Japan,JP,JPN,2010,GC.REV.XGRT.GD.ZS,
Mexico,MX,MEX,2023,GC.REV.XGRT.GD.ZS,19.0864675810305
Mexico,MX,MEX,2022,GC.REV.XGRT.GD.ZS,19.2711611455968
Mexico,MX,MEX,2021,GC.REV.XGRT.GD.ZS,18.3430886466271
Mexico,MX,MEX,2020,GC.REV.XGRT.GD.ZS,18.6445328321225
Mexico,MX,MEX,2019,GC.REV.XGRT.GD.ZS,18.5191670610515
Mexico,MX,MEX,2018,GC.REV.XGRT.GD.ZS,18.334242739213
Mexico,MX,MEX,2017,GC.REV.XGRT.GD.ZS,19.4469058471141
Mexico,MX,MEX,2016,GC.REV.XGRT.GD.ZS,19.1915888785393
Mexico,MX,MEX,2015,GC.REV.XGRT.GD.ZS,18.36819687242
Mexico,MX,MEX,2014,GC.REV.XGRT.GD.ZS,17.6885991082662
Mexico,MX,MEX,2013,GC.REV.XGRT.GD.ZS,18.0538404139904
Mexico,MX,MEX,2012,GC.REV.XGRT.GD.ZS,17.9381165856887
Mexico,MX,MEX,2011,GC.REV.XGRT.GD.ZS,18.1690562712129
Mexico,MX,MEX,2010,GC.REV.XGRT.GD.ZS,17.2660921775704
Netherlands,NL,NLD,2023,GC.REV.XGRT.GD.ZS,39.4093890964287
Netherlands,NL,NLD,2022,GC.REV.XGRT.GD.ZS,39.1818437946509
Netherlands,NL,NLD,2021,GC.REV.XGRT.GD.ZS,39.3800684201671
Netherlands,NL,NLD,2020,GC.REV.XGRT.GD.ZS,39.7313779068984
Netherlands,NL,NLD,2019,GC.REV.XGRT.GD.ZS,39.7164505216525
Netherlands,NL,NLD,2018,GC.REV.XGRT.GD.ZS,39.5247900029596
Netherlands,NL,NLD,2017,GC.REV.XGRT.GD.ZS,39.5813605980335
Netherlands,NL,NLD,2016,GC.REV.XGRT.GD.ZS,39.4801263581768
Netherlands,NL,NLD,2015,GC.REV.XGRT.GD.ZS,38.6479779740408
Netherlands,NL,NLD,2014,GC.REV.XGRT.GD.ZS,39.799035405311
Netherlands,NL,NLD,2013,GC.REV.XGRT.GD.ZS,39.8548906421142
Netherlands,NL,NLD,2012,GC.REV.XGRT.GD.ZS,38.9283717595012
Netherlands,NL,NLD,2011,GC.REV.XGRT.GD.ZS,38.4714937051552
Netherlands,NL,NLD,2010,GC.REV.XGRT.GD.ZS,38.6106540678235
Poland,PL,POL,2023,GC.REV.XGRT.GD.ZS,35.8946310017879
Poland,PL,POL,2022,GC.REV.XGRT.GD.ZS,33.8091813534998
Poland,PL,POL,2021,GC.REV.XGRT.GD.ZS,35.7886364097481
Poland,PL,POL,2020,GC.REV.XGRT.GD.ZS,34.7081923171819
Poland,PL,POL,2019,GC.REV.XGRT.GD.ZS,34.1467261960069
Poland,PL,POL,2018,GC.REV.XGRT.GD.ZS,34.1003647349327
Poland,PL,POL,2017,GC.REV.XGRT.GD.ZS,33.5318974617845
Poland,PL,POL,2016,GC.REV.XGRT.GD.ZS,32.8126112028125
Poland,PL,POL,2015,GC.REV.XGRT.GD.ZS,32.4821172392908
Poland,PL,POL,2014,GC.REV.XGRT.GD.ZS,32.2897733286165
Poland,PL,POL,2013,GC.REV.XGRT.GD.ZS,32.4418965323538
Poland,PL,POL,2012,GC.REV.XGRT.GD.ZS,32.7536212229741
Poland,PL,POL,2011,GC.REV.XGRT.GD.ZS,32.537093932932
Poland,PL,POL,2010,GC.REV.XGRT.GD.ZS,31.9706586203309
Sweden,SE,SWE,2023,GC.REV.XGRT.GD.ZS,32.9996466003721
Sweden,SE,SWE,2022,GC.REV.XGRT.GD.ZS,34.3619222493581
Sweden,SE,SWE,2021,GC.REV.XGRT.GD.ZS,33.6215705383775
Sweden,SE,SWE,2020,GC.REV.XGRT.GD.ZS,32.8011881452785
Sweden,SE,SWE,2019,GC.REV.XGRT.GD.ZS,33.4318719428237
Sweden,SE,SWE,2018,GC.REV.XGRT.GD.ZS,34.0516011743389
Sweden,SE,SWE,2017,GC.REV.XGRT.GD.ZS,34.1366138636108
Sweden,SE,SWE,2016,GC.REV.XGRT.GD.ZS,34.1313890613301
Sweden,SE,SWE,2015,GC.REV.XGRT.GD.ZS,33.1938133784108
Sweden,SE,SWE,2014,GC.REV.XGRT.GD.ZS,32.6832028732996
Sweden,SE,SWE,2013,GC.REV.XGRT.GD.ZS,33.0381321721872
Sweden,SE,SWE,2012,GC.REV.XGRT.GD.ZS,32.9586695645987
Sweden,SE,SWE,2011,GC.REV.XGRT.GD.ZS,33.3419977289027
Sweden,SE,SWE,2010,GC.REV.XGRT.GD.ZS,33.9466773888544
United States,US,USA,2023,GC.REV.XGRT.GD.ZS,17.4885947429621
United States,US,USA,2022,GC.REV.XGRT.GD.ZS,19.8715966392747
United States,US,USA,2021,GC.REV.XGRT.GD.ZS,18.7959378975788
United States,US,USA,2020,GC.REV.XGRT.GD.ZS,17.6890680407897
United States,US,USA,2019,GC.REV.XGRT.GD.ZS,17.2913779593688
United States,US,USA,2018,GC.REV.XGRT.GD.ZS,17.4793585714067
United States,US,USA,2017,GC.REV.XGRT.GD.ZS,19.2095273622379
United States,US,USA,2016,GC.REV.XGRT.GD.ZS,18.540821220497
United States,US,USA,2015,GC.REV.XGRT.GD.ZS,18.9953587913738
United States,US,USA,2014,GC.REV.XGRT.GD.ZS,18.8588452680232
United States,US,USA,2013,GC.REV.XGRT.GD.ZS,18.7407120908556
United States,US,USA,2012,GC.REV.XGRT.GD.ZS,16.7477397829576
United States,US,USA,2011,GC.REV.XGRT.GD.ZS,16.6294350441405
United States,US,USA,2010,GC.REV.XGRT.GD.ZS,16.4034431324241
Australia,AU,AUS,2023,GC.REV.XGRT.GD.ZS,
Australia,AU,AUS,2022,GC.REV.XGRT.GD.ZS,26.131348255083
Australia,AU,AUS,2021,GC.REV.XGRT.GD.ZS,25.6293211504608
Australia,AU,AUS,2020,GC.REV.XGRT.GD.ZS,25.1891145627514
Australia,AU,AUS,2019,GC.REV.XGRT.GD.ZS,25.9715065326299
Australia,AU,AUS,2018,GC.REV.XGRT.GD.ZS,25.7471757974481
Australia,AU,AUS,2017,GC.REV.XGRT.GD.ZS,24.7425472872619
Australia,AU,AUS,2016,GC.REV.XGRT.GD.ZS,24.7656119982625
Australia,AU,AUS,2015,GC.REV.XGRT.GD.ZS,24.4091962960215
Australia,AU,AUS,2014,GC.REV.XGRT.GD.ZS,24.2574161887099
Australia,AU,AUS,2013,GC.REV.XGRT.GD.ZS,24.3509501087634
Australia,AU,AUS,2012,GC.REV.XGRT.GD.ZS,23.3563801280004
Australia,AU,AUS,2011,GC.REV.XGRT.GD.ZS,22.6375487543484
Australia,AU,AUS,2010,GC.REV.XGRT.GD.ZS,23.2230972332076
Chile,CL,CHL,2023,GC.REV.XGRT.GD.ZS,22.9270778409941
Chile,CL,CHL,2022,GC.REV.XGRT.GD.ZS,26.0922721173182
Chile,CL,CHL,2021,GC.REV.XGRT.GD.ZS,24.1534727045706
Chile,CL,CHL,2020,GC.REV.XGRT.GD.ZS,19.9334371335958
Chile,CL,CHL,2019,GC.REV.XGRT.GD.ZS,21.7381008463193
Chile,CL,CHL,2018,GC.REV.XGRT.GD.ZS,22.1740306166793
Chile,CL,CHL,2017,GC.REV.XGRT.GD.ZS,21.1680432165628
Chile,CL,CHL,2016,GC.REV.XGRT.GD.ZS,20.8570992758656
Chile,CL,CHL,2015,GC.REV.XGRT.GD.ZS,21.1423576597254
Chile,CL,CHL,2014,GC.REV.XGRT.GD.ZS,20.6564876974145
Chile,CL,CHL,2013,GC.REV.XGRT.GD.ZS,20.9927906067468
Chile,CL,CHL,2012,GC.REV.XGRT.GD.ZS,22.1048865678584
Chile,CL,CHL,2011,GC.REV.XGRT.GD.ZS,22.6609132637705
Chile,CL,CHL,2010,GC.REV.XGRT.GD.ZS,21.550084613536
Colombia,CO,COL,2023,GC.REV.XGRT.GD.ZS,28.3664666231519
Colombia,CO,COL,2022,GC.REV.XGRT.GD.ZS,25.4074707206706
Colombia,CO,COL,2021,GC.REV.XGRT.GD.ZS,24.1312117221098
Colombia,CO,COL,2020,GC.REV.XGRT.GD.ZS,23.6871303712315
Colombia,CO,COL,2019,GC.REV.XGRT.GD.ZS,25.575368512731
Colombia,CO,COL,2018,GC.REV.XGRT.GD.ZS,23.4751871722398
Colombia,CO,COL,2017,GC.REV.XGRT.GD.ZS,22.5842861999584
Colombia,CO,COL,2016,GC.REV.XGRT.GD.ZS,24.2234212780588
Colombia,CO,COL,2015,GC.REV.XGRT.GD.ZS,24.1024162766989
Colombia,CO,COL,2014,GC.REV.XGRT.GD.ZS,23.4469943054822
Colombia,CO,COL,2013,GC.REV.XGRT.GD.ZS,24.4985703542816
Colombia,CO,COL,2012,GC.REV.XGRT.GD.ZS,26.3354797473995
Colombia,CO,COL,2011,GC.REV.XGRT.GD.ZS,23.4920085360318
Colombia,CO,COL,2010,GC.REV.XGRT.GD.ZS,21.5744254310186
"Egypt, Arab Rep.",EG,EGY,2023,GC.REV.XGRT.GD.ZS,
"Egypt, Arab Rep.",EG,EGY,2022,GC.REV.XGRT.GD.ZS,
"Egypt, Arab Rep.",EG,EGY,2021,GC.REV.XGRT.GD.ZS,
"Egypt, Arab Rep.",EG,EGY,2020,GC.REV.XGRT.GD.ZS,
"Egypt, Arab Rep.",EG,EGY,2019,GC.REV.XGRT.GD.ZS,
"Egypt, Arab Rep.",EG,EGY,2018,GC.REV.XGRT.GD.ZS,
"Egypt, Arab Rep.",EG,EGY,2017,GC.REV.XGRT.GD.ZS,
"Egypt, Arab Rep.",EG,EGY,2016,GC.REV.XGRT.GD.ZS,
"Egypt, Arab Rep.",EG,EGY,2015,GC.REV.XGRT.GD.ZS,20.9886247391464
"Egypt, Arab Rep.",EG,EGY,2014,GC.REV.XGRT.GD.ZS,19.8767136150235
"Egypt, Arab Rep.",EG,EGY,2013,GC.REV.XGRT.GD.ZS,21.4163083207912
"Egypt, Arab Rep.",EG,EGY,2012,GC.REV.XGRT.GD.ZS,20.2282199796979
"Egypt, Arab Rep.",EG,EGY,2011,GC.REV.XGRT.GD.ZS,21.9307417402086
"Egypt, Arab Rep.",EG,EGY,2010,GC.REV.XGRT.GD.ZS,24.7838223106249
Indonesia,ID,IDN,2023,GC.REV.XGRT.GD.ZS,
Indonesia,ID,IDN,2022,GC.REV.XGRT.GD.ZS,
Indonesia,ID,IDN,2021,GC.REV.XGRT.GD.ZS,
Indonesia,ID,IDN,2020,GC.REV.XGRT.GD.ZS,
Indonesia,ID,IDN,2019,GC.REV.XGRT.GD.ZS,
Indonesia,ID,IDN,2018,GC.REV.XGRT.GD.ZS,
Indonesia,ID,IDN,2017,GC.REV.XGRT.GD.ZS,
Indonesia,ID,IDN,2016,GC.REV.XGRT.GD.ZS,
Indonesia,ID,IDN,2015,GC.REV.XGRT.GD.ZS,
Indonesia,ID,IDN,2014,GC.REV.XGRT.GD.ZS,
Indonesia,ID,IDN,2013,GC.REV.XGRT.GD.ZS,
Indonesia,ID,IDN,2012,GC.REV.XGRT.GD.ZS,
Indonesia,ID,IDN,2011,GC.REV.XGRT.GD.ZS,
Indonesia,ID,IDN,2010,GC.REV.XGRT.GD.ZS,
India,IN,IND,2023,GC.REV.XGRT.GD.ZS,
India,IN,IND,2022,GC.REV.XGRT.GD.ZS,9.37969496475912
India,IN,IND,2021,GC.REV.XGRT.GD.ZS,
India,IN,IND,2020,GC.REV.XGRT.GD.ZS,
India,IN,IND,2019,GC.REV.XGRT.GD.ZS,
India,IN,IND,2018,GC.REV.XGRT.GD.ZS,13.1885329486481
India,IN,IND,2017,GC.REV.XGRT.GD.ZS,12.7267619005257
India,IN,IND,2016,GC.REV.XGRT.GD.ZS,12.8510169890546
India,IN,IND,2015,GC.REV.XGRT.GD.ZS,12.4152095425778
India,IN,IND,2014,GC.REV.XGRT.GD.ZS,11.550620644555
India,IN,IND,2013,GC.REV.XGRT.GD.ZS,12.6089934124693
India,IN,IND,2012,GC.REV.XGRT.GD.ZS,12.599872776486
India,IN,IND,2011,GC.REV.XGRT.GD.ZS,11.4959960090891
India,IN,IND,2010,GC.REV.XGRT.GD.ZS,13.1835965373763
"Korea, Rep.",KR,KOR,2023,GC.REV.XGRT.GD.ZS,27.3522982777032
"Korea, Rep.",KR,KOR,2022,GC.REV.XGRT.GD.ZS,29.7729228756878
"Korea, Rep.",KR,KOR,2021,GC.REV.XGRT.GD.ZS,28.0245804485222
"Korea, Rep.",KR,KOR,2020,GC.REV.XGRT.GD.ZS,26.3065329311566
"Korea, Rep.",KR,KOR,2019,GC.REV.XGRT.GD.ZS,26.2939664582305
"Korea, Rep.",KR,KOR,2018,GC.REV.XGRT.GD.ZS,25.9611385420606
"Korea, Rep.",KR,KOR,2017,GC.REV.XGRT.GD.ZS,24.8507535910186
"Korea, Rep.",KR,KOR,2016,GC.REV.XGRT.GD.ZS,24.4609578600766
"Korea, Rep.",KR,KOR,2015,GC.REV.XGRT.GD.ZS,23.6343458597577
"Korea, Rep.",KR,KOR,2014,GC.REV.XGRT.GD.ZS,23.8361453515722
"Korea, Rep.",KR,KOR,2013,GC.REV.XGRT.GD.ZS,24.9494763702353
"Korea, Rep.",KR,KOR,2012,GC.REV.XGRT.GD.ZS,25.5086081431188
"Korea, Rep.",KR,KOR,2011,GC.REV.XGRT.GD.ZS,19.840430558129
"Korea, Rep.",KR,KOR,2010,GC.REV.XGRT.GD.ZS,19.2669365886743
Nigeria,NG,NGA,2023,GC.REV.XGRT.GD.ZS,
Nigeria,NG,NGA,2022,GC.REV.XGRT.GD.ZS,
Nigeria,NG,NGA,2021,GC.REV.XGRT.GD.ZS,
Nigeria,NG,NGA,2020,GC.REV.XGRT.GD.ZS,
Nigeria,NG,NGA,2019,GC.REV.XGRT.GD.ZS,
Nigeria,NG,NGA,2018,GC.REV.XGRT.GD.ZS,
Nigeria,NG,NGA,2017,GC.REV.XGRT.GD.ZS,
Nigeria,NG,NGA,2016,GC.REV.XGRT.GD.ZS,
Nigeria,NG,NGA,2015,GC.REV.XGRT.GD.ZS,
Nigeria,NG,NGA,2014,GC.REV.XGRT.GD.ZS,
Nigeria,NG,NGA,2013,GC.REV.XGRT.GD.ZS,
Nigeria,NG,NGA,2012,GC.REV.XGRT.GD.ZS,
Nigeria,NG,NGA,2011,GC.REV.XGRT.GD.ZS,
Nigeria,NG,NGA,2010,GC.REV.XGRT.GD.ZS,
Russian Federation,RU,RUS,2023,GC.REV.XGRT.GD.ZS,29.0875573953717
Russian Federation,RU,RUS,2022,GC.REV.XGRT.GD.ZS,26.9931011274882
Russian Federation,RU,RUS,2021,GC.REV.XGRT.GD.ZS,26.5756609925752
Russian Federation,RU,RUS,2020,GC.REV.XGRT.GD.ZS,27.6767173115632
Russian Federation,RU,RUS,2019,GC.REV.XGRT.GD.ZS,27.4804517541099
Russian Federation,RU,RUS,2018,GC.REV.XGRT.GD.ZS,27.5163963231875
Russian Federation,RU,RUS,2017,GC.REV.XGRT.GD.ZS,24.4845856851678
Russian Federation,RU,RUS,2016,GC.REV.XGRT.GD.ZS,24.2684308208386
Russian Federation,RU,RUS,2015,GC.REV.XGRT.GD.ZS,24.4720476684928
Russian Federation,RU,RUS,2014,GC.REV.XGRT.GD.ZS,27.1517347071711
Russian Federation,RU,RUS,2013,GC.REV.XGRT.GD.ZS,26.5415005953221
Russian Federation,RU,RUS,2012,GC.REV.XGRT.GD.ZS,27.2377003203952
Russian Federation,RU,RUS,2011,GC.REV.XGRT.GD.ZS,29.1482849253086
Russian Federation,RU,RUS,2010,GC.REV.XGRT.GD.ZS,26.054156943742
Saudi Arabia,SA,SAU,2023,GC.REV.XGRT.GD.ZS,26.5289068800738
Saudi Arabia,SA,SAU,2022,GC.REV.XGRT.GD.ZS,27.2926932054767
Saudi Arabia,SA,SAU,2021,GC.REV.XGRT.GD.ZS,26.2005739264251
Saudi Arabia,SA,SAU,2020,GC.REV.XGRT.GD.ZS,27.1487389649999
Saudi Arabia,SA,SAU,2019,GC.REV.XGRT.GD.ZS,27.8140023653833
Saudi Arabia,SA,SAU,2018,GC.REV.XGRT.GD.ZS,27.2458971226168
Saudi Arabia,SA,SAU,2017,GC.REV.XGRT.GD.ZS,24.8765686836184
Saudi Arabia,SA,SAU,2016,GC.REV.XGRT.GD.ZS,20.0963081210981
Saudi Arabia,SA,SAU,2015,GC.REV.XGRT.GD.ZS,23.5623988579797
Saudi Arabia,SA,SAU,2014,GC.REV.XGRT.GD.ZS,35.2372295909241
Saudi Arabia,SA,SAU,2013,GC.REV.XGRT.GD.ZS,39.9298617327609
Saudi Arabia,SA,SAU,2012,GC.REV.XGRT.GD.ZS,44.2080643187851
Saudi Arabia,SA,SAU,2011,GC.REV.XGRT.GD.ZS,43.7821599245909
Saudi Arabia,SA,SAU,2010,GC.REV.XGRT.GD.ZS,37.4031314968159
Singapore,SG,SGP,2023,GC.REV.XGRT.GD.ZS,18.0096881546498
Singapore,SG,SGP,2022,GC.REV.XGRT.GD.ZS,15.7228590892291
Singapore,SG,SGP,2021,GC.REV.XGRT.GD.ZS,16.9554758068058
Singapore,SG,SGP,2020,GC.REV.XGRT.GD.ZS,17.9630738979833
Singapore,SG,SGP,2019,GC.REV.XGRT.GD.ZS,20.9049346284011
Singapore,SG,SGP,2018,GC.REV.XGRT.GD.ZS,18.1363800456617
Singapore,SG,SGP,2017,GC.REV.XGRT.GD.ZS,20.0984795106946
Singapore,SG,SGP,2016,GC.REV.XGRT.GD.ZS,18.3679721865711
Singapore,SG,SGP,2015,GC.REV.XGRT.GD.ZS,17.9971098900658
Singapore,SG,SGP,2014,GC.REV.XGRT.GD.ZS,18.0208994708332
Singapore,SG,SGP,2013,GC.REV.XGRT.GD.ZS,17.2396519035114
Singapore,SG,SGP,2012,GC.REV.XGRT.GD.ZS,17.4768046793331
Singapore,SG,SGP,2011,GC.REV.XGRT.GD.ZS,17.0209629280307
Singapore,SG,SGP,2010,GC.REV.XGRT.GD.ZS,16.7790639246853
Turkiye,TR,TUR,2023,GC.REV.XGRT.GD.ZS,33.0413461477558
Turkiye,TR,TUR,2022,GC.REV.XGRT.GD.ZS,27.2711691129616
Turkiye,TR,TUR,2021,GC.REV.XGRT.GD.ZS,29.4977695405094
Turkiye,TR,TUR,2020,GC.REV.XGRT.GD.ZS,29.5197315875713
Turkiye,TR,TUR,2019,GC.REV.XGRT.GD.ZS,29.2876680740266
Turkiye,TR,TUR,2018,GC.REV.XGRT.GD.ZS,30.207791762814
Turkiye,TR,TUR,2017,GC.REV.XGRT.GD.ZS,29.501534894828
Turkiye,TR,TUR,2016,GC.REV.XGRT.GD.ZS,30.9443928097308
Turkiye,TR,TUR,2015,GC.REV.XGRT.GD.ZS,30.4983562189661
Turkiye,TR,TUR,2014,GC.REV.XGRT.GD.ZS,30.3276548015133
Turkiye,TR,TUR,2013,GC.REV.XGRT.GD.ZS,30.8565141953979
Turkiye,TR,TUR,2012,GC.REV.XGRT.GD.ZS,30.621624698759
Turkiye,TR,TUR,2011,GC.REV.XGRT.GD.ZS,30.5733274427087
Turkiye,TR,TUR,2010,GC.REV.XGRT.GD.ZS,31.3740275795167
Viet Nam,VN,VNM,2023,GC.REV.XGRT.GD.ZS,
Viet Nam,VN,VNM,2022,GC.REV.XGRT.GD.ZS,
Viet Nam,VN,VNM,2021,GC.REV.XGRT.GD.ZS,
Viet Nam,VN,VNM,2020,GC.REV.XGRT.GD.ZS,
Viet Nam,VN,VNM,2019,GC.REV.XGRT.GD.ZS,
Viet Nam,VN,VNM,2018,GC.REV.XGRT.GD.ZS,
Viet Nam,VN,VNM,2017,GC.REV.XGRT.GD.ZS,
Viet Nam,VN,VNM,2016,GC.REV.XGRT.GD.ZS,
Viet Nam,VN,VNM,2015,GC.REV.XGRT.GD.ZS,
Viet Nam,VN,VNM,2014,GC.REV.XGRT.GD.ZS,
Viet Nam,VN,VNM,2013,GC.REV.XGRT.GD.ZS,
Viet Nam,VN,VNM,2012,GC.REV.XGRT.GD.ZS,
Viet Nam,VN,VNM,2011,GC.REV.XGRT.GD.ZS,
Viet Nam,VN,VNM,2010,GC.REV.XGRT.GD.ZS,
South Africa,ZA,ZAF,2023,GC.REV.XGRT.GD.ZS,29.9221961377987
South Africa,ZA,ZAF,2022,GC.REV.XGRT.GD.ZS,29.9911603935889
South Africa,ZA,ZAF,2021,GC.REV.XGRT.GD.ZS,30.0292040850951
South Africa,ZA,ZAF,2020,GC.REV.XGRT.GD.ZS,27.8138753889078
South Africa,ZA,ZAF,2019,GC.REV.XGRT.GD.ZS,28.8976157499402
South Africa,ZA,ZAF,2018,GC.REV.XGRT.GD.ZS,28.3643368318902
South Africa,ZA,ZAF,2017,GC.REV.XGRT.GD.ZS,28.9131558196206
South Africa,ZA,ZAF,2016,GC.REV.XGRT.GD.ZS,29.0406590015195
South Africa,ZA,ZAF,2015,GC.REV.XGRT.GD.ZS,29.6472581887112
South Africa,ZA,ZAF,2014,GC.REV.XGRT.GD.ZS,28.8726130567165
South Africa,ZA,ZAF,2013,GC.REV.XGRT.GD.ZS,27.4101862231804
South Africa,ZA,ZAF,2012,GC.REV.XGRT.GD.ZS,26.5227856834625
South Africa,ZA,ZAF,2011,GC.REV.XGRT.GD.ZS,25.9740547550987
South Africa,ZA,ZAF,2010,GC.REV.XGRT.GD.ZS,25.5192267165858
Argentina,AR,ARG,2023,GC.DOD.TOTL.GD.ZS,
Argentina,AR,ARG,2022,GC.DOD.TOTL.GD.ZS,
Argentina,AR,ARG,2021,GC.DOD.TOTL.GD.ZS,
Argentina,AR,ARG,2020,GC.DOD.TOTL.GD.ZS,
Argentina,AR,ARG,2019,GC.DOD.TOTL.GD.ZS,
Argentina,AR,ARG,2018,GC.DOD.TOTL.GD.ZS,
Argentina,AR,ARG,2017,GC.DOD.TOTL.GD.ZS,
Argentina,AR,ARG,2016,GC.DOD.TOTL.GD.ZS,
Argentina,AR,ARG,2015,GC.DOD.TOTL.GD.ZS,
Argentina,AR,ARG,2014,GC.DOD.TOTL.GD.ZS,
Argentina,AR,ARG,2013,GC.DOD.TOTL.GD.ZS,
Argentina,AR,ARG,2012,GC.DOD.TOTL.GD.ZS,
Argentina,AR,ARG,2011,GC.DOD.TOTL.GD.ZS,
Argentina,AR,ARG,2010,GC.DOD.TOTL.GD.ZS,
Brazil,BR,BRA,2023,GC.DOD.TOTL.GD.ZS,83.0317498523878
Brazil,BR,BRA,2022,GC.DOD.TOTL.GD.ZS,79.1023218878495
Brazil,BR,BRA,2021,GC.DOD.TOTL.GD.ZS,85.0115036768016
Brazil,BR,BRA,2020,GC.DOD.TOTL.GD.ZS,98.7098819468714
Brazil,BR,BRA,2019,GC.DOD.TOTL.GD.ZS,92.5652531945418
Brazil,BR,BRA,2018,GC.DOD.TOTL.GD.ZS,86.6078841211512
Brazil,BR,BRA,2017,GC.DOD.TOTL.GD.ZS,83.669202649666
Brazil,BR,BRA,2016,GC.DOD.TOTL.GD.ZS,73.4188038014782
Brazil,BR,BRA,2015,GC.DOD.TOTL.GD.ZS,67.5375540310909
Brazil,BR,BRA,2014,GC.DOD.TOTL.GD.ZS,58.4572711058609
Brazil,BR,BRA,2013,GC.DOD.TOTL.GD.ZS,57.2284093845516
Brazil,BR,BRA,2012,GC.DOD.TOTL.GD.ZS,59.8494900007969
Brazil,BR,BRA,2011,GC.DOD.TOTL.GD.ZS,59.3416583028164
Brazil,BR,BRA,2010,GC.DOD.TOTL.GD.ZS,61.3187804643039
Canada,CA,CAN,2023,GC.DOD.TOTL.GD.ZS,60.4553957724957
Canada,CA,CAN,2022,GC.DOD.TOTL.GD.ZS,59.4286687896911
Canada,CA,CAN,2021,GC.DOD.TOTL.GD.ZS,68.7631935004671
Canada,CA,CAN,2020,GC.DOD.TOTL.GD.ZS,74.5543516882689
Canada,CA,CAN,2019,GC.DOD.TOTL.GD.ZS,53.3550343019959
Canada,CA,CAN,2018,GC.DOD.TOTL.GD.ZS,53.1446892525476
Canada,CA,CAN,2017,GC.DOD.TOTL.GD.ZS,54.4551971694526
Canada,CA,CAN,2016,GC.DOD.TOTL.GD.ZS,56.0209524890955
Canada,CA,CAN,2015,GC.DOD.TOTL.GD.ZS,55.9830871905967
Canada,CA,CAN,2014,GC.DOD.TOTL.GD.ZS,51.4745859314181
Canada,CA,CAN,2013,GC.DOD.TOTL.GD.ZS,53.2423701593126
Canada,CA,CAN,2012,GC.DOD.TOTL.GD.ZS,55.7149799857487
Canada,CA,CAN,2011,GC.DOD.TOTL.GD.ZS,54.1191112874788
Canada,CA,CAN,2010,GC.DOD.TOTL.GD.ZS,53.149541550924
China,CN,CHN,2023,GC.DOD.TOTL.GD.ZS,
China,CN,CHN,2022,GC.DOD.TOTL.GD.ZS,
China,CN,CHN,2021,GC.DOD.TOTL.GD.ZS,
China,CN,CHN,2020,GC.DOD.TOTL.GD.ZS,
China,CN,CHN,2019,GC.DOD.TOTL.GD.ZS,
China,CN,CHN,2018,GC.DOD.TOTL.GD.ZS,
China,CN,CHN,2017,GC.DOD.TOTL.GD.ZS,
China,CN,CHN,2016,GC.DOD.TOTL.GD.ZS,
China,CN,CHN,2015,GC.DOD.TOTL.GD.ZS,
China,CN,CHN,2014,GC.DOD.TOTL.GD.ZS,
China,CN,CHN,2013,GC.DOD.TOTL.GD.ZS,
China,CN,CHN,2012,GC.DOD.TOTL.GD.ZS,
China,CN,CHN,2011,GC.DOD.TOTL.GD.ZS,
China,CN,CHN,2010,GC.DOD.TOTL.GD.ZS,
Germany,DE,DEU,2023,GC.DOD.TOTL.GD.ZS,
Germany,DE,DEU,2022,GC.DOD.TOTL.GD.ZS,
Germany,DE,DEU,2021,GC.DOD.TOTL.GD.ZS,
Germany,DE,DEU,2020,GC.DOD.TOTL.GD.ZS,
Germany,DE,DEU,2019,GC.DOD.TOTL.GD.ZS,
Germany,DE,DEU,2018,GC.DOD.TOTL.GD.ZS,
Germany,DE,DEU,2017,GC.DOD.TOTL.GD.ZS,
Germany,DE,DEU,2016,GC.DOD.TOTL.GD.ZS,
Germany,DE,DEU,2015,GC.DOD.TOTL.GD.ZS,
Germany,DE,DEU,2014,GC.DOD.TOTL.GD.ZS,
Germany,DE,DEU,2013,GC.DOD.TOTL.GD.ZS,
Germany,DE,DEU,2012,GC.DOD.TOTL.GD.ZS,
Germany,DE,DEU,2011,GC.DOD.TOTL.GD.ZS,
Germany,DE,DEU,2010,GC.DOD.TOTL.GD.ZS,
Spain,ES,ESP,2023,GC.DOD.TOTL.GD.ZS,107.392919205272
Spain,ES,ESP,2022,GC.DOD.TOTL.GD.ZS,109.021131387118
Spain,ES,ESP,2021,GC.DOD.TOTL.GD.ZS,132.547539168518
Spain,ES,ESP,2020,GC.DOD.TOTL.GD.ZS,138.955245532848
Spain,ES,ESP,2019,GC.DOD.TOTL.GD.ZS,111.293101240882
Spain,ES,ESP,2018,GC.DOD.TOTL.GD.ZS,107.203121919581
Spain,ES,ESP,2017,GC.DOD.TOTL.GD.ZS,106.577780516625
Spain,ES,ESP,2016,GC.DOD.TOTL.GD.ZS,105.968137016467
Spain,ES,ESP,2015,GC.DOD.TOTL.GD.ZS,104.513601500945
Spain,ES,ESP,2014,GC.DOD.TOTL.GD.ZS,104.927837414283
Spain,ES,ESP,2013,GC.DOD.TOTL.GD.ZS,91.8693310672975
Spain,ES,ESP,2012,GC.DOD.TOTL.GD.ZS,77.446159411603
Spain,ES,ESP,2011,GC.DOD.TOTL.GD.ZS,57.7899857640377
Spain,ES,ESP,2010,GC.DOD.TOTL.GD.ZS,49.9611949485467
France,FR,FRA,2023,GC.DOD.TOTL.GD.ZS,
France,FR,FRA,2022,GC.DOD.TOTL.GD.ZS,
France,FR,FRA,2021,GC.DOD.TOTL.GD.ZS,
France,FR,FRA,2020,GC.DOD.TOTL.GD.ZS,
France,FR,FRA,2019,GC.DOD.TOTL.GD.ZS,
France,FR,FRA,2018,GC.DOD.TOTL.GD.ZS,
France,FR,FRA,2017,GC.DOD.TOTL.GD.ZS,
France,FR,FRA,2016,GC.DOD.TOTL.GD.ZS,
France,FR,FRA,2015,GC.DOD.TOTL.GD.ZS,
France,FR,FRA,2014,GC.DOD.TOTL.GD.ZS,
France,FR,FRA,2013,GC.DOD.TOTL.GD.ZS,
France,FR,FRA,2012,GC.DOD.TOTL.GD.ZS,
France,FR,FRA,2011,GC.DOD.TOTL.GD.ZS,
France,FR,FRA,2010,GC.DOD.TOTL.GD.ZS,
United Kingdom,GB,GBR,2023,GC.DOD.TOTL.GD.ZS,136.142431919028
United Kingdom,GB,GBR,2022,GC.DOD.TOTL.GD.ZS,138.215904304967
United Kingdom,GB,GBR,2021,GC.DOD.TOTL.GD.ZS,183.804848939919
United Kingdom,GB,GBR,2020,GC.DOD.TOTL.GD.ZS,194.682828796265
United Kingdom,GB,GBR,2019,GC.DOD.TOTL.GD.ZS,158.972569875821
United Kingdom,GB,GBR,2018,GC.DOD.TOTL.GD.ZS,156.766820519267
United Kingdom,GB,GBR,2017,GC.DOD.TOTL.GD.ZS,160.141177233502
United Kingdom,GB,GBR,2016,GC.DOD.TOTL.GD.ZS,155.581504971929
United Kingdom,GB,GBR,2015,GC.DOD.TOTL.GD.ZS,147.063146778865
United Kingdom,GB,GBR,2014,GC.DOD.TOTL.GD.ZS,149.584281299965
United Kingdom,GB,GBR,2013,GC.DOD.TOTL.GD.ZS,141.033172505075
United Kingdom,GB,GBR,2012,GC.DOD.TOTL.GD.ZS,146.371335905972
United Kingdom,GB,GBR,2011,GC.DOD.TOTL.GD.ZS,143.125971214621
United Kingdom,GB,GBR,2010,GC.DOD.TOTL.GD.ZS,130.497283454602
Italy,IT,ITA,2023,GC.DOD.TOTL.GD.ZS,
Italy,IT,ITA,2022,GC.DOD.TOTL.GD.ZS,
Italy,IT,ITA,2021,GC.DOD.TOTL.GD.ZS,
Italy,IT,ITA,2020,GC.DOD.TOTL.GD.ZS,
Italy,IT,ITA,2019,GC.DOD.TOTL.GD.ZS,
Italy,IT,ITA,2018,GC.DOD.TOTL.GD.ZS,
Italy,IT,ITA,2017,GC.DOD.TOTL.GD.ZS,
Italy,IT,ITA,2016,GC.DOD.TOTL.GD.ZS,
Italy,IT,ITA,2015,GC.DOD.TOTL.GD.ZS,
Italy,IT,ITA,2014,GC.DOD.TOTL.GD.ZS,
Italy,IT,ITA,2013,GC.DOD.TOTL.GD.ZS,
Italy,IT,ITA,2012,GC.DOD.TOTL.GD.ZS,
Italy,IT,ITA,2011,GC.DOD.TOTL.GD.ZS,
Italy,IT,ITA,2010,GC.DOD.TOTL.GD.ZS,
Japan,JP,JPN,2023,GC.DOD.TOTL.GD.ZS,
Japan,JP,JPN,2022,GC.DOD.TOTL.GD.ZS,
Japan,JP,JPN,2021,GC.DOD.TOTL.GD.ZS,
Japan,JP,JPN,2020,GC.DOD.TOTL.GD.ZS,
Japan,JP,JPN,2019,GC.DOD.TOTL.GD.ZS,
Japan,JP,JPN,2018,GC.DOD.TOTL.GD.ZS,
Japan,JP,JPN,2017,GC.DOD.TOTL.GD.ZS,
Japan,JP,JPN,2016,GC.DOD.TOTL.GD.ZS,
Japan,JP,JPN,2015,GC.DOD.TOTL.GD.ZS,
Japan,JP,JPN,2014,GC.DOD.TOTL.GD.ZS,
Japan,JP,JPN,2013,GC.DOD.TOTL.GD.ZS,
Japan,JP,JPN,2012,GC.DOD.TOTL.GD.ZS,
Japan,JP,JPN,2011,GC.DOD.TOTL.GD.ZS,
Japan,JP,JPN,2010,GC.DOD.TOTL.GD.ZS,
Mexico,MX,MEX,2023,GC.DOD.TOTL.GD.ZS,45.1534859576172
Mexico,MX,MEX,2022,GC.DOD.TOTL.GD.ZS,43.9694401581611
Mexico,MX,MEX,2021,GC.DOD.TOTL.GD.ZS,44.860955801458
Mexico,MX,MEX,2020,GC.DOD.TOTL.GD.ZS,45.8373464207273
Mexico,MX,MEX,2019,GC.DOD.TOTL.GD.ZS,41.3273940594335
Mexico,MX,MEX,2018,GC.DOD.TOTL.GD.ZS,
Mexico,MX,MEX,2017,GC.DOD.TOTL.GD.ZS,
Mexico,MX,MEX,2016,GC.DOD.TOTL.GD.ZS,
Mexico,MX,MEX,2015,GC.DOD.TOTL.GD.ZS,
Mexico,MX,MEX,2014,GC.DOD.TOTL.GD.ZS,
Mexico,MX,MEX,2013,GC.DOD.TOTL.GD.ZS,
Mexico,MX,MEX,2012,GC.DOD.TOTL.GD.ZS,
Mexico,MX,MEX,2011,GC.DOD.TOTL.GD.ZS,
Mexico,MX,MEX,2010,GC.DOD.TOTL.GD.ZS,
Netherlands,NL,NLD,2023,GC.DOD.TOTL.GD.ZS,
Netherlands,NL,NLD,2022,GC.DOD.TOTL.GD.ZS,
Netherlands,NL,NLD,2021,GC.DOD.TOTL.GD.ZS,
Netherlands,NL,NLD,2020,GC.DOD.TOTL.GD.ZS,
Netherlands,NL,NLD,2019,GC.DOD.TOTL.GD.ZS,
Netherlands,NL,NLD,2018,GC.DOD.TOTL.GD.ZS,
Netherlands,NL,NLD,2017,GC.DOD.TOTL.GD.ZS,
Netherlands,NL,NLD,2016,GC.DOD.TOTL.GD.ZS,
Netherlands,NL,NLD,2015,GC.DOD.TOTL.GD.ZS,
Netherlands,NL,NLD,2014,GC.DOD.TOTL.GD.ZS,
Netherlands,NL,NLD,2013,GC.DOD.TOTL.GD.ZS,
Netherlands,NL,NLD,2012,GC.DOD.TOTL.GD.ZS,
Netherlands,NL,NLD,2011,GC.DOD.TOTL.GD.ZS,
Netherlands,NL,NLD,2010,GC.DOD.TOTL.GD.ZS,
Poland,PL,POL,2023,GC.DOD.TOTL.GD.ZS,
Poland,PL,POL,2022,GC.DOD.TOTL.GD.ZS,
Poland,PL,POL,2021,GC.DOD.TOTL.GD.ZS,
Poland,PL,POL,2020,GC.DOD.TOTL.GD.ZS,
Poland,PL,POL,2019,GC.DOD.TOTL.GD.ZS,
Poland,PL,POL,2018,GC.DOD.TOTL.GD.ZS,
Poland,PL,POL,2017,GC.DOD.TOTL.GD.ZS,
Poland,PL,POL,2016,GC.DOD.TOTL.GD.ZS,
Poland,PL,POL,2015,GC.DOD.TOTL.GD.ZS,
Poland,PL,POL,2014,GC.DOD.TOTL.GD.ZS,
Poland,PL,POL,2013,GC.DOD.TOTL.GD.ZS,
Poland,PL,POL,2012,GC.DOD.TOTL.GD.ZS,
Poland,PL,POL,2011,GC.DOD.TOTL.GD.ZS,
Poland,PL,POL,2010,GC.DOD.TOTL.GD.ZS,
Sweden,SE,SWE,2023,GC.DOD.TOTL.GD.ZS,
Sweden,SE,SWE,2022,GC.DOD.TOTL.GD.ZS,
Sweden,SE,SWE,2021,GC.DOD.TOTL.GD.ZS,
Sweden,SE,SWE,2020,GC.DOD.TOTL.GD.ZS,
Sweden,SE,SWE,2019,GC.DOD.TOTL.GD.ZS,
Sweden,SE,SWE,2018,GC.DOD.TOTL.GD.ZS,
Sweden,SE,SWE,2017,GC.DOD.TOTL.GD.ZS,
Sweden,SE,SWE,2016,GC.DOD.TOTL.GD.ZS,
Sweden,SE,SWE,2015,GC.DOD.TOTL.GD.ZS,
Sweden,SE,SWE,2014,GC.DOD.TOTL.GD.ZS,
Sweden,SE,SWE,2013,GC.DOD.TOTL.GD.ZS,
Sweden,SE,SWE,2012,GC.DOD.TOTL.GD.ZS,
Sweden,SE,SWE,2011,GC.DOD.TOTL.GD.ZS,
Sweden,SE,SWE,2010,GC.DOD.TOTL.GD.ZS,
United States,US,USA,2023,GC.DOD.TOTL.GD.ZS,114.73462594651
United States,US,USA,2022,GC.DOD.TOTL.GD.ZS,112.71753248772
United States,US,USA,2021,GC.DOD.TOTL.GD.ZS,118.284809538371
United States,US,USA,2020,GC.DOD.TOTL.GD.ZS,124.509268439559
United States,US,USA,2019,GC.DOD.TOTL.GD.ZS,100.234364169849
United States,US,USA,2018,GC.DOD.TOTL.GD.ZS,98.62934291533
United States,US,USA,2017,GC.DOD.TOTL.GD.ZS,97.2074691432871
United States,US,USA,2016,GC.DOD.TOTL.GD.ZS,98.1169229551873
United States,US,USA,2015,GC.DOD.TOTL.GD.ZS,96.1410808045622
United States,US,USA,2014,GC.DOD.TOTL.GD.ZS,95.6360178458392
United States,US,USA,2013,GC.DOD.TOTL.GD.ZS,95.5058927414252
United States,US,USA,2012,GC.DOD.TOTL.GD.ZS,93.8330143343442
United States,US,USA,2011,GC.DOD.TOTL.GD.ZS,89.7346954422037
United States,US,USA,2010,GC.DOD.TOTL.GD.ZS,85.1547923110491
Australia,AU,AUS,2023,GC.DOD.TOTL.GD.ZS,
Australia,AU,AUS,2022,GC.DOD.TOTL.GD.ZS,57.8834285733848
Australia,AU,AUS,2021,GC.DOD.TOTL.GD.ZS,69.836773674895
Australia,AU,AUS,2020,GC.DOD.TOTL.GD.ZS,69.0656538994855
Australia,AU,AUS,2019,GC.DOD.TOTL.GD.ZS,59.9837867004913
Australia,AU,AUS,2018,GC.DOD.TOTL.GD.ZS,54.3001380799371
Australia,AU,AUS,2017,GC.DOD.TOTL.GD.ZS,53.1037976577229
Australia,AU,AUS,2016,GC.DOD.TOTL.GD.ZS,54.463570652249
Australia,AU,AUS,2015,GC.DOD.TOTL.GD.ZS,46.293292747612
Australia,AU,AUS,2014,GC.DOD.TOTL.GD.ZS,41.5409287207942
Australia,AU,AUS,2013,GC.DOD.TOTL.GD.ZS,37.4031396926122
Australia,AU,AUS,2012,GC.DOD.TOTL.GD.ZS,39.3096720165071
Australia,AU,AUS,2011,GC.DOD.TOTL.GD.ZS,30.0025299553744
Australia,AU,AUS,2010,GC.DOD.TOTL.GD.ZS,28.5706752868622
Chile,CL,CHL,2023,GC.DOD.TOTL.GD.ZS,
Chile,CL,CHL,2022,GC.DOD.TOTL.GD.ZS,
Chile,CL,CHL,2021,GC.DOD.TOTL.GD.ZS,
Chile,CL,CHL,2020,GC.DOD.TOTL.GD.ZS,
Chile,CL,CHL,2019,GC.DOD.TOTL.GD.ZS,
Chile,CL,CHL,2018,GC.DOD.TOTL.GD.ZS,
Chile,CL,CHL,2017,GC.DOD.TOTL.GD.ZS,
Chile,CL,CHL,2016,GC.DOD.TOTL.GD.ZS,
Chile,CL,CHL,2015,GC.DOD.TOTL.GD.ZS,
Chile,CL,CHL,2014,GC.DOD.TOTL.GD.ZS,
Chile,CL,CHL,2013,GC.DOD.TOTL.GD.ZS,
Chile,CL,CHL,2012,GC.DOD.TOTL.GD.ZS,
Chile,CL,CHL,2011,GC.DOD.TOTL.GD.ZS,
Chile,CL,CHL,2010,GC.DOD.TOTL.GD.ZS,
Colombia,CO,COL,2023,GC.DOD.TOTL.GD.ZS,71.2127173058669
Colombia,CO,COL,2022,GC.DOD.TOTL.GD.ZS,70.2611599864283
Colombia,CO,COL,2021,GC.DOD.TOTL.GD.ZS,80.4259616037106
Colombia,CO,COL,2020,GC.DOD.TOTL.GD.ZS,91.1566069449736
Colombia,CO,COL,2019,GC.DOD.TOTL.GD.ZS,72.7038785770822
Colombia,CO,COL,2018,GC.DOD.TOTL.GD.ZS,71.6505702481056
Colombia,CO,COL,2017,GC.DOD.TOTL.GD.ZS,66.7272478472146
Colombia,CO,COL,2016,GC.DOD.TOTL.GD.ZS,66.9071609125065
Colombia,CO,COL,2015,GC.DOD.TOTL.GD.ZS,53.2785874737167
Colombia,CO,COL,2014,GC.DOD.TOTL.GD.ZS,47.9761695160459
Colombia,CO,COL,2013,GC.DOD.TOTL.GD.ZS,67.1029119456429
Colombia,CO,COL,2012,GC.DOD.TOTL.GD.ZS,65.227695883164
Colombia,CO,COL,2011,GC.DOD.TOTL.GD.ZS,62.8601328222053
Colombia,CO,COL,2010,GC.DOD.TOTL.GD.ZS,72.4526699261111
"Egypt, Arab Rep.",EG,EGY,2023,GC.DOD.TOTL.GD.ZS,
"Egypt, Arab Rep.",EG,EGY,2022,GC.DOD.TOTL.GD.ZS,
"Egypt, Arab Rep.",EG,EGY,2021,GC.DOD.TOTL.GD.ZS,
"Egypt, Arab Rep.",EG,EGY,2020,GC.DOD.TOTL.GD.ZS,
"Egypt, Arab Rep.",EG,EGY,2019,GC.DOD.TOTL.GD.ZS,
"Egypt, Arab Rep.",EG,EGY,2018,GC.DOD.TOTL.GD.ZS,
"Egypt, Arab Rep.",EG,EGY,2017,GC.DOD.TOTL.GD.ZS,
"Egypt, Arab Rep.",EG,EGY,2016,GC.DOD.TOTL.GD.ZS,
"Egypt, Arab Rep.",EG,EGY,2015,GC.DOD.TOTL.GD.ZS,
"Egypt, Arab Rep.",EG,EGY,2014,GC.DOD.TOTL.GD.ZS,
"Egypt, Arab Rep.",EG,EGY,2013,GC.DOD.TOTL.GD.ZS,
"Egypt, Arab Rep.",EG,EGY,2012,GC.DOD.TOTL.GD.ZS,
"Egypt, Arab Rep.",EG,EGY,2011,GC.DOD.TOTL.GD.ZS,
"Egypt, Arab Rep.",EG,EGY,2010,GC.DOD.TOTL.GD.ZS,
Indonesia,ID,IDN,2023,GC.DOD.TOTL.GD.ZS,
Indonesia,ID,IDN,2022,GC.DOD.TOTL.GD.ZS,
Indonesia,ID,IDN,2021,GC.DOD.TOTL.GD.ZS,
Indonesia,ID,IDN,2020,GC.DOD.TOTL.GD.ZS,
Indonesia,ID,IDN,2019,GC.DOD.TOTL.GD.ZS,
Indonesia,ID,IDN,2018,GC.DOD.TOTL.GD.ZS,
Indonesia,ID,IDN,2017,GC.DOD.TOTL.GD.ZS,
Indonesia,ID,IDN,2016,GC.DOD.TOTL.GD.ZS,
Indonesia,ID,IDN,2015,GC.DOD.TOTL.GD.ZS,
Indonesia,ID,IDN,2014,GC.DOD.TOTL.GD.ZS,
Indonesia,ID,IDN,2013,GC.DOD.TOTL.GD.ZS,
Indonesia,ID,IDN,2012,GC.DOD.TOTL.GD.ZS,
Indonesia,ID,IDN,2011,GC.DOD.TOTL.GD.ZS,
Indonesia,ID,IDN,2010,GC.DOD.TOTL.GD.ZS,
India,IN,IND,2023,GC.DOD.TOTL.GD.ZS,
India,IN,IND,2022,GC.DOD.TOTL.GD.ZS,
India,IN,IND,2021,GC.DOD.TOTL.GD.ZS,
India,IN,IND,2020,GC.DOD.TOTL.GD.ZS,
India,IN,IND,2019,GC.DOD.TOTL.GD.ZS,
India,IN,IND,2018,GC.DOD.TOTL.GD.ZS,46.5224986659322
India,IN,IND,2017,GC.DOD.TOTL.GD.ZS,47.5836093800197
India,IN,IND,2016,GC.DOD.TOTL.GD.ZS,47.6337555915272
India,IN,IND,2015,GC.DOD.TOTL.GD.ZS,49.9647183856551
India,IN,IND,2014,GC.DOD.TOTL.GD.ZS,49.9009248748319
India,IN,IND,2013,GC.DOD.TOTL.GD.ZS,50.3118273627008
India,IN,IND,2012,GC.DOD.TOTL.GD.ZS,50.6780305618952
India,IN,IND,2011,GC.DOD.TOTL.GD.ZS,51.5565536600977
India,IN,IND,2010,GC.DOD.TOTL.GD.ZS,51.5919103003897
"Korea, Rep.",KR,KOR,2023,GC.DOD.TOTL.GD.ZS,48.5543799702909
"Korea, Rep.",KR,KOR,2022,GC.DOD.TOTL.GD.ZS,47.6110651856141
"Korea, Rep.",KR,KOR,2021,GC.DOD.TOTL.GD.ZS,45.8328934501884
"Korea, Rep.",KR,KOR,2020,GC.DOD.TOTL.GD.ZS,43.775799174588
"Korea, Rep.",KR,KOR,2019,GC.DOD.TOTL.GD.ZS,37.6954834097738
"Korea, Rep.",KR,KOR,2018,GC.DOD.TOTL.GD.ZS,35.5200546750178
"Korea, Rep.",KR,KOR,2017,GC.DOD.TOTL.GD.ZS,35.4459831845843
"Korea, Rep.",KR,KOR,2016,GC.DOD.TOTL.GD.ZS,36.1498684786294
"Korea, Rep.",KR,KOR,2015,GC.DOD.TOTL.GD.ZS,35.7105611200011
"Korea, Rep.",KR,KOR,2014,GC.DOD.TOTL.GD.ZS,34.8171173128439
"Korea, Rep.",KR,KOR,2013,GC.DOD.TOTL.GD.ZS,33.3707589515616
"Korea, Rep.",KR,KOR,2012,GC.DOD.TOTL.GD.ZS,31.0184112293818
"Korea, Rep.",KR,KOR,2011,GC.DOD.TOTL.GD.ZS,
"Korea, Rep.",KR,KOR,2010,GC.DOD.TOTL.GD.ZS,
Nigeria,NG,NGA,2023,GC.DOD.TOTL.GD.ZS,
Nigeria,NG,NGA,2022,GC.DOD.TOTL.GD.ZS,
Nigeria,NG,NGA,2021,GC.DOD.TOTL.GD.ZS,
Nigeria,NG,NGA,2020,GC.DOD.TOTL.GD.ZS,
Nigeria,NG,NGA,2019,GC.DOD.TOTL.GD.ZS,
Nigeria,NG,NGA,2018,GC.DOD.TOTL.GD.ZS,
Nigeria,NG,NGA,2017,GC.DOD.TOTL.GD.ZS,
Nigeria,NG,NGA,2016,GC.DOD.TOTL.GD.ZS,
Nigeria,NG,NGA,2015,GC.DOD.TOTL.GD.ZS,
Nigeria,NG,NGA,2014,GC.DOD.TOTL.GD.ZS,
Nigeria,NG,NGA,2013,GC.DOD.TOTL.GD.ZS,
Nigeria,NG,NGA,2012,GC.DOD.TOTL.GD.ZS,
Nigeria,NG,NGA,2011,GC.DOD.TOTL.GD.ZS,
Nigeria,NG,NGA,2010,GC.DOD.TOTL.GD.ZS,
Russian Federation,RU,RUS,2023,GC.DOD.TOTL.GD.ZS,18.7312788319232
Russian Federation,RU,RUS,2022,GC.DOD.TOTL.GD.ZS,19.2810466629119
Russian Federation,RU,RUS,2021,GC.DOD.TOTL.GD.ZS,21.0287512612177
Russian Federation,RU,RUS,2020,GC.DOD.TOTL.GD.ZS,22.992021036968
Russian Federation,RU,RUS,2019,GC.DOD.TOTL.GD.ZS,17.2760484379376
Russian Federation,RU,RUS,2018,GC.DOD.TOTL.GD.ZS,16.1685789853238
Russian Federation,RU,RUS,2017,GC.DOD.TOTL.GD.ZS,16.3253741158845
Russian Federation,RU,RUS,2016,GC.DOD.TOTL.GD.ZS,14.2417395793548
Russian Federation,RU,RUS,2015,GC.DOD.TOTL.GD.ZS,13.5407657768558
Russian Federation,RU,RUS,2014,GC.DOD.TOTL.GD.ZS,11.2004612827286
Russian Federation,RU,RUS,2013,GC.DOD.TOTL.GD.ZS,9.06725564048848
Russian Federation,RU,RUS,2012,GC.DOD.TOTL.GD.ZS,8.55140859340356
Russian Federation,RU,RUS,2011,GC.DOD.TOTL.GD.ZS,8.64108194430582
Russian Federation,RU,RUS,2010,GC.DOD.TOTL.GD.ZS,9.09810564473106
Saudi Arabia,SA,SAU,2023,GC.DOD.TOTL.GD.ZS,
Saudi Arabia,SA,SAU,2022,GC.DOD.TOTL.GD.ZS,
Saudi Arabia,SA,SAU,2021,GC.DOD.TOTL.GD.ZS,
Saudi Arabia,SA,SAU,2020,GC.DOD.TOTL.GD.ZS,
Saudi Arabia,SA,SAU,2019,GC.DOD.TOTL.GD.ZS,
Saudi Arabia,SA,SAU,2018,GC.DOD.TOTL.GD.ZS,
Saudi Arabia,SA,SAU,2017,GC.DOD.TOTL.GD.ZS,
Saudi Arabia,SA,SAU,2016,GC.DOD.TOTL.GD.ZS,
Saudi Arabia,SA,SAU,2015,GC.DOD.TOTL.GD.ZS,
Saudi Arabia,SA,SAU,2014,GC.DOD.TOTL.GD.ZS,
Saudi Arabia,SA,SAU,2013,GC.DOD.TOTL.GD.ZS,
Saudi Arabia,SA,SAU,2012,GC.DOD.TOTL.GD.ZS,
Saudi Arabia,SA,SAU,2011,GC.DOD.TOTL.GD.ZS,
Saudi Arabia,SA,SAU,2010,GC.DOD.TOTL.GD.ZS,
Singapore,SG,SGP,2023,GC.DOD.TOTL.GD.ZS,173.624161872218
Singapore,SG,SGP,2022,GC.DOD.TOTL.GD.ZS,152.534986779861
Singapore,SG,SGP,2021,GC.DOD.TOTL.GD.ZS,147.759530258993
Singapore,SG,SGP,2020,GC.DOD.TOTL.GD.ZS,150.816252807492
Singapore,SG,SGP,2019,GC.DOD.TOTL.GD.ZS,127.851935478091
Singapore,SG,SGP,2018,GC.DOD.TOTL.GD.ZS,110.440057046779
Singapore,SG,SGP,2017,GC.DOD.TOTL.GD.ZS,108.841755783324
Singapore,SG,SGP,2016,GC.DOD.TOTL.GD.ZS,108.476641908311
Singapore,SG,SGP,2015,GC.DOD.TOTL.GD.ZS,103.320839751929
Singapore,SG,SGP,2014,GC.DOD.TOTL.GD.ZS,99.6097986729595
Singapore,SG,SGP,2013,GC.DOD.TOTL.GD.ZS,99.4464888561159
Singapore,SG,SGP,2012,GC.DOD.TOTL.GD.ZS,107.828093624626
Singapore,SG,SGP,2011,GC.DOD.TOTL.GD.ZS,104.78518384861
Singapore,SG,SGP,2010,GC.DOD.TOTL.GD.ZS,101.449782417951
Turkiye,TR,TUR,2023,GC.DOD.TOTL.GD.ZS,33.2548360254558
Turkiye,TR,TUR,2022,GC.DOD.TOTL.GD.ZS,35.3300843740665
Turkiye,TR,TUR,2021,GC.DOD.TOTL.GD.ZS,41.6375124693568
Turkiye,TR,TUR,2020,GC.DOD.TOTL.GD.ZS,41.0396523893444
Turkiye,TR,TUR,2019,GC.DOD.TOTL.GD.ZS,33.4600744570718
Turkiye,TR,TUR,2018,GC.DOD.TOTL.GD.ZS,29.3999927208091
Turkiye,TR,TUR,2017,GC.DOD.TOTL.GD.ZS,29.5734179673603
Turkiye,TR,TUR,2016,GC.DOD.TOTL.GD.ZS,30.075201418508
Turkiye,TR,TUR,2015,GC.DOD.TOTL.GD.ZS,29.145145266046
Turkiye,TR,TUR,2014,GC.DOD.TOTL.GD.ZS,31.1206735016751
Turkiye,TR,TUR,2013,GC.DOD.TOTL.GD.ZS,31.7836465280795
Turkiye,TR,TUR,2012,GC.DOD.TOTL.GD.ZS,37.6997174684634
Turkiye,TR,TUR,2011,GC.DOD.TOTL.GD.ZS,39.9693425323809
Turkiye,TR,TUR,2010,GC.DOD.TOTL.GD.ZS,45.1797411840038
Viet Nam,VN,VNM,2023,GC.DOD.TOTL.GD.ZS,
Viet Nam,VN,VNM,2022,GC.DOD.TOTL.GD.ZS,
Viet Nam,VN,VNM,2021,GC.DOD.TOTL.GD.ZS,
Viet Nam,VN,VNM,2020,GC.DOD.TOTL.GD.ZS,
Viet Nam,VN,VNM,2019,GC.DOD.TOTL.GD.ZS,
Viet Nam,VN,VNM,2018,GC.DOD.TOTL.GD.ZS,
Viet Nam,VN,VNM,2017,GC.DOD.TOTL.GD.ZS,
Viet Nam,VN,VNM,2016,GC.DOD.TOTL.GD.ZS,
Viet Nam,VN,VNM,2015,GC.DOD.TOTL.GD.ZS,
Viet Nam,VN,VNM,2014,GC.DOD.TOTL.GD.ZS,
Viet Nam,VN,VNM,2013,GC.DOD.TOTL.GD.ZS,
Viet Nam,VN,VNM,2012,GC.DOD.TOTL.GD.ZS,
Viet Nam,VN,VNM,2011,GC.DOD.TOTL.GD.ZS,
Viet Nam,VN,VNM,2010,GC.DOD.TOTL.GD.ZS,
South Africa,ZA,ZAF,2023,GC.DOD.TOTL.GD.ZS,79.4140619824567
South Africa,ZA,ZAF,2022,GC.DOD.TOTL.GD.ZS,76.2333180266081
South Africa,ZA,ZAF,2021,GC.DOD.TOTL.GD.ZS,74.0826080051444
South Africa,ZA,ZAF,2020,GC.DOD.TOTL.GD.ZS,75.7255090793216
South Africa,ZA,ZAF,2019,GC.DOD.TOTL.GD.ZS,64.5892781351104
South Africa,ZA,ZAF,2018,GC.DOD.TOTL.GD.ZS,59.1023114070608
South Africa,ZA,ZAF,2017,GC.DOD.TOTL.GD.ZS,56.2597208390879
South Africa,ZA,ZAF,2016,GC.DOD.TOTL.GD.ZS,53.7387913884354
South Africa,ZA,ZAF,2015,GC.DOD.TOTL.GD.ZS,52.6511572360833
South Africa,ZA,ZAF,2014,GC.DOD.TOTL.GD.ZS,
South Africa,ZA,ZAF,2013,GC.DOD.TOTL.GD.ZS,
South Africa,ZA,ZAF,2012,GC.DOD.TOTL.GD.ZS,
South Africa,ZA,ZAF,2011,GC.DOD.TOTL.GD.ZS,
South Africa,ZA,ZAF,2010,GC.DOD.TOTL.GD.ZS,
Argentina,AR,ARG,2023,GC.NLD.TOTL.GD.ZS,-3.59487367618527
Argentina,AR,ARG,2022,GC.NLD.TOTL.GD.ZS,-4.42708731934181
Argentina,AR,ARG,2021,GC.NLD.TOTL.GD.ZS,-4.37239542495983
Argentina,AR,ARG,2020,GC.NLD.TOTL.GD.ZS,-8.6954919523039
Argentina,AR,ARG,2019,GC.NLD.TOTL.GD.ZS,-4.92889704924096
Argentina,AR,ARG,2018,GC.NLD.TOTL.GD.ZS,-5.33635226717988
Argentina,AR,ARG,2017,GC.NLD.TOTL.GD.ZS,-5.51824569508007
Argentina,AR,ARG,2016,GC.NLD.TOTL.GD.ZS,-5.33377782706346
Argentina,AR,ARG,2015,GC.NLD.TOTL.GD.ZS,-3.39011034719535
Argentina,AR,ARG,2014,GC.NLD.TOTL.GD.ZS,-2.90614606577065
Argentina,AR,ARG,2013,GC.NLD.TOTL.GD.ZS,
Argentina,AR,ARG,2012,GC.NLD.TOTL.GD.ZS,
Argentina,AR,ARG,2011,GC.NLD.TOTL.GD.ZS,
Argentina,AR,ARG,2010,GC.NLD.TOTL.GD.ZS,
Brazil,BR,BRA,2023,GC.NLD.TOTL.GD.ZS,-6.86868984803513
Brazil,BR,BRA,2022,GC.NLD.TOTL.GD.ZS,-4.46637752027106
Brazil,BR,BRA,2021,GC.NLD.TOTL.GD.ZS,-4.53656203171234
Brazil,BR,BRA,2020,GC.NLD.TOTL.GD.ZS,-12.4363388244528
Brazil,BR,BRA,2019,GC.NLD.TOTL.GD.ZS,-5.3069043382862
Brazil,BR,BRA,2018,GC.NLD.TOTL.GD.ZS,-6.78706251270613
Brazil,BR,BRA,2017,GC.NLD.TOTL.GD.ZS,-7.71630155733871
Brazil,BR,BRA,2016,GC.NLD.TOTL.GD.ZS,-7.06027781094991
Brazil,BR,BRA,2015,GC.NLD.TOTL.GD.ZS,-8.03019066681399
Brazil,BR,BRA,2014,GC.NLD.TOTL.GD.ZS,-5.37112635331473
Brazil,BR,BRA,2013,GC.NLD.TOTL.GD.ZS,-2.84975353765944
Brazil,BR,BRA,2012,GC.NLD.TOTL.GD.ZS,-1.84338569342922
Brazil,BR,BRA,2011,GC.NLD.TOTL.GD.ZS,-2.71694051997058
Brazil,BR,BRA,2010,GC.NLD.TOTL.GD.ZS,-2.48178858448736
Canada,CA,CAN,2023,GC.NLD.TOTL.GD.ZS,0.587514977905376
Canada,CA,CAN,2022,GC.NLD.TOTL.GD.ZS,0.614038426019839
Canada,CA,CAN,2021,GC.NLD.TOTL.GD.ZS,-2.40861609274816
Canada,CA,CAN,2020,GC.NLD.TOTL.GD.ZS,-9.5393034722807
Canada,CA,CAN,2019,GC.NLD.TOTL.GD.ZS,0.238246725404224
Canada,CA,CAN,2018,GC.NLD.TOTL.GD.ZS,0.890961741291441
Canada,CA,CAN,2017,GC.NLD.TOTL.GD.ZS,0.439586928431885
Canada,CA,CAN,2016,GC.NLD.TOTL.GD.ZS,0.41273046380339
Canada,CA,CAN,2015,GC.NLD.TOTL.GD.ZS,0.998721893205737
Canada,CA,CAN,2014,GC.NLD.TOTL.GD.ZS,0.948870093172637
Canada,CA,CAN,2013,GC.NLD.TOTL.GD.ZS,-0.0719679745141899
Canada,CA,CAN,2012,GC.NLD.TOTL.GD.ZS,-0.516856958030821
Canada,CA,CAN,2011,GC.NLD.TOTL.GD.ZS,-0.911067870977052
Canada,CA,CAN,2010,GC.NLD.TOTL.GD.ZS,-2.22135923728671
China,CN,CHN,2023,GC.NLD.TOTL.GD.ZS,
China,CN,CHN,2022,GC.NLD.TOTL.GD.ZS,
China,CN,CHN,2021,GC.NLD.TOTL.GD.ZS,
China,CN,CHN,2020,GC.NLD.TOTL.GD.ZS,
China,CN,CHN,2019,GC.NLD.TOTL.GD.ZS,
China,CN,CHN,2018,GC.NLD.TOTL.GD.ZS,
China,CN,CHN,2017,GC.NLD.TOTL.GD.ZS,
China,CN,CHN,2016,GC.NLD.TOTL.GD.ZS,
China,CN,CHN,2015,GC.NLD.TOTL.GD.ZS,
China,CN,CHN,2014,GC.NLD.TOTL.GD.ZS,
China,CN,CHN,2013,GC.NLD.TOTL.GD.ZS,
China,CN,CHN,2012,GC.NLD.TOTL.GD.ZS,
China,CN,CHN,2011,GC.NLD.TOTL.GD.ZS,
China,CN,CHN,2010,GC.NLD.TOTL.GD.ZS,
Germany,DE,DEU,2023,GC.NLD.TOTL.GD.ZS,-1.98906930280069
Germany,DE,DEU,2022,GC.NLD.TOTL.GD.ZS,-2.5662569966837
Germany,DE,DEU,2021,GC.NLD.TOTL.GD.ZS,-3.52007147628953
Germany,DE,DEU,2020,GC.NLD.TOTL.GD.ZS,-3.65593267492002
Germany,DE,DEU,2019,GC.NLD.TOTL.GD.ZS,0.766521168807671
Germany,DE,DEU,2018,GC.NLD.TOTL.GD.ZS,1.11091050456752
Germany,DE,DEU,2017,GC.NLD.TOTL.GD.ZS,0.636282630936273
Germany,DE,DEU,2016,GC.NLD.TOTL.GD.ZS,0.736915570494584
Germany,DE,DEU,2015,GC.NLD.TOTL.GD.ZS,0.679066934885634
Germany,DE,DEU,2014,GC.NLD.TOTL.GD.ZS,0.684275600022785
Germany,DE,DEU,2013,GC.NLD.TOTL.GD.ZS,0.204327258519159
Germany,DE,DEU,2012,GC.NLD.TOTL.GD.ZS,0.0930239204366837
Germany,DE,DEU,2011,GC.NLD.TOTL.GD.ZS,-0.370780258545056
Germany,DE,DEU,2010,GC.NLD.TOTL.GD.ZS,-3.20048484663093
Spain,ES,ESP,2023,GC.NLD.TOTL.GD.ZS,-2.26104164816683
Spain,ES,ESP,2022,GC.NLD.TOTL.GD.ZS,-3.16608557683432
Spain,ES,ESP,2021,GC.NLD.TOTL.GD.ZS,-6.65809235969353
Spain,ES,ESP,2020,GC.NLD.TOTL.GD.ZS,-9.70781446209487
Spain,ES,ESP,2019,GC.NLD.TOTL.GD.ZS,-2.76690781759737
Spain,ES,ESP,2018,GC.NLD.TOTL.GD.ZS,-2.53976817160449
Spain,ES,ESP,2017,GC.NLD.TOTL.GD.ZS,-3.0440401222539
Spain,ES,ESP,2016,GC.NLD.TOTL.GD.ZS,-4.04179285767079
Spain,ES,ESP,2015,GC.NLD.TOTL.GD.ZS,-3.668251293335
Spain,ES,ESP,2014,GC.NLD.TOTL.GD.ZS,-4.72159846152217
Spain,ES,ESP,2013,GC.NLD.TOTL.GD.ZS,-6.17616891499261
Spain,ES,ESP,2012,GC.NLD.TOTL.GD.ZS,-9.54415404396292
Spain,ES,ESP,2011,GC.NLD.TOTL.GD.ZS,-3.32603467797023
Spain,ES,ESP,2010,GC.NLD.TOTL.GD.ZS,-4.62203324529195
France,FR,FRA,2023,GC.NLD.TOTL.GD.ZS,-5.0315801130109
France,FR,FRA,2022,GC.NLD.TOTL.GD.ZS,-4.70032899808636
France,FR,FRA,2021,GC.NLD.TOTL.GD.ZS,-6.54907895902013
France,FR,FRA,2020,GC.NLD.TOTL.GD.ZS,-8.76625917136189
France,FR,FRA,2019,GC.NLD.TOTL.GD.ZS,-2.28934891556096
France,FR,FRA,2018,GC.NLD.TOTL.GD.ZS,-2.39420440876454
France,FR,FRA,2017,GC.NLD.TOTL.GD.ZS,-3.42402442225258
France,FR,FRA,2016,GC.NLD.TOTL.GD.ZS,-3.86604793076428
France,FR,FRA,2015,GC.NLD.TOTL.GD.ZS,-3.87230571650352
France,FR,FRA,2014,GC.NLD.TOTL.GD.ZS,-4.30981907646774
France,FR,FRA,2013,GC.NLD.TOTL.GD.ZS,-4.54786773836928
France,FR,FRA,2012,GC.NLD.TOTL.GD.ZS,-4.94601627257407
France,FR,FRA,2011,GC.NLD.TOTL.GD.ZS,-5.23260432092581
France,FR,FRA,2010,GC.NLD.TOTL.GD.ZS,-7.04496539233419
United Kingdom,GB,GBR,2023,GC.NLD.TOTL.GD.ZS,-6.97705514642296
United Kingdom,GB,GBR,2022,GC.NLD.TOTL.GD.ZS,-5.6017379653763
United Kingdom,GB,GBR,2021,GC.NLD.TOTL.GD.ZS,-9.17408204070175
United Kingdom,GB,GBR,2020,GC.NLD.TOTL.GD.ZS,-14.8089159983433
United Kingdom,GB,GBR,2019,GC.NLD.TOTL.GD.ZS,-3.54138398312266
United Kingdom,GB,GBR,2018,GC.NLD.TOTL.GD.ZS,-3.85207125387797
United Kingdom,GB,GBR,2017,GC.NLD.TOTL.GD.ZS,-3.41895135565048
United Kingdom,GB,GBR,2016,GC.NLD.TOTL.GD.ZS,-3.78405341301057
United Kingdom,GB,GBR,2015,GC.NLD.TOTL.GD.ZS,-5.58574202703712
United Kingdom,GB,GBR,2014,GC.NLD.TOTL.GD.ZS,-6.84194583017344
United Kingdom,GB,GBR,2013,GC.NLD.TOTL.GD.ZS,-6.57284894067986
United Kingdom,GB,GBR,2012,GC.NLD.TOTL.GD.ZS,-9.85893078268789
United Kingdom,GB,GBR,2011,GC.NLD.TOTL.GD.ZS,-9.58534562515532
United Kingdom,GB,GBR,2010,GC.NLD.TOTL.GD.ZS,-6.59539718994281
Italy,IT,ITA,2023,GC.NLD.TOTL.GD.ZS,-7.42365725002011
Italy,IT,ITA,2022,GC.NLD.TOTL.GD.ZS,-7.98754759962176
Italy,IT,ITA,2021,GC.NLD.TOTL.GD.ZS,-8.65353376599736
Italy,IT,ITA,2020,GC.NLD.TOTL.GD.ZS,-9.24532334170793
Italy,IT,ITA,2019,GC.NLD.TOTL.GD.ZS,-1.55171637768624
Italy,IT,ITA,2018,GC.NLD.TOTL.GD.ZS,-2.37874466093101
Italy,IT,ITA,2017,GC.NLD.TOTL.GD.ZS,-2.65154403027126
Italy,IT,ITA,2016,GC.NLD.TOTL.GD.ZS,-2.56449706300829
Italy,IT,ITA,2015,GC.NLD.TOTL.GD.ZS,-2.79069454246877
Italy,IT,ITA,2014,GC.NLD.TOTL.GD.ZS,-2.9923514126147
Italy,IT,ITA,2013,GC.NLD.TOTL.GD.ZS,-2.92815338088439
Italy,IT,ITA,2012,GC.NLD.TOTL.GD.ZS,-3.26621648559295
Italy,IT,ITA,2011,GC.NLD.TOTL.GD.ZS,-3.24485498703904
Italy,IT,ITA,2010,GC.NLD.TOTL.GD.ZS,-3.70890302987488
Japan,JP,JPN,2023,GC.NLD.TOTL.GD.ZS,
Japan,JP,JPN,2022,GC.NLD.TOTL.GD.ZS,
Japan,JP,JPN,2021,GC.NLD.TOTL.GD.ZS,
Japan,JP,JPN,2020,GC.NLD.TOTL.GD.ZS,
Japan,JP,JPN,2019,GC.NLD.TOTL.GD.ZS,
Japan,JP,JPN,2018,GC.NLD.TOTL.GD.ZS,
Japan,JP,JPN,2017,GC.NLD.TOTL.GD.ZS,
Japan,JP,JPN,2016,GC.NLD.TOTL.GD.ZS,
Japan,JP,JPN,2015,GC.NLD.TOTL.GD.ZS,
Japan,JP,JPN,2014,GC.NLD.TOTL.GD.ZS,
Japan,JP,JPN,2013,GC.NLD.TOTL.GD.ZS,
Japan,JP,JPN,2012,GC.NLD.TOTL.GD.ZS,
Japan,JP,JPN,2011,GC.NLD.TOTL.GD.ZS,
Japan,JP,JPN,2010,GC.NLD.TOTL.GD.ZS,
Mexico,MX,MEX,2023,GC.NLD.TOTL.GD.ZS,-4.19484850546661
Mexico,MX,MEX,2022,GC.NLD.TOTL.GD.ZS,-4.30934820819772
Mexico,MX,MEX,2021,GC.NLD.TOTL.GD.ZS,-3.32386358550282
Mexico,MX,MEX,2020,GC.NLD.TOTL.GD.ZS,-3.63899768737409
Mexico,MX,MEX,2019,GC.NLD.TOTL.GD.ZS,-1.61318460263968
Mexico,MX,MEX,2018,GC.NLD.TOTL.GD.ZS,-2.11318831499306
Mexico,MX,MEX,2017,GC.NLD.TOTL.GD.ZS,-0.845266946189085
Mexico,MX,MEX,2016,GC.NLD.TOTL.GD.ZS,-1.62118179871436
Mexico,MX,MEX,2015,GC.NLD.TOTL.GD.ZS,-3.11885188208519
Mexico,MX,MEX,2014,GC.NLD.TOTL.GD.ZS,-4.01250102431723
Mexico,MX,MEX,2013,GC.NLD.TOTL.GD.ZS,-3.20354224005969
Mexico,MX,MEX,2012,GC.NLD.TOTL.GD.ZS,-3.6564264259078
Mexico,MX,MEX,2011,GC.NLD.TOTL.GD.ZS,-3.41832172594093
Mexico,MX,MEX,2010,GC.NLD.TOTL.GD.ZS,-3.8057026250931
Netherlands,NL,NLD,2023,GC.NLD.TOTL.GD.ZS,-0.210354307502002
Netherlands,NL,NLD,2022,GC.NLD.TOTL.GD.ZS,-0.282244269586042
Netherlands,NL,NLD,2021,GC.NLD.TOTL.GD.ZS,-2.4492176546464
Netherlands,NL,NLD,2020,GC.NLD.TOTL.GD.ZS,-3.51577475035611
Netherlands,NL,NLD,2019,GC.NLD.TOTL.GD.ZS,2.16868108758242
Netherlands,NL,NLD,2018,GC.NLD.TOTL.GD.ZS,1.66879849810676
Netherlands,NL,NLD,2017,GC.NLD.TOTL.GD.ZS,1.40385504107951
Netherlands,NL,NLD,2016,GC.NLD.TOTL.GD.ZS,0.163015933627243
Netherlands,NL,NLD,2015,GC.NLD.TOTL.GD.ZS,-1.65552258018379
Netherlands,NL,NLD,2014,GC.NLD.TOTL.GD.ZS,-1.94333558788554
Netherlands,NL,NLD,2013,GC.NLD.TOTL.GD.ZS,-2.51635072051349
Netherlands,NL,NLD,2012,GC.NLD.TOTL.GD.ZS,-3.41004387510786
Netherlands,NL,NLD,2011,GC.NLD.TOTL.GD.ZS,-3.77507762803481
Netherlands,NL,NLD,2010,GC.NLD.TOTL.GD.ZS,-4.20312213267975
Poland,PL,POL,2023,GC.NLD.TOTL.GD.ZS,-4.54136329910865
Poland,PL,POL,2022,GC.NLD.TOTL.GD.ZS,-3.0056919876808
Poland,PL,POL,2021,GC.NLD.TOTL.GD.ZS,-2.30300903469373
Poland,PL,POL,2020,GC.NLD.TOTL.GD.ZS,-7.0279473310229
Poland,PL,POL,2019,GC.NLD.TOTL.GD.ZS,-0.525642748761954
Poland,PL,POL,2018,GC.NLD.TOTL.GD.ZS,0.0711030565932835
Poland,PL,POL,2017,GC.NLD.TOTL.GD.ZS,-1.58580874944162
Poland,PL,POL,2016,GC.NLD.TOTL.GD.ZS,-2.65076957705417
Poland,PL,POL,2015,GC.NLD.TOTL.GD.ZS,-2.53252717229123
Poland,PL,POL,2014,GC.NLD.TOTL.GD.ZS,-3.36786219034783
Poland,PL,POL,2013,GC.NLD.TOTL.GD.ZS,-4.02382999301488
Poland,PL,POL,2012,GC.NLD.TOTL.GD.ZS,-3.43789644208447
Poland,PL,POL,2011,GC.NLD.TOTL.GD.ZS,-4.1123831872808
Poland,PL,POL,2010,GC.NLD.TOTL.GD.ZS,-6.14261436548399
Sweden,SE,SWE,2023,GC.NLD.TOTL.GD.ZS,0.135792708247364
Sweden,SE,SWE,2022,GC.NLD.TOTL.GD.ZS,0.725017042284637
Sweden,SE,SWE,2021,GC.NLD.TOTL.GD.ZS,-0.657264256814624
Sweden,SE,SWE,2020,GC.NLD.TOTL.GD.ZS,-3.03629368892577
Sweden,SE,SWE,2019,GC.NLD.TOTL.GD.ZS,1.46935644410244
Sweden,SE,SWE,2018,GC.NLD.TOTL.GD.ZS,1.45247734487384
Sweden,SE,SWE,2017,GC.NLD.TOTL.GD.ZS,1.6636743915015
Sweden,SE,SWE,2016,GC.NLD.TOTL.GD.ZS,1.56895338532294
Sweden,SE,SWE,2015,GC.NLD.TOTL.GD.ZS,0.350678904147924
Sweden,SE,SWE,2014,GC.NLD.TOTL.GD.ZS,-1.15448678067224
Sweden,SE,SWE,2013,GC.NLD.TOTL.GD.ZS,-1.38132277312656
Sweden,SE,SWE,2012,GC.NLD.TOTL.GD.ZS,-0.927186101739968
Sweden,SE,SWE,2011,GC.NLD.TOTL.GD.ZS,0.00712585803833226
Sweden,SE,SWE,2010,GC.NLD.TOTL.GD.ZS,-0.25070997889914
United States,US,USA,2023,GC.NLD.TOTL.GD.ZS,-7.25485596488678
United States,US,USA,2022,GC.NLD.TOTL.GD.ZS,-4.45683440176853
United States,US,USA,2021,GC.NLD.TOTL.GD.ZS,-12.7072284020097
United States,US,USA,2020,GC.NLD.TOTL.GD.ZS,-14.3855994220614
United States,US,USA,2019,GC.NLD.TOTL.GD.ZS,-5.35878674364723
United States,US,USA,2018,GC.NLD.TOTL.GD.ZS,-4.77899854941656
United States,US,USA,2017,GC.NLD.TOTL.GD.ZS,-2.94418313753416
United States,US,USA,2016,GC.NLD.TOTL.GD.ZS,-3.83020224555147
United States,US,USA,2015,GC.NLD.TOTL.GD.ZS,-3.19804149971093
United States,US,USA,2014,GC.NLD.TOTL.GD.ZS,-3.70170258774664
United States,US,USA,2013,GC.NLD.TOTL.GD.ZS,-4.15034273198543
United States,US,USA,2012,GC.NLD.TOTL.GD.ZS,-7.3043865590991
United States,US,USA,2011,GC.NLD.TOTL.GD.ZS,-8.94621330674142
United States,US,USA,2010,GC.NLD.TOTL.GD.ZS,-9.99381153701472
Australia,AU,AUS,2023,GC.NLD.TOTL.GD.ZS,
Australia,AU,AUS,2022,GC.NLD.TOTL.GD.ZS,-1.3473393407169
Australia,AU,AUS,2021,GC.NLD.TOTL.GD.ZS,-6.84301416101114
Australia,AU,AUS,2020,GC.NLD.TOTL.GD.ZS,-4.95342899920865
Australia,AU,AUS,2019,GC.NLD.TOTL.GD.ZS,-0.140447067668788
Australia,AU,AUS,2018,GC.NLD.TOTL.GD.ZS,-0.49287993211205
Australia,AU,AUS,2017,GC.NLD.TOTL.GD.ZS,-1.74795276005515
Australia,AU,AUS,2016,GC.NLD.TOTL.GD.ZS,-2.32750815438937
Australia,AU,AUS,2015,GC.NLD.TOTL.GD.ZS,-2.6008914714184
Australia,AU,AUS,2014,GC.NLD.TOTL.GD.ZS,-2.19969034754659
Australia,AU,AUS,2013,GC.NLD.TOTL.GD.ZS,-1.47630590561229
Australia,AU,AUS,2012,GC.NLD.TOTL.GD.ZS,-3.12788679864283
Australia,AU,AUS,2011,GC.NLD.TOTL.GD.ZS,-3.77349871745318
Australia,AU,AUS,2010,GC.NLD.TOTL.GD.ZS,-4.00609832983711
Chile,CL,CHL,2023,GC.NLD.TOTL.GD.ZS,-2.38872164006642
Chile,CL,CHL,2022,GC.NLD.TOTL.GD.ZS,1.13247874993044
Chile,CL,CHL,2021,GC.NLD.TOTL.GD.ZS,-7.71866947301322
Chile,CL,CHL,2020,GC.NLD.TOTL.GD.ZS,-7.21729775248538
Chile,CL,CHL,2019,GC.NLD.TOTL.GD.ZS,-2.8449559926577
Chile,CL,CHL,2018,GC.NLD.TOTL.GD.ZS,-1.7258596181872
Chile,CL,CHL,2017,GC.NLD.TOTL.GD.ZS,-2.55814767454965
Chile,CL,CHL,2016,GC.NLD.TOTL.GD.ZS,-2.73388798624091
Chile,CL,CHL,2015,GC.NLD.TOTL.GD.ZS,-2.14568328960442
Chile,CL,CHL,2014,GC.NLD.TOTL.GD.ZS,-1.56083895943885
Chile,CL,CHL,2013,GC.NLD.TOTL.GD.ZS,-0.605378261875088
Chile,CL,CHL,2012,GC.NLD.TOTL.GD.ZS,0.541407106942835
Chile,CL,CHL,2011,GC.NLD.TOTL.GD.ZS,1.29024479364727
Chile,CL,CHL,2010,GC.NLD.TOTL.GD.ZS,-0.424929387598192
Colombia,CO,COL,2023,GC.NLD.TOTL.GD.ZS,-2.03759328855817
Colombia,CO,COL,2022,GC.NLD.TOTL.GD.ZS,-5.29929051233517
Colombia,CO,COL,2021,GC.NLD.TOTL.GD.ZS,-7.65394474545161
Colombia,CO,COL,2020,GC.NLD.TOTL.GD.ZS,-8.51553357908288
Colombia,CO,COL,2019,GC.NLD.TOTL.GD.ZS,-2.23798643665382
Colombia,CO,COL,2018,GC.NLD.TOTL.GD.ZS,-2.61320674678311
Colombia,CO,COL,2017,GC.NLD.TOTL.GD.ZS,-2.19824409588726
Colombia,CO,COL,2016,GC.NLD.TOTL.GD.ZS,-3.04286241958897
Colombia,CO,COL,2015,GC.NLD.TOTL.GD.ZS,-1.40738619185838
Colombia,CO,COL,2014,GC.NLD.TOTL.GD.ZS,-4.16681218983894
Colombia,CO,COL,2013,GC.NLD.TOTL.GD.ZS,-5.53469562087851
Colombia,CO,COL,2012,GC.NLD.TOTL.GD.ZS,2.76559285648913
Colombia,CO,COL,2011,GC.NLD.TOTL.GD.ZS,-1.07075617545713
Colombia,CO,COL,2010,GC.NLD.TOTL.GD.ZS,-4.56011818549425
"Egypt, Arab Rep.",EG,EGY,2023,GC.NLD.TOTL.GD.ZS,
"Egypt, Arab Rep.",EG,EGY,2022,GC.NLD.TOTL.GD.ZS,
"Egypt, Arab Rep.",EG,EGY,2021,GC.NLD.TOTL.GD.ZS,
"Egypt, Arab Rep.",EG,EGY,2020,GC.NLD.TOTL.GD.ZS,
"Egypt, Arab Rep.",EG,EGY,2019,GC.NLD.TOTL.GD.ZS,
"Egypt, Arab Rep.",EG,EGY,2018,GC.NLD.TOTL.GD.ZS,
"Egypt, Arab Rep.",EG,EGY,2017,GC.NLD.TOTL.GD.ZS,
"Egypt, Arab Rep.",EG,EGY,2016,GC.NLD.TOTL.GD.ZS,
"Egypt, Arab Rep.",EG,EGY,2015,GC.NLD.TOTL.GD.ZS,-10.7275665943778
"Egypt, Arab Rep.",EG,EGY,2014,GC.NLD.TOTL.GD.ZS,-11.0277183098592
"Egypt, Arab Rep.",EG,EGY,2013,GC.NLD.TOTL.GD.ZS,-12.6356159965599
"Egypt, Arab Rep.",EG,EGY,2012,GC.NLD.TOTL.GD.ZS,-10.0051949602914
"Egypt, Arab Rep.",EG,EGY,2011,GC.NLD.TOTL.GD.ZS,-10.0824593392167
"Egypt, Arab Rep.",EG,EGY,2010,GC.NLD.TOTL.GD.ZS,-7.73391347588264
Indonesia,ID,IDN,2023,GC.NLD.TOTL.GD.ZS,
Indonesia,ID,IDN,2022,GC.NLD.TOTL.GD.ZS,
Indonesia,ID,IDN,2021,GC.NLD.TOTL.GD.ZS,
Indonesia,ID,IDN,2020,GC.NLD.TOTL.GD.ZS,
Indonesia,ID,IDN,2019,GC.NLD.TOTL.GD.ZS,
Indonesia,ID,IDN,2018,GC.NLD.TOTL.GD.ZS,
Indonesia,ID,IDN,2017,GC.NLD.TOTL.GD.ZS,
Indonesia,ID,IDN,2016,GC.NLD.TOTL.GD.ZS,
Indonesia,ID,IDN,2015,GC.NLD.TOTL.GD.ZS,
Indonesia,ID,IDN,2014,GC.NLD.TOTL.GD.ZS,
Indonesia,ID,IDN,2013,GC.NLD.TOTL.GD.ZS,
Indonesia,ID,IDN,2012,GC.NLD.TOTL.GD.ZS,
Indonesia,ID,IDN,2011,GC.NLD.TOTL.GD.ZS,
Indonesia,ID,IDN,2010,GC.NLD.TOTL.GD.ZS,
India,IN,IND,2023,GC.NLD.TOTL.GD.ZS,
India,IN,IND,2022,GC.NLD.TOTL.GD.ZS,-5.2600268875823
India,IN,IND,2021,GC.NLD.TOTL.GD.ZS,
India,IN,IND,2020,GC.NLD.TOTL.GD.ZS,
India,IN,IND,2019,GC.NLD.TOTL.GD.ZS,
India,IN,IND,2018,GC.NLD.TOTL.GD.ZS,-2.30328908296065
India,IN,IND,2017,GC.NLD.TOTL.GD.ZS,-2.55426517252434
India,IN,IND,2016,GC.NLD.TOTL.GD.ZS,-2.41851614428797
India,IN,IND,2015,GC.NLD.TOTL.GD.ZS,-2.77580962011863
India,IN,IND,2014,GC.NLD.TOTL.GD.ZS,-3.24743717876857
India,IN,IND,2013,GC.NLD.TOTL.GD.ZS,-4.06573304249265
India,IN,IND,2012,GC.NLD.TOTL.GD.ZS,-3.7644761333206
India,IN,IND,2011,GC.NLD.TOTL.GD.ZS,-3.20649564885787
India,IN,IND,2010,GC.NLD.TOTL.GD.ZS,-3.48058118972693
"Korea, Rep.",KR,KOR,2023,GC.NLD.TOTL.GD.ZS,-1.01976823616344
"Korea, Rep.",KR,KOR,2022,GC.NLD.TOTL.GD.ZS,-1.74784573111172
"Korea, Rep.",KR,KOR,2021,GC.NLD.TOTL.GD.ZS,-0.723170898998876
"Korea, Rep.",KR,KOR,2020,GC.NLD.TOTL.GD.ZS,-1.92144767575192
"Korea, Rep.",KR,KOR,2019,GC.NLD.TOTL.GD.ZS,0.0352267388925863
"Korea, Rep.",KR,KOR,2018,GC.NLD.TOTL.GD.ZS,2.28487854818778
"Korea, Rep.",KR,KOR,2017,GC.NLD.TOTL.GD.ZS,1.794788533623
"Korea, Rep.",KR,KOR,2016,GC.NLD.TOTL.GD.ZS,1.78299143304811
"Korea, Rep.",KR,KOR,2015,GC.NLD.TOTL.GD.ZS,0.72835386706601
"Korea, Rep.",KR,KOR,2014,GC.NLD.TOTL.GD.ZS,0.952240545791331
"Korea, Rep.",KR,KOR,2013,GC.NLD.TOTL.GD.ZS,1.22923995355132
"Korea, Rep.",KR,KOR,2012,GC.NLD.TOTL.GD.ZS,1.13941616992012
"Korea, Rep.",KR,KOR,2011,GC.NLD.TOTL.GD.ZS,1.55553545151527
"Korea, Rep.",KR,KOR,2010,GC.NLD.TOTL.GD.ZS,1.40634655497853
Nigeria,NG,NGA,2023,GC.NLD.TOTL.GD.ZS,
Nigeria,NG,NGA,2022,GC.NLD.TOTL.GD.ZS,
Nigeria,NG,NGA,2021,GC.NLD.TOTL.GD.ZS,
Nigeria,NG,NGA,2020,GC.NLD.TOTL.GD.ZS,
Nigeria,NG,NGA,2019,GC.NLD.TOTL.GD.ZS,
Nigeria,NG,NGA,2018,GC.NLD.TOTL.GD.ZS,
Nigeria,NG,NGA,2017,GC.NLD.TOTL.GD.ZS,
Nigeria,NG,NGA,2016,GC.NLD.TOTL.GD.ZS,
Nigeria,NG,NGA,2015,GC.NLD.TOTL.GD.ZS,
Nigeria,NG,NGA,2014,GC.NLD.TOTL.GD.ZS,
Nigeria,NG,NGA,2013,GC.NLD.TOTL.GD.ZS,
Nigeria,NG,NGA,2012,GC.NLD.TOTL.GD.ZS,
Nigeria,NG,NGA,2011,GC.NLD.TOTL.GD.ZS,
Nigeria,NG,NGA,2010,GC.NLD.TOTL.GD.ZS,
Russian Federation,RU,RUS,2023,GC.NLD.TOTL.GD.ZS,3.36236398439808
Russian Federation,RU,RUS,2022,GC.NLD.TOTL.GD.ZS,1.45490619204936
Russian Federation,RU,RUS,2021,GC.NLD.TOTL.GD.ZS,1.21542847320298
Russian Federation,RU,RUS,2020,GC.NLD.TOTL.GD.ZS,-1.7556031548021
Russian Federation,RU,RUS,2019,GC.NLD.TOTL.GD.ZS,2.25303685943492
Russian Federation,RU,RUS,2018,GC.NLD.TOTL.GD.ZS,2.99931928709043
Russian Federation,RU,RUS,2017,GC.NLD.TOTL.GD.ZS,-1.55254498972161
Russian Federation,RU,RUS,2016,GC.NLD.TOTL.GD.ZS,-2.22572273205624
Russian Federation,RU,RUS,2015,GC.NLD.TOTL.GD.ZS,-2.26969968330777
Russian Federation,RU,RUS,2014,GC.NLD.TOTL.GD.ZS,-0.922756553864393
Russian Federation,RU,RUS,2013,GC.NLD.TOTL.GD.ZS,0.853317841714199
Russian Federation,RU,RUS,2012,GC.NLD.TOTL.GD.ZS,2.29973833905503
Russian Federation,RU,RUS,2011,GC.NLD.TOTL.GD.ZS,3.05669228465915
Russian Federation,RU,RUS,2010,GC.NLD.TOTL.GD.ZS,-1.86984944407401
Saudi Arabia,SA,SAU,2023,GC.NLD.TOTL.GD.ZS,-1.77137700860758
Saudi Arabia,SA,SAU,2022,GC.NLD.TOTL.GD.ZS,2.23510524060073
Saudi Arabia,SA,SAU,2021,GC.NLD.TOTL.GD.ZS,-1.99311190055249
Saudi Arabia,SA,SAU,2020,GC.NLD.TOTL.GD.ZS,-10.2054852387537
Saudi Arabia,SA,SAU,2019,GC.NLD.TOTL.GD.ZS,-3.97905319006053
Saudi Arabia,SA,SAU,2018,GC.NLD.TOTL.GD.ZS,-5.21398247858852
Saudi Arabia,SA,SAU,2017,GC.NLD.TOTL.GD.ZS,-8.57965108882136
Saudi Arabia,SA,SAU,2016,GC.NLD.TOTL.GD.ZS,-12.0343843725707
Saudi Arabia,SA,SAU,2015,GC.NLD.TOTL.GD.ZS,-14.9443295860792
Saudi Arabia,SA,SAU,2014,GC.NLD.TOTL.GD.ZS,-3.40338719381643
Saudi Arabia,SA,SAU,2013,GC.NLD.TOTL.GD.ZS,5.46926748017726
Saudi Arabia,SA,SAU,2012,GC.NLD.TOTL.GD.ZS,11.6799058125109
Saudi Arabia,SA,SAU,2011,GC.NLD.TOTL.GD.ZS,11.3940257271561
Saudi Arabia,SA,SAU,2010,GC.NLD.TOTL.GD.ZS,4.39157840467735
Singapore,SG,SGP,2023,GC.NLD.TOTL.GD.ZS,
Singapore,SG,SGP,2022,GC.NLD.TOTL.GD.ZS,1.49601003945497
Singapore,SG,SGP,2021,GC.NLD.TOTL.GD.ZS,1.6482310701314
Singapore,SG,SGP,2020,GC.NLD.TOTL.GD.ZS,-7.32681145207985
Singapore,SG,SGP,2019,GC.NLD.TOTL.GD.ZS,7.41633409287463
Singapore,SG,SGP,2018,GC.NLD.TOTL.GD.ZS,4.76312793979198
Singapore,SG,SGP,2017,GC.NLD.TOTL.GD.ZS,7.53409142174025
Singapore,SG,SGP,2016,GC.NLD.TOTL.GD.ZS,5.01173568595146
Singapore,SG,SGP,2015,GC.NLD.TOTL.GD.ZS,4.19835817762014
Singapore,SG,SGP,2014,GC.NLD.TOTL.GD.ZS,7.10182958727192
Singapore,SG,SGP,2013,GC.NLD.TOTL.GD.ZS,8.05627246373648
Singapore,SG,SGP,2012,GC.NLD.TOTL.GD.ZS,8.45642479536731
Singapore,SG,SGP,2011,GC.NLD.TOTL.GD.ZS,9.07581483681349
Singapore,SG,SGP,2010,GC.NLD.TOTL.GD.ZS,7.46430746091276
Turkiye,TR,TUR,2023,GC.NLD.TOTL.GD.ZS,-4.29865292389269
Turkiye,TR,TUR,2022,GC.NLD.TOTL.GD.ZS,-2.95717737537508
Turkiye,TR,TUR,2021,GC.NLD.TOTL.GD.ZS,-1.26647365629945
Turkiye,TR,TUR,2020,GC.NLD.TOTL.GD.ZS,-4.46634618652819
Turkiye,TR,TUR,2019,GC.NLD.TOTL.GD.ZS,-3.92445523823865
Turkiye,TR,TUR,2018,GC.NLD.TOTL.GD.ZS,-2.20511093526739
Turkiye,TR,TUR,2017,GC.NLD.TOTL.GD.ZS,-2.60245067681052
Turkiye,TR,TUR,2016,GC.NLD.TOTL.GD.ZS,-0.974999415026735
Turkiye,TR,TUR,2015,GC.NLD.TOTL.GD.ZS,0.376091561208709
Turkiye,TR,TUR,2014,GC.NLD.TOTL.GD.ZS,0.269361188352854
Turkiye,TR,TUR,2013,GC.NLD.TOTL.GD.ZS,0.279509002150069
Turkiye,TR,TUR,2012,GC.NLD.TOTL.GD.ZS,-0.127730797432328
Turkiye,TR,TUR,2011,GC.NLD.TOTL.GD.ZS,-0.726181221783564
Turkiye,TR,TUR,2010,GC.NLD.TOTL.GD.ZS,-2.73706177865043
Viet Nam,VN,VNM,2023,GC.NLD.TOTL.GD.ZS,
Viet Nam,VN,VNM,2022,GC.NLD.TOTL.GD.ZS,
Viet Nam,VN,VNM,2021,GC.NLD.TOTL.GD.ZS,
Viet Nam,VN,VNM,2020,GC.NLD.TOTL.GD.ZS,
Viet Nam,VN,VNM,2019,GC.NLD.TOTL.GD.ZS,
Viet Nam,VN,VNM,2018,GC.NLD.TOTL.GD.ZS,
Viet Nam,VN,VNM,2017,GC.NLD.TOTL.GD.ZS,
Viet Nam,VN,VNM,2016,GC.NLD.TOTL.GD.ZS,
Viet Nam,VN,VNM,2015,GC.NLD.TOTL.GD.ZS,
Viet Nam,VN,VNM,2014,GC.NLD.TOTL.GD.ZS,
Viet Nam,VN,VNM,2013,GC.NLD.TOTL.GD.ZS,
Viet Nam,VN,VNM,2012,GC.NLD.TOTL.GD.ZS,
Viet Nam,VN,VNM,2011,GC.NLD.TOTL.GD.ZS,
Viet Nam,VN,VNM,2010,GC.NLD.TOTL.GD.ZS,
South Africa,ZA,ZAF,2023,GC.NLD.TOTL.GD.ZS,-4.93740430848342
South Africa,ZA,ZAF,2022,GC.NLD.TOTL.GD.ZS,-4.82712126967012
South Africa,ZA,ZAF,2021,GC.NLD.TOTL.GD.ZS,-4.55050349618667
South Africa,ZA,ZAF,2020,GC.NLD.TOTL.GD.ZS,-9.92664872393274
South Africa,ZA,ZAF,2019,GC.NLD.TOTL.GD.ZS,-5.75192703897
South Africa,ZA,ZAF,2018,GC.NLD.TOTL.GD.ZS,-5.69551397247214
South Africa,ZA,ZAF,2017,GC.NLD.TOTL.GD.ZS,-4.65754447743392
South Africa,ZA,ZAF,2016,GC.NLD.TOTL.GD.ZS,-3.46049874466043
South Africa,ZA,ZAF,2015,GC.NLD.TOTL.GD.ZS,-4.56437663555894
South Africa,ZA,ZAF,2014,GC.NLD.TOTL.GD.ZS,-3.43956150956059
South Africa,ZA,ZAF,2013,GC.NLD.TOTL.GD.ZS,-4.18299310803963
South Africa,ZA,ZAF,2012,GC.NLD.TOTL.GD.ZS,-4.23209308673638
South Africa,ZA,ZAF,2011,GC.NLD.TOTL.GD.ZS,-5.46206329752573
South Africa,ZA,ZAF,2010,GC.NLD.TOTL.GD.ZS,-4.44267265987092
Argentina,AR,ARG,2023,NY.GDP.PCAP.CD,14261.8465667948
Argentina,AR,ARG,2022,NY.GDP.PCAP.CD,13962.1894087223
Argentina,AR,ARG,2021,NY.GDP.PCAP.CD,10738.0179223384
Argentina,AR,ARG,2020,NY.GDP.PCAP.CD,8535.59938004389
Argentina,AR,ARG,2019,NY.GDP.PCAP.CD,9955.97478680428
Argentina,AR,ARG,2018,NY.GDP.PCAP.CD,11752.7998922979
Argentina,AR,ARG,2017,NY.GDP.PCAP.CD,14532.5009308511
Argentina,AR,ARG,2016,NY.GDP.PCAP.CD,12699.9623137756
Argentina,AR,ARG,2015,NY.GDP.PCAP.CD,13679.6264980954
Argentina,AR,ARG,2014,NY.GDP.PCAP.CD,12233.1444119186
Argentina,AR,ARG,2013,NY.GDP.PCAP.CD,12963.675773326
Argentina,AR,ARG,2012,NY.GDP.PCAP.CD,12949.717486654
Argentina,AR,ARG,2011,NY.GDP.PCAP.CD,12704.2831819684
Argentina,AR,ARG,2010,NY.GDP.PCAP.CD,10260.1313108254
Brazil,BR,BRA,2023,NY.GDP.PCAP.CD,10377.5892792557
Brazil,BR,BRA,2022,NY.GDP.PCAP.CD,9281.33334441234
Brazil,BR,BRA,2021,NY.GDP.PCAP.CD,7972.5366498646
Brazil,BR,BRA,2020,NY.GDP.PCAP.CD,7074.19378337644
Brazil,BR,BRA,2019,NY.GDP.PCAP.CD,9029.83326681073
Brazil,BR,BRA,2018,NY.GDP.PCAP.CD,9300.66164923219
Brazil,BR,BRA,2017,NY.GDP.PCAP.CD,10080.5092819305
Brazil,BR,BRA,2016,NY.GDP.PCAP.CD,8836.28652735657
Brazil,BR,BRA,2015,NY.GDP.PCAP.CD,8936.19661712113
Brazil,BR,BRA,2014,NY.GDP.PCAP.CD,12274.9939689363
Brazil,BR,BRA,2013,NY.GDP.PCAP.CD,12458.8912138813
Brazil,BR,BRA,2012,NY.GDP.PCAP.CD,12521.7213519966
Brazil,BR,BRA,2011,NY.GDP.PCAP.CD,13396.6243562986
Brazil,BR,BRA,2010,NY.GDP.PCAP.CD,11403.2821278747
Canada,CA,CAN,2023,NY.GDP.PCAP.CD,54847.5370112652
Canada,CA,CAN,2022,NY.GDP.PCAP.CD,56496.9275340663
Canada,CA,CAN,2021,NY.GDP.PCAP.CD,52886.6407813788
Canada,CA,CAN,2020,NY.GDP.PCAP.CD,43537.8981198851
Canada,CA,CAN,2019,NY.GDP.PCAP.CD,46352.9695208927
Canada,CA,CAN,2018,NY.GDP.PCAP.CD,46539.2177903178
Canada,CA,CAN,2017,NY.GDP.PCAP.CD,45129.7335281051
Canada,CA,CAN,2016,NY.GDP.PCAP.CD,42314.1033623905
Canada,CA,CAN,2015,NY.GDP.PCAP.CD,43594.2379080706
Canada,CA,CAN,2014,NY.GDP.PCAP.CD,50960.8942086685
Canada,CA,CAN,2013,NY.GDP.PCAP.CD,52637.7313222622
Canada,CA,CAN,2012,NY.GDP.PCAP.CD,52670.1429540952
Canada,CA,CAN,2011,NY.GDP.PCAP.CD,52224.1237767406
Canada,CA,CAN,2010,NY.GDP.PCAP.CD,47560.8378831258
China,CN,CHN,2023,NY.GDP.PCAP.CD,12951.1782397043
China,CN,CHN,2022,NY.GDP.PCAP.CD,12970.6056414327
China,CN,CHN,2021,NY.GDP.PCAP.CD,12887.4357242941
China,CN,CHN,2020,NY.GDP.PCAP.CD,10627.4637989619
China,CN,CHN,2019,NY.GDP.PCAP.CD,10342.9009524335
China,CN,CHN,2018,NY.GDP.PCAP.CD,10085.6638148819
China,CN,CHN,2017,NY.GDP.PCAP.CD,8979.67652709856
China,CN,CHN,2016,NY.GDP.PCAP.CD,8254.86859320357
China,CN,CHN,2015,NY.GDP.PCAP.CD,8175.33285077393
China,CN,CHN,2014,NY.GDP.PCAP.CD,7781.06597484974
China,CN,CHN,2013,NY.GDP.PCAP.CD,7147.03518622344
China,CN,CHN,2012,NY.GDP.PCAP.CD,6405.0574241349
China,CN,CHN,2011,NY.GDP.PCAP.CD,5703.76027973346
China,CN,CHN,2010,NY.GDP.PCAP.CD,4629.24551710077
Germany,DE,DEU,2023,NY.GDP.PCAP.CD,54776.7668235491
Germany,DE,DEU,2022,NY.GDP.PCAP.CD,50506.5179638543
Germany,DE,DEU,2021,NY.GDP.PCAP.CD,52349.2459994422
Germany,DE,DEU,2020,NY.GDP.PCAP.CD,47394.8734504469
Germany,DE,DEU,2019,NY.GDP.PCAP.CD,47656.199739747
Germany,DE,DEU,2018,NY.GDP.PCAP.CD,48916.1686612154
Germany,DE,DEU,2017,NY.GDP.PCAP.CD,45553.9341495339
Germany,DE,DEU,2016,NY.GDP.PCAP.CD,42948.9381932694
Germany,DE,DEU,2015,NY.GDP.PCAP.CD,41929.7549110722
Germany,DE,DEU,2014,NY.GDP.PCAP.CD,48959.5991203133
Germany,DE,DEU,2013,NY.GDP.PCAP.CD,47206.8353514242
Germany,DE,DEU,2012,NY.GDP.PCAP.CD,44718.0159214069
Germany,DE,DEU,2011,NY.GDP.PCAP.CD,47630.9761883572
Germany,DE,DEU,2010,NY.GDP.PCAP.CD,42396.9665976293
Spain,ES,ESP,2023,NY.GDP.PCAP.CD,33493.2225409111
Spain,ES,ESP,2022,NY.GDP.PCAP.CD,30319.4987196616
Spain,ES,ESP,2021,NY.GDP.PCAP.CD,30799.4775937775
Spain,ES,ESP,2020,NY.GDP.PCAP.CD,27233.9426461608
Spain,ES,ESP,2019,NY.GDP.PCAP.CD,29786.5245689007
Spain,ES,ESP,2018,NY.GDP.PCAP.CD,30602.4212881113
Spain,ES,ESP,2017,NY.GDP.PCAP.CD,28381.3425596906
Spain,ES,ESP,2016,NY.GDP.PCAP.CD,26755.6061149398
Spain,ES,ESP,2015,NY.GDP.PCAP.CD,25982.4416197775
Spain,ES,ESP,2014,NY.GDP.PCAP.CD,29707.765509467
Spain,ES,ESP,2013,NY.GDP.PCAP.CD,29228.846559842
Spain,ES,ESP,2012,NY.GDP.PCAP.CD,28456.4438151477
Spain,ES,ESP,2011,NY.GDP.PCAP.CD,31824.6219134777
Spain,ES,ESP,2010,NY.GDP.PCAP.CD,30658.7422282912
France,FR,FRA,2023,NY.GDP.PCAP.CD,44700.1384177544
France,FR,FRA,2022,NY.GDP.PCAP.CD,40988.6396406579
France,FR,FRA,2021,NY.GDP.PCAP.CD,43725.0999521245
France,FR,FRA,2020,NY.GDP.PCAP.CD,39169.8606000707
France,FR,FRA,2019,NY.GDP.PCAP.CD,40408.2848574751
France,FR,FRA,2018,NY.GDP.PCAP.CD,41418.1766484844
France,FR,FRA,2017,NY.GDP.PCAP.CD,38687.1626407164
France,FR,FRA,2016,NY.GDP.PCAP.CD,37024.2157133669
France,FR,FRA,2015,NY.GDP.PCAP.CD,36702.4323733379
France,FR,FRA,2014,NY.GDP.PCAP.CD,43148.0459288416
France,FR,FRA,2013,NY.GDP.PCAP.CD,42669.1795111893
France,FR,FRA,2012,NY.GDP.PCAP.CD,40863.5814412333
France,FR,FRA,2011,NY.GDP.PCAP.CD,43929.7840873812
France,FR,FRA,2010,NY.GDP.PCAP.CD,40694.8211697025
United Kingdom,GB,GBR,2023,NY.GDP.PCAP.CD,49919.6896621586
United Kingdom,GB,GBR,2022,NY.GDP.PCAP.CD,47034.7795621476
United Kingdom,GB,GBR,2021,NY.GDP.PCAP.CD,47695.6491523474
United Kingdom,GB,GBR,2020,NY.GDP.PCAP.CD,40815.1255364787
United Kingdom,GB,GBR,2019,NY.GDP.PCAP.CD,43160.6843971799
United Kingdom,GB,GBR,2018,NY.GDP.PCAP.CD,43704.3162296687
United Kingdom,GB,GBR,2017,NY.GDP.PCAP.CD,40918.0520870944
United Kingdom,GB,GBR,2016,NY.GDP.PCAP.CD,41258.5374285695
United Kingdom,GB,GBR,2015,NY.GDP.PCAP.CD,45256.040227057
United Kingdom,GB,GBR,2014,NY.GDP.PCAP.CD,47746.9810645521
United Kingdom,GB,GBR,2013,NY.GDP.PCAP.CD,43607.6636827371
United Kingdom,GB,GBR,2012,NY.GDP.PCAP.CD,42688.3263728372
United Kingdom,GB,GBR,2011,NY.GDP.PCAP.CD,42295.9273835322
United Kingdom,GB,GBR,2010,NY.GDP.PCAP.CD,39778.3220528565
Italy,IT,ITA,2023,NY.GDP.PCAP.CD,39279.699782164
Italy,IT,ITA,2022,NY.GDP.PCAP.CD,35653.9042103495
Italy,IT,ITA,2021,NY.GDP.PCAP.CD,36852.5425414951
Italy,IT,ITA,2020,NY.GDP.PCAP.CD,32091.4866621366
Italy,IT,ITA,2019,NY.GDP.PCAP.CD,33812.788724868
Italy,IT,ITA,2018,NY.GDP.PCAP.CD,35062.3364176949
Italy,IT,ITA,2017,NY.GDP.PCAP.CD,32844.115660604
Italy,IT,ITA,2016,NY.GDP.PCAP.CD,31391.5692898108
Italy,IT,ITA,2015,NY.GDP.PCAP.CD,30639.8829751432
Italy,IT,ITA,2014,NY.GDP.PCAP.CD,36028.3494022349
Italy,IT,ITA,2013,NY.GDP.PCAP.CD,35701.6746002376
Italy,IT,ITA,2012,NY.GDP.PCAP.CD,34854.3949441965
Italy,IT,ITA,2011,NY.GDP.PCAP.CD,38432.3742820019
Italy,IT,ITA,2010,NY.GDP.PCAP.CD,35856.8625485539
Japan,JP,JPN,2023,NY.GDP.PCAP.CD,35215.003535366
Japan,JP,JPN,2022,NY.GDP.PCAP.CD,35548.2645222433
Japan,JP,JPN,2021,NY.GDP.PCAP.CD,41580.739040705
Japan,JP,JPN,2020,NY.GDP.PCAP.CD,41098.9739004553
Japan,JP,JPN,2019,NY.GDP.PCAP.CD,41424.8655601543
Japan,JP,JPN,2018,NY.GDP.PCAP.CD,40645.478086519
Japan,JP,JPN,2017,NY.GDP.PCAP.CD,39679.8635262948
Japan,JP,JPN,2016,NY.GDP.PCAP.CD,40214.9688631562
Japan,JP,JPN,2015,NY.GDP.PCAP.CD,35664.6446110613
Japan,JP,JPN,2014,NY.GDP.PCAP.CD,39172.8471161948
Japan,JP,JPN,2013,NY.GDP.PCAP.CD,41369.1948479498
Japan,JP,JPN,2012,NY.GDP.PCAP.CD,49626.6830327571
Japan,JP,JPN,2011,NY.GDP.PCAP.CD,49122.077634247
Japan,JP,JPN,2010,NY.GDP.PCAP.CD,45378.1378109399
Mexico,MX,MEX,2023,NY.GDP.PCAP.CD,13830.843848864
Mexico,MX,MEX,2022,NY.GDP.PCAP.CD,11405.7940469896
Mexico,MX,MEX,2021,NY.GDP.PCAP.CD,10314.0506733708
Mexico,MX,MEX,2020,NY.GDP.PCAP.CD,8841.27074929751
Mexico,MX,MEX,2019,NY.GDP.PCAP.CD,10369.5553593527
Mexico,MX,MEX,2018,NY.GDP.PCAP.CD,10084.7937570364
Mexico,MX,MEX,2017,NY.GDP.PCAP.CD,9649.27816729586
Mexico,MX,MEX,2016,NY.GDP.PCAP.CD,9097.92397674769
Mexico,MX,MEX,2015,NY.GDP.PCAP.CD,10021.2386113616
Mexico,MX,MEX,2014,NY.GDP.PCAP.CD,11391.3773503964
Mexico,MX,MEX,2013,NY.GDP.PCAP.CD,11216.800851866
Mexico,MX,MEX,2012,NY.GDP.PCAP.CD,10744.1335236186
Mexico,MX,MEX,2011,NY.GDP.PCAP.CD,10664.4944032313
Mexico,MX,MEX,2010,NY.GDP.PCAP.CD,9728.80078307432
Netherlands,NL,NLD,2023,NY.GDP.PCAP.CD,63515.6030780019
Netherlands,NL,NLD,2022,NY.GDP.PCAP.CD,59123.318556487
Netherlands,NL,NLD,2021,NY.GDP.PCAP.CD,60141.9880911492
Netherlands,NL,NLD,2020,NY.GDP.PCAP.CD,53467.9277413737
Netherlands,NL,NLD,2019,NY.GDP.PCAP.CD,53554.9007491475
Netherlands,NL,NLD,2018,NY.GDP.PCAP.CD,53955.0770024266
Netherlands,NL,NLD,2017,NY.GDP.PCAP.CD,49513.6817346384
Netherlands,NL,NLD,2016,NY.GDP.PCAP.CD,46808.5291492503
Netherlands,NL,NLD,2015,NY.GDP.PCAP.CD,45793.8135434697
Netherlands,NL,NLD,2014,NY.GDP.PCAP.CD,53457.2234864322
Netherlands,NL,NLD,2013,NY.GDP.PCAP.CD,52602.2860520766
Netherlands,NL,NLD,2012,NY.GDP.PCAP.CD,50473.9442002689
Netherlands,NL,NLD,2011,NY.GDP.PCAP.CD,54701.7728030611
Netherlands,NL,NLD,2010,NY.GDP.PCAP.CD,51305.7338533973
Poland,PL,POL,2023,NY.GDP.PCAP.CD,22145.2660647429
Poland,PL,POL,2022,NY.GDP.PCAP.CD,18891.2121169279
Poland,PL,POL,2021,NY.GDP.PCAP.CD,18635.5104895754
Poland,PL,POL,2020,NY.GDP.PCAP.CD,16150.9304813473
Poland,PL,POL,2019,NY.GDP.PCAP.CD,15874.5220531254
Poland,PL,POL,2018,NY.GDP.PCAP.CD,15658.210586693
Poland,PL,POL,2017,NY.GDP.PCAP.CD,13913.3415190124
Poland,PL,POL,2016,NY.GDP.PCAP.CD,12464.0121044827
Poland,PL,POL,2015,NY.GDP.PCAP.CD,12637.5220324406
Poland,PL,POL,2014,NY.GDP.PCAP.CD,14262.2841914116
Poland,PL,POL,2013,NY.GDP.PCAP.CD,13621.9023794031
Poland,PL,POL,2012,NY.GDP.PCAP.CD,13087.420943321
Poland,PL,POL,2011,NY.GDP.PCAP.CD,13867.6669408192
Poland,PL,POL,2010,NY.GDP.PCAP.CD,12567.7317676382
Sweden,SE,SWE,2023,NY.GDP.PCAP.CD,54950.2834725622
Sweden,SE,SWE,2022,NY.GDP.PCAP.CD,54836.8907235124
Sweden,SE,SWE,2021,NY.GDP.PCAP.CD,60647.5416365347
Sweden,SE,SWE,2020,NY.GDP.PCAP.CD,52568.5726980146
Sweden,SE,SWE,2019,NY.GDP.PCAP.CD,51648.9892820514
Sweden,SE,SWE,2018,NY.GDP.PCAP.CD,54018.4554391861
Sweden,SE,SWE,2017,NY.GDP.PCAP.CD,53210.2233318965
Sweden,SE,SWE,2016,NY.GDP.PCAP.CD,51703.5088332851
Sweden,SE,SWE,2015,NY.GDP.PCAP.CD,51188.1652120493
Sweden,SE,SWE,2014,NY.GDP.PCAP.CD,59583.4584491714
Sweden,SE,SWE,2013,NY.GDP.PCAP.CD,60843.9888799369
Sweden,SE,SWE,2012,NY.GDP.PCAP.CD,57749.5615420853
Sweden,SE,SWE,2011,NY.GDP.PCAP.CD,60379.4814599322
Sweden,SE,SWE,2010,NY.GDP.PCAP.CD,52542.5759090299
United States,US,USA,2023,NY.GDP.PCAP.CD,82586.7847707894
United States,US,USA,2022,NY.GDP.PCAP.CD,78008.6895811877
United States,US,USA,2021,NY.GDP.PCAP.CD,71441.2319805947
United States,US,USA,2020,NY.GDP.PCAP.CD,64465.2971415748
United States,US,USA,2019,NY.GDP.PCAP.CD,65227.9565911038
United States,US,USA,2018,NY.GDP.PCAP.CD,62875.6661382728
United States,US,USA,2017,NY.GDP.PCAP.CD,60047.7190728307
United States,US,USA,2016,NY.GDP.PCAP.CD,57976.628204291
United States,US,USA,2015,NY.GDP.PCAP.CD,56849.4697923159
United States,US,USA,2014,NY.GDP.PCAP.CD,55153.3940182967
United States,US,USA,2013,NY.GDP.PCAP.CD,53297.3862901595
United States,US,USA,2012,NY.GDP.PCAP.CD,51708.3940614082
United States,US,USA,2011,NY.GDP.PCAP.CD,50024.8812320773
United States,US,USA,2010,NY.GDP.PCAP.CD,48642.6312088213
Australia,AU,AUS,2023,NY.GDP.PCAP.CD,65058.3773146674
Australia,AU,AUS,2022,NY.GDP.PCAP.CD,65169.5191118657
Australia,AU,AUS,2021,NY.GDP.PCAP.CD,60758.9044397144
Australia,AU,AUS,2020,NY.GDP.PCAP.CD,51983.4523666382
Australia,AU,AUS,2019,NY.GDP.PCAP.CD,55194.7585097428
Australia,AU,AUS,2018,NY.GDP.PCAP.CD,57410.1737346009
Australia,AU,AUS,2017,NY.GDP.PCAP.CD,54117.547718609
Australia,AU,AUS,2016,NY.GDP.PCAP.CD,50084.4440606385
Australia,AU,AUS,2015,NY.GDP.PCAP.CD,56970.3613028094
Australia,AU,AUS,2014,NY.GDP.PCAP.CD,62817.2061751737
Australia,AU,AUS,2013,NY.GDP.PCAP.CD,68476.6788496118
Australia,AU,AUS,2012,NY.GDP.PCAP.CD,68301.4402512587
Australia,AU,AUS,2011,NY.GDP.PCAP.CD,62799.3895017032
Australia,AU,AUS,2010,NY.GDP.PCAP.CD,52313.8939041213
Chile,CL,CHL,2023,NY.GDP.PCAP.CD,17081.5180740049
Chile,CL,CHL,2022,NY.GDP.PCAP.CD,15399.1044717559
Chile,CL,CHL,2021,NY.GDP.PCAP.CD,16216.1840860289
Chile,CL,CHL,2020,NY.GDP.PCAP.CD,13117.9930230086
Chile,CL,CHL,2019,NY.GDP.PCAP.CD,14496.9345640362
Chile,CL,CHL,2018,NY.GDP.PCAP.CD,15659.4808675628
Chile,CL,CHL,2017,NY.GDP.PCAP.CD,14879.9086227187
Chile,CL,CHL,2016,NY.GDP.PCAP.CD,13649.8520452803
Chile,CL,CHL,2015,NY.GDP.PCAP.CD,13433.9202987032
Chile,CL,CHL,2014,NY.GDP.PCAP.CD,14529.6767206336
Chile,CL,CHL,2013,NY.GDP.PCAP.CD,15683.5486369155
Chile,CL,CHL,2012,NY.GDP.PCAP.CD,15241.9069981119
Chile,CL,CHL,2011,NY.GDP.PCAP.CD,14487.3927832032
Chile,CL,CHL,2010,NY.GDP.PCAP.CD,12632.8704724192
Colombia,CO,COL,2023,NY.GDP.PCAP.CD,7012.49169137756
Colombia,CO,COL,2022,NY.GDP.PCAP.CD,6680.44506854481
Colombia,CO,COL,2021,NY.GDP.PCAP.CD,6222.62164397614
Colombia,CO,COL,2020,NY.GDP.PCAP.CD,5339.68711357943
Colombia,CO,COL,2019,NY.GDP.PCAP.CD,6472.54544924705
Colombia,CO,COL,2018,NY.GDP.PCAP.CD,6816.96818309544
Colombia,CO,COL,2017,NY.GDP.PCAP.CD,6479.53231292429
Colombia,CO,COL,2016,NY.GDP.PCAP.CD,5959.84250367574
Colombia,CO,COL,2015,NY.GDP.PCAP.CD,6248.51490534512
Colombia,CO,COL,2014,NY.GDP.PCAP.CD,8187.20824890084
Colombia,CO,COL,2013,NY.GDP.PCAP.CD,8279.10255642981
Colombia,CO,COL,2012,NY.GDP.PCAP.CD,8108.59838244229
Colombia,CO,COL,2011,NY.GDP.PCAP.CD,7400.9940695669
Colombia,CO,COL,2010,NY.GDP.PCAP.CD,6398.2958447102
"Egypt, Arab Rep.",EG,EGY,2023,NY.GDP.PCAP.CD,3456.78965212363
"Egypt, Arab Rep.",EG,EGY,2022,NY.GDP.PCAP.CD,4233.30783744856
"Egypt, Arab Rep.",EG,EGY,2021,NY.GDP.PCAP.CD,3827.35415374308
"Egypt, Arab Rep.",EG,EGY,2020,NY.GDP.PCAP.CD,3511.11381026379
"Egypt, Arab Rep.",EG,EGY,2019,NY.GDP.PCAP.CD,2962.98892023003
"Egypt, Arab Rep.",EG,EGY,2018,NY.GDP.PCAP.CD,2484.70315630508
"Egypt, Arab Rep.",EG,EGY,2017,NY.GDP.PCAP.CD,2395.10333299491
"Egypt, Arab Rep.",EG,EGY,2016,NY.GDP.PCAP.CD,3270.6287768197
"Egypt, Arab Rep.",EG,EGY,2015,NY.GDP.PCAP.CD,3306.98159414141
"Egypt, Arab Rep.",EG,EGY,2014,NY.GDP.PCAP.CD,3133.39102265541
"Egypt, Arab Rep.",EG,EGY,2013,NY.GDP.PCAP.CD,3025.52563552448
"Egypt, Arab Rep.",EG,EGY,2012,NY.GDP.PCAP.CD,2996.0677072015
"Egypt, Arab Rep.",EG,EGY,2011,NY.GDP.PCAP.CD,2590.64384891965
"Egypt, Arab Rep.",EG,EGY,2010,NY.GDP.PCAP.CD,2455.08194645282
Indonesia,ID,IDN,2023,NY.GDP.PCAP.CD,4876.2992959843
Indonesia,ID,IDN,2022,NY.GDP.PCAP.CD,4730.83484836107
Indonesia,ID,IDN,2021,NY.GDP.PCAP.CD,4287.17313995098
Indonesia,ID,IDN,2020,NY.GDP.PCAP.CD,3853.70288774146
Indonesia,ID,IDN,2019,NY.GDP.PCAP.CD,4106.94856160358
Indonesia,ID,IDN,2018,NY.GDP.PCAP.CD,3860.95353090726
Indonesia,ID,IDN,2017,NY.GDP.PCAP.CD,3798.88326174526
Indonesia,ID,IDN,2016,NY.GDP.PCAP.CD,3521.46943457574
Indonesia,ID,IDN,2015,NY.GDP.PCAP.CD,3288.22269725538
Indonesia,ID,IDN,2014,NY.GDP.PCAP.CD,3441.06808464008
Indonesia,ID,IDN,2013,NY.GDP.PCAP.CD,3566.60284506078
Indonesia,ID,IDN,2012,NY.GDP.PCAP.CD,3632.27254030331
Indonesia,ID,IDN,2011,NY.GDP.PCAP.CD,3579.46442466152
Indonesia,ID,IDN,2010,NY.GDP.PCAP.CD,3065.68348377765
India,IN,IND,2023,NY.GDP.PCAP.CD,2434.44826340989
India,IN,IND,2022,NY.GDP.PCAP.CD,2279.98145719369
India,IN,IND,2021,NY.GDP.PCAP.CD,2239.61384367482
India,IN,IND,2020,NY.GDP.PCAP.CD,1907.04251637669
India,IN,IND,2019,NY.GDP.PCAP.CD,2041.42863698585
India,IN,IND,2018,NY.GDP.PCAP.CD,1966.25455171679
India,IN,IND,2017,NY.GDP.PCAP.CD,1950.10468280866
India,IN,IND,2016,NY.GDP.PCAP.CD,1707.50892912243
India,IN,IND,2015,NY.GDP.PCAP.CD,1583.99815907985
India,IN,IND,2014,NY.GDP.PCAP.CD,1553.88396075118
India,IN,IND,2013,NY.GDP.PCAP.CD,1432.84397512195
India,IN,IND,2012,NY.GDP.PCAP.CD,1429.32199520032
India,IN,IND,2011,NY.GDP.PCAP.CD,1445.46127486037
India,IN,IND,2010,NY.GDP.PCAP.CD,1347.51939071367
"Korea, Rep.",KR,KOR,2023,NY.GDP.PCAP.CD,35674.095995632
"Korea, Rep.",KR,KOR,2022,NY.GDP.PCAP.CD,34822.4048404971
"Korea, Rep.",KR,KOR,2021,NY.GDP.PCAP.CD,37518.4635305697
"Korea, Rep.",KR,KOR,2020,NY.GDP.PCAP.CD,33645.7719545073
"Korea, Rep.",KR,KOR,2019,NY.GDP.PCAP.CD,33826.9443301597
"Korea, Rep.",KR,KOR,2018,NY.GDP.PCAP.CD,35363.9508228687
"Korea, Rep.",KR,KOR,2017,NY.GDP.PCAP.CD,33296.9845439195
"Korea, Rep.",KR,KOR,2016,NY.GDP.PCAP.CD,30832.0628072516
"Korea, Rep.",KR,KOR,2015,NY.GDP.PCAP.CD,30171.7906545222
"Korea, Rep.",KR,KOR,2014,NY.GDP.PCAP.CD,30667.0912467447
"Korea, Rep.",KR,KOR,2013,NY.GDP.PCAP.CD,28449.3591104972
"Korea, Rep.",KR,KOR,2012,NY.GDP.PCAP.CD,26600.5477433903
"Korea, Rep.",KR,KOR,2011,NY.GDP.PCAP.CD,26175.2398553363
"Korea, Rep.",KR,KOR,2010,NY.GDP.PCAP.CD,24071.2620526362
Nigeria,NG,NGA,2023,NY.GDP.PCAP.CD,2138.76383718757
Nigeria,NG,NGA,2022,NY.GDP.PCAP.CD,2899.16047469267
Nigeria,NG,NGA,2021,NY.GDP.PCAP.CD,2787.48779220991
Nigeria,NG,NGA,2020,NY.GDP.PCAP.CD,2797.184580679
Nigeria,NG,NGA,2019,NY.GDP.PCAP.CD,3189.81286496183
Nigeria,NG,NGA,2018,NY.GDP.PCAP.CD,2057.87944554011
Nigeria,NG,NGA,2017,NY.GDP.PCAP.CD,1876.34027111773
Nigeria,NG,NGA,2016,NY.GDP.PCAP.CD,2070.4127339595
Nigeria,NG,NGA,2015,NY.GDP.PCAP.CD,2585.73360671797
Nigeria,NG,NGA,2014,NY.GDP.PCAP.CD,3088.72131316169
Nigeria,NG,NGA,2013,NY.GDP.PCAP.CD,2872.79083379398
Nigeria,NG,NGA,2012,NY.GDP.PCAP.CD,2633.19734671361
Nigeria,NG,NGA,2011,NY.GDP.PCAP.CD,2418.41316975875
Nigeria,NG,NGA,2010,NY.GDP.PCAP.CD,2202.25672957344
Russian Federation,RU,RUS,2023,NY.GDP.PCAP.CD,13986.9951171875
Russian Federation,RU,RUS,2022,NY.GDP.PCAP.CD,15625.6328125
Russian Federation,RU,RUS,2021,NY.GDP.PCAP.CD,12425.029296875
Russian Federation,RU,RUS,2020,NY.GDP.PCAP.CD,10108.3271484375
Russian Federation,RU,RUS,2019,NY.GDP.PCAP.CD,11447.701171875
Russian Federation,RU,RUS,2018,NY.GDP.PCAP.CD,11211.8876953125
Russian Federation,RU,RUS,2017,NY.GDP.PCAP.CD,10658.9130859375
Russian Federation,RU,RUS,2016,NY.GDP.PCAP.CD,8663.158203125
Russian Federation,RU,RUS,2015,NY.GDP.PCAP.CD,9277.7138671875
Russian Federation,RU,RUS,2014,NY.GDP.PCAP.CD,14055.47265625
Russian Federation,RU,RUS,2013,NY.GDP.PCAP.CD,15941.4482421875
Russian Federation,RU,RUS,2012,NY.GDP.PCAP.CD,15401.8515625
Russian Federation,RU,RUS,2011,NY.GDP.PCAP.CD,14305.33203125
Russian Federation,RU,RUS,2010,NY.GDP.PCAP.CD,10674.990234375
Saudi Arabia,SA,SAU,2023,NY.GDP.PCAP.CD,36156.8562500172
Saudi Arabia,SA,SAU,2022,NY.GDP.PCAP.CD,38510.2276211037
Saudi Arabia,SA,SAU,2021,NY.GDP.PCAP.CD,31920.7653655643
Saudi Arabia,SA,SAU,2020,NY.GDP.PCAP.CD,24338.8307301067
Saudi Arabia,SA,SAU,2019,NY.GDP.PCAP.CD,29566.7933827436
Saudi Arabia,SA,SAU,2018,NY.GDP.PCAP.CD,29360.0658968566
Saudi Arabia,SA,SAU,2017,NY.GDP.PCAP.CD,23929.2907135982
Saudi Arabia,SA,SAU,2016,NY.GDP.PCAP.CD,22267.7217050387
Saudi Arabia,SA,SAU,2015,NY.GDP.PCAP.CD,23256.1549553531
Saudi Arabia,SA,SAU,2014,NY.GDP.PCAP.CD,27805.4850319422
Saudi Arabia,SA,SAU,2013,NY.GDP.PCAP.CD,27865.465604962
Saudi Arabia,SA,SAU,2012,NY.GDP.PCAP.CD,28733.4375513452
Saudi Arabia,SA,SAU,2011,NY.GDP.PCAP.CD,27126.7498747702
Saudi Arabia,SA,SAU,2010,NY.GDP.PCAP.CD,22028.3901426586
Singapore,SG,SGP,2023,NY.GDP.PCAP.CD,86382.5900499252
Singapore,SG,SGP,2022,NY.GDP.PCAP.CD,91227.6970426492
Singapore,SG,SGP,2021,NY.GDP.PCAP.CD,80884.8565369236
Singapore,SG,SGP,2020,NY.GDP.PCAP.CD,61772.5036492256
Singapore,SG,SGP,2019,NY.GDP.PCAP.CD,66068.7003106378
Singapore,SG,SGP,2018,NY.GDP.PCAP.CD,67032.8225769734
Singapore,SG,SGP,2017,NY.GDP.PCAP.CD,61436.1325502558
Singapore,SG,SGP,2016,NY.GDP.PCAP.CD,57204.0340105222
Singapore,SG,SGP,2015,NY.GDP.PCAP.CD,55645.6068614606
Singapore,SG,SGP,2014,NY.GDP.PCAP.CD,57564.8023114977
Singapore,SG,SGP,2013,NY.GDP.PCAP.CD,56967.4257940383
Singapore,SG,SGP,2012,NY.GDP.PCAP.CD,55547.5553077786
Singapore,SG,SGP,2011,NY.GDP.PCAP.CD,53891.4570264372
Singapore,SG,SGP,2010,NY.GDP.PCAP.CD,47236.683084953
Turkiye,TR,TUR,2023,NY.GDP.PCAP.CD,13375.0947282864
Turkiye,TR,TUR,2022,NY.GDP.PCAP.CD,10897.8397861365
Turkiye,TR,TUR,2021,NY.GDP.PCAP.CD,9981.76398411336
Turkiye,TR,TUR,2020,NY.GDP.PCAP.CD,8798.11791709313
Turkiye,TR,TUR,2019,NY.GDP.PCAP.CD,9395.23378001368
Turkiye,TR,TUR,2018,NY.GDP.PCAP.CD,9684.11819884721
Turkiye,TR,TUR,2017,NY.GDP.PCAP.CD,10756.3877677883
Turkiye,TR,TUR,2016,NY.GDP.PCAP.CD,10984.3643169061
Turkiye,TR,TUR,2015,NY.GDP.PCAP.CD,11064.6494504662
Turkiye,TR,TUR,2014,NY.GDP.PCAP.CD,12209.3862327674
Turkiye,TR,TUR,2013,NY.GDP.PCAP.CD,12635.5570016068
Turkiye,TR,TUR,2012,NY.GDP.PCAP.CD,11776.7593362033
Turkiye,TR,TUR,2011,NY.GDP.PCAP.CD,11373.6355760885
Turkiye,TR,TUR,2010,NY.GDP.PCAP.CD,10698.9699409757
Viet Nam,VN,VNM,2023,NY.GDP.PCAP.CD,4322.82572261566
Viet Nam,VN,VNM,2022,NY.GDP.PCAP.CD,4147.69777213621
Viet Nam,VN,VNM,2021,NY.GDP.PCAP.CD,3704.1935590038
Viet Nam,VN,VNM,2020,NY.GDP.PCAP.CD,3534.03953482647
Viet Nam,VN,VNM,2019,NY.GDP.PCAP.CD,3440.90025375434
Viet Nam,VN,VNM,2018,NY.GDP.PCAP.CD,3222.31003125366
Viet Nam,VN,VNM,2017,NY.GDP.PCAP.CD,2956.10992127753
Viet Nam,VN,VNM,2016,NY.GDP.PCAP.CD,2735.0604380416
Viet Nam,VN,VNM,2015,NY.GDP.PCAP.CD,2577.56885340113
Viet Nam,VN,VNM,2014,NY.GDP.PCAP.CD,2546.38464459903
Viet Nam,VN,VNM,2013,NY.GDP.PCAP.CD,2359.51736472828
Viet Nam,VN,VNM,2012,NY.GDP.PCAP.CD,2185.11767654291
Viet Nam,VN,VNM,2011,NY.GDP.PCAP.CD,1950.92504174913
Viet Nam,VN,VNM,2010,NY.GDP.PCAP.CD,1683.16182443979
South Africa,ZA,ZAF,2023,NY.GDP.PCAP.CD,6034.27208964673
South Africa,ZA,ZAF,2022,NY.GDP.PCAP.CD,6534.24867783397
South Africa,ZA,ZAF,2021,NY.GDP.PCAP.CD,6828.75624590017
South Africa,ZA,ZAF,2020,NY.GDP.PCAP.CD,5580.60383075189
South Africa,ZA,ZAF,2019,NY.GDP.PCAP.CD,6533.71121032856
South Africa,ZA,ZAF,2018,NY.GDP.PCAP.CD,6914.1780318076
South Africa,ZA,ZAF,2017,NY.GDP.PCAP.CD,6618.33508255701
South Africa,ZA,ZAF,2016,NY.GDP.PCAP.CD,5651.20585165749
South Africa,ZA,ZAF,2015,NY.GDP.PCAP.CD,6112.27382485974
South Africa,ZA,ZAF,2014,NY.GDP.PCAP.CD,6856.73137092522
South Africa,ZA,ZAF,2013,NY.GDP.PCAP.CD,7331.65467384919
South Africa,ZA,ZAF,2012,NY.GDP.PCAP.CD,8076.97678479741
South Africa,ZA,ZAF,2011,NY.GDP.PCAP.CD,8646.05571071635
South Africa,ZA,ZAF,2010,NY.GDP.PCAP.CD,7973.47195771517
