country,iso2,iso3,year,indicator_code,value
Argentina,AR,ARG,2023,SL.UEM.TOTL.ZS,6.139
Argentina,AR,ARG,2022,SL.UEM.TOTL.ZS,6.805
Argentina,AR,ARG,2021,SL.UEM.TOTL.ZS,8.736
Argentina,AR,ARG,2020,SL.UEM.TOTL.ZS,11.461
Argentina,AR,ARG,2019,SL.UEM.TOTL.ZS,9.843
Argentina,AR,ARG,2018,SL.UEM.TOTL.ZS,9.22
Argentina,AR,ARG,2017,SL.UEM.TOTL.ZS,8.347
Argentina,AR,ARG,2016,SL.UEM.TOTL.ZS,8.088
Argentina,AR,ARG,2015,SL.UEM.TOTL.ZS,7.577
Argentina,AR,ARG,2014,SL.UEM.TOTL.ZS,7.268
Argentina,AR,ARG,2013,SL.UEM.TOTL.ZS,7.1
Argentina,AR,ARG,2012,SL.UEM.TOTL.ZS,7.217
Argentina,AR,ARG,2011,SL.UEM.TOTL.ZS,7.18
Argentina,AR,ARG,2010,SL.UEM.TOTL.ZS,7.714
Brazil,BR,BRA,2023,SL.UEM.TOTL.ZS,7.947
Brazil,BR,BRA,2022,SL.UEM.TOTL.ZS,9.231
Brazil,BR,BRA,2021,SL.UEM.TOTL.ZS,13.158
Brazil,BR,BRA,2020,SL.UEM.TOTL.ZS,13.697
Brazil,BR,BRA,2019,SL.UEM.TOTL.ZS,11.936
Brazil,BR,BRA,2018,SL.UEM.TOTL.ZS,12.329
Brazil,BR,BRA,2017,SL.UEM.TOTL.ZS,12.792
Brazil,BR,BRA,2016,SL.UEM.TOTL.ZS,11.58
Brazil,BR,BRA,2015,SL.UEM.TOTL.ZS,8.538
Brazil,BR,BRA,2014,SL.UEM.TOTL.ZS,6.755
Brazil,BR,BRA,2013,SL.UEM.TOTL.ZS,7.071
Brazil,BR,BRA,2012,SL.UEM.TOTL.ZS,7.251
Brazil,BR,BRA,2011,SL.UEM.TOTL.ZS,7.578
Brazil,BR,BRA,2010,SL.UEM.TOTL.ZS,8.42
Canada,CA,CAN,2023,SL.UEM.TOTL.ZS,5.415
Canada,CA,CAN,2022,SL.UEM.TOTL.ZS,5.279
Canada,CA,CAN,2021,SL.UEM.TOTL.ZS,7.527
Canada,CA,CAN,2020,SL.UEM.TOTL.ZS,9.657
Canada,CA,CAN,2019,SL.UEM.TOTL.ZS,5.69
Canada,CA,CAN,2018,SL.UEM.TOTL.ZS,5.837
Canada,CA,CAN,2017,SL.UEM.TOTL.ZS,6.426
Canada,CA,CAN,2016,SL.UEM.TOTL.ZS,7.038
Canada,CA,CAN,2015,SL.UEM.TOTL.ZS,6.945
Canada,CA,CAN,2014,SL.UEM.TOTL.ZS,7.023
Canada,CA,CAN,2013,SL.UEM.TOTL.ZS,7.143
Canada,CA,CAN,2012,SL.UEM.TOTL.ZS,7.392
Canada,CA,CAN,2011,SL.UEM.TOTL.ZS,7.637
Canada,CA,CAN,2010,SL.UEM.TOTL.ZS,8.178
China,CN,CHN,2023,SL.UEM.TOTL.ZS,4.67
China,CN,CHN,2022,SL.UEM.TOTL.ZS,4.98
China,CN,CHN,2021,SL.UEM.TOTL.ZS,4.55
China,CN,CHN,2020,SL.UEM.TOTL.ZS,5
China,CN,CHN,2019,SL.UEM.TOTL.ZS,4.56
China,CN,CHN,2018,SL.UEM.TOTL.ZS,4.31
China,CN,CHN,2017,SL.UEM.TOTL.ZS,4.47
China,CN,CHN,2016,SL.UEM.TOTL.ZS,4.56
China,CN,CHN,2015,SL.UEM.TOTL.ZS,4.65
China,CN,CHN,2014,SL.UEM.TOTL.ZS,4.63
China,CN,CHN,2013,SL.UEM.TOTL.ZS,4.6
China,CN,CHN,2012,SL.UEM.TOTL.ZS,4.58
China,CN,CHN,2011,SL.UEM.TOTL.ZS,4.55
China,CN,CHN,2010,SL.UEM.TOTL.ZS,4.53
Germany,DE,DEU,2023,SL.UEM.TOTL.ZS,3.071
Germany,DE,DEU,2022,SL.UEM.TOTL.ZS,3.137
Germany,DE,DEU,2021,SL.UEM.TOTL.ZS,3.594
Germany,DE,DEU,2020,SL.UEM.TOTL.ZS,3.881
Germany,DE,DEU,2019,SL.UEM.TOTL.ZS,3.163
Germany,DE,DEU,2018,SL.UEM.TOTL.ZS,3.384
Germany,DE,DEU,2017,SL.UEM.TOTL.ZS,3.781
Germany,DE,DEU,2016,SL.UEM.TOTL.ZS,4.104
Germany,DE,DEU,2015,SL.UEM.TOTL.ZS,4.612
Germany,DE,DEU,2014,SL.UEM.TOTL.ZS,4.979
Germany,DE,DEU,2013,SL.UEM.TOTL.ZS,5.316
Germany,DE,DEU,2012,SL.UEM.TOTL.ZS,5.372
Germany,DE,DEU,2011,SL.UEM.TOTL.ZS,5.967
Germany,DE,DEU,2010,SL.UEM.TOTL.ZS,7.043
Spain,ES,ESP,2023,SL.UEM.TOTL.ZS,12.179
Spain,ES,ESP,2022,SL.UEM.TOTL.ZS,13.033
Spain,ES,ESP,2021,SL.UEM.TOTL.ZS,14.914
Spain,ES,ESP,2020,SL.UEM.TOTL.ZS,15.532
Spain,ES,ESP,2019,SL.UEM.TOTL.ZS,14.104
Spain,ES,ESP,2018,SL.UEM.TOTL.ZS,15.255
Spain,ES,ESP,2017,SL.UEM.TOTL.ZS,17.224
Spain,ES,ESP,2016,SL.UEM.TOTL.ZS,19.635
Spain,ES,ESP,2015,SL.UEM.TOTL.ZS,22.057
Spain,ES,ESP,2014,SL.UEM.TOTL.ZS,24.441
Spain,ES,ESP,2013,SL.UEM.TOTL.ZS,26.094
Spain,ES,ESP,2012,SL.UEM.TOTL.ZS,24.789
Spain,ES,ESP,2011,SL.UEM.TOTL.ZS,21.39
Spain,ES,ESP,2010,SL.UEM.TOTL.ZS,19.86
France,FR,FRA,2023,SL.UEM.TOTL.ZS,7.335
France,FR,FRA,2022,SL.UEM.TOTL.ZS,7.303
France,FR,FRA,2021,SL.UEM.TOTL.ZS,7.871
France,FR,FRA,2020,SL.UEM.TOTL.ZS,8.009
France,FR,FRA,2019,SL.UEM.TOTL.ZS,8.415
France,FR,FRA,2018,SL.UEM.TOTL.ZS,9.018
France,FR,FRA,2017,SL.UEM.TOTL.ZS,9.409
France,FR,FRA,2016,SL.UEM.TOTL.ZS,10.057
France,FR,FRA,2015,SL.UEM.TOTL.ZS,10.354
France,FR,FRA,2014,SL.UEM.TOTL.ZS,10.273
France,FR,FRA,2013,SL.UEM.TOTL.ZS,9.913
France,FR,FRA,2012,SL.UEM.TOTL.ZS,9.841
France,FR,FRA,2011,SL.UEM.TOTL.ZS,9.228
France,FR,FRA,2010,SL.UEM.TOTL.ZS,9.279
United Kingdom,GB,GBR,2023,SL.UEM.TOTL.ZS,4.025
United Kingdom,GB,GBR,2022,SL.UEM.TOTL.ZS,3.768
United Kingdom,GB,GBR,2021,SL.UEM.TOTL.ZS,4.864
United Kingdom,GB,GBR,2020,SL.UEM.TOTL.ZS,4.472
United Kingdom,GB,GBR,2019,SL.UEM.TOTL.ZS,3.657
United Kingdom,GB,GBR,2018,SL.UEM.TOTL.ZS,4.145
United Kingdom,GB,GBR,2017,SL.UEM.TOTL.ZS,4.501
United Kingdom,GB,GBR,2016,SL.UEM.TOTL.ZS,4.909
United Kingdom,GB,GBR,2015,SL.UEM.TOTL.ZS,5.552
United Kingdom,GB,GBR,2014,SL.UEM.TOTL.ZS,6.398
United Kingdom,GB,GBR,2013,SL.UEM.TOTL.ZS,7.752
United Kingdom,GB,GBR,2012,SL.UEM.TOTL.ZS,8.279
United Kingdom,GB,GBR,2011,SL.UEM.TOTL.ZS,8.195
United Kingdom,GB,GBR,2010,SL.UEM.TOTL.ZS,7.973
Italy,IT,ITA,2023,SL.UEM.TOTL.ZS,7.627
Italy,IT,ITA,2022,SL.UEM.TOTL.ZS,8.069
Italy,IT,ITA,2021,SL.UEM.TOTL.ZS,9.497
Italy,IT,ITA,2020,SL.UEM.TOTL.ZS,9.192
Italy,IT,ITA,2019,SL.UEM.TOTL.ZS,9.884
Italy,IT,ITA,2018,SL.UEM.TOTL.ZS,10.538
Italy,IT,ITA,2017,SL.UEM.TOTL.ZS,11.211
Italy,IT,ITA,2016,SL.UEM.TOTL.ZS,11.688
Italy,IT,ITA,2015,SL.UEM.TOTL.ZS,11.896
Italy,IT,ITA,2014,SL.UEM.TOTL.ZS,12.683
Italy,IT,ITA,2013,SL.UEM.TOTL.ZS,12.149
Italy,IT,ITA,2012,SL.UEM.TOTL.ZS,10.655
Italy,IT,ITA,2011,SL.UEM.TOTL.ZS,8.359
Italy,IT,ITA,2010,SL.UEM.TOTL.ZS,8.363
Japan,JP,JPN,2023,SL.UEM.TOTL.ZS,2.6
Japan,JP,JPN,2022,SL.UEM.TOTL.ZS,2.614
Japan,JP,JPN,2021,SL.UEM.TOTL.ZS,2.808
Japan,JP,JPN,2020,SL.UEM.TOTL.ZS,2.809
Japan,JP,JPN,2019,SL.UEM.TOTL.ZS,2.351
Japan,JP,JPN,2018,SL.UEM.TOTL.ZS,2.467
Japan,JP,JPN,2017,SL.UEM.TOTL.ZS,2.822
Japan,JP,JPN,2016,SL.UEM.TOTL.ZS,3.132
Japan,JP,JPN,2015,SL.UEM.TOTL.ZS,3.385
Japan,JP,JPN,2014,SL.UEM.TOTL.ZS,3.589
Japan,JP,JPN,2013,SL.UEM.TOTL.ZS,4.038
Japan,JP,JPN,2012,SL.UEM.TOTL.ZS,4.358
Japan,JP,JPN,2011,SL.UEM.TOTL.ZS,4.55
Japan,JP,JPN,2010,SL.UEM.TOTL.ZS,5.102
Mexico,MX,MEX,2023,SL.UEM.TOTL.ZS,2.765
Mexico,MX,MEX,2022,SL.UEM.TOTL.ZS,3.256
Mexico,MX,MEX,2021,SL.UEM.TOTL.ZS,4.019
Mexico,MX,MEX,2020,SL.UEM.TOTL.ZS,4.44
Mexico,MX,MEX,2019,SL.UEM.TOTL.ZS,3.477
Mexico,MX,MEX,2018,SL.UEM.TOTL.ZS,3.275
Mexico,MX,MEX,2017,SL.UEM.TOTL.ZS,3.419
Mexico,MX,MEX,2016,SL.UEM.TOTL.ZS,3.853
Mexico,MX,MEX,2015,SL.UEM.TOTL.ZS,4.311
Mexico,MX,MEX,2014,SL.UEM.TOTL.ZS,4.819
Mexico,MX,MEX,2013,SL.UEM.TOTL.ZS,4.921
Mexico,MX,MEX,2012,SL.UEM.TOTL.ZS,4.892
Mexico,MX,MEX,2011,SL.UEM.TOTL.ZS,5.175
Mexico,MX,MEX,2010,SL.UEM.TOTL.ZS,5.303
Netherlands,NL,NLD,2023,SL.UEM.TOTL.ZS,3.535
Netherlands,NL,NLD,2022,SL.UEM.TOTL.ZS,3.526
Netherlands,NL,NLD,2021,SL.UEM.TOTL.ZS,4.209
Netherlands,NL,NLD,2020,SL.UEM.TOTL.ZS,3.82
Netherlands,NL,NLD,2019,SL.UEM.TOTL.ZS,3.379
Netherlands,NL,NLD,2018,SL.UEM.TOTL.ZS,3.832
Netherlands,NL,NLD,2017,SL.UEM.TOTL.ZS,4.837
Netherlands,NL,NLD,2016,SL.UEM.TOTL.ZS,6.007
Netherlands,NL,NLD,2015,SL.UEM.TOTL.ZS,6.872
Netherlands,NL,NLD,2014,SL.UEM.TOTL.ZS,7.419
Netherlands,NL,NLD,2013,SL.UEM.TOTL.ZS,7.241
Netherlands,NL,NLD,2012,SL.UEM.TOTL.ZS,5.821
Netherlands,NL,NLD,2011,SL.UEM.TOTL.ZS,4.977
Netherlands,NL,NLD,2010,SL.UEM.TOTL.ZS,4.991
Poland,PL,POL,2023,SL.UEM.TOTL.ZS,2.743
Poland,PL,POL,2022,SL.UEM.TOTL.ZS,2.811
Poland,PL,POL,2021,SL.UEM.TOTL.ZS,3.268
Poland,PL,POL,2020,SL.UEM.TOTL.ZS,3.155
Poland,PL,POL,2019,SL.UEM.TOTL.ZS,3.267
Poland,PL,POL,2018,SL.UEM.TOTL.ZS,3.835
Poland,PL,POL,2017,SL.UEM.TOTL.ZS,4.867
Poland,PL,POL,2016,SL.UEM.TOTL.ZS,6.141
Poland,PL,POL,2015,SL.UEM.TOTL.ZS,7.475
Poland,PL,POL,2014,SL.UEM.TOTL.ZS,8.971
Poland,PL,POL,2013,SL.UEM.TOTL.ZS,10.293
Poland,PL,POL,2012,SL.UEM.TOTL.ZS,10.031
Poland,PL,POL,2011,SL.UEM.TOTL.ZS,9.576
Poland,PL,POL,2010,SL.UEM.TOTL.ZS,9.578
Sweden,SE,SWE,2023,SL.UEM.TOTL.ZS,7.611
Sweden,SE,SWE,2022,SL.UEM.TOTL.ZS,7.417
Sweden,SE,SWE,2021,SL.UEM.TOTL.ZS,8.803
Sweden,SE,SWE,2020,SL.UEM.TOTL.ZS,8.291
Sweden,SE,SWE,2019,SL.UEM.TOTL.ZS,6.833
Sweden,SE,SWE,2018,SL.UEM.TOTL.ZS,6.365
Sweden,SE,SWE,2017,SL.UEM.TOTL.ZS,6.718
Sweden,SE,SWE,2016,SL.UEM.TOTL.ZS,6.99
Sweden,SE,SWE,2015,SL.UEM.TOTL.ZS,7.432
Sweden,SE,SWE,2014,SL.UEM.TOTL.ZS,7.954
Sweden,SE,SWE,2013,SL.UEM.TOTL.ZS,8.052
Sweden,SE,SWE,2012,SL.UEM.TOTL.ZS,7.976
Sweden,SE,SWE,2011,SL.UEM.TOTL.ZS,7.804
Sweden,SE,SWE,2010,SL.UEM.TOTL.ZS,8.61
United States,US,USA,2023,SL.UEM.TOTL.ZS,3.638
United States,US,USA,2022,SL.UEM.TOTL.ZS,3.65
United States,US,USA,2021,SL.UEM.TOTL.ZS,5.349
United States,US,USA,2020,SL.UEM.TOTL.ZS,8.055
United States,US,USA,2019,SL.UEM.TOTL.ZS,3.669
United States,US,USA,2018,SL.UEM.TOTL.ZS,3.896
United States,US,USA,2017,SL.UEM.TOTL.ZS,4.355
United States,US,USA,2016,SL.UEM.TOTL.ZS,4.869
United States,US,USA,2015,SL.UEM.TOTL.ZS,5.28
United States,US,USA,2014,SL.UEM.TOTL.ZS,6.168
United States,US,USA,2013,SL.UEM.TOTL.ZS,7.375
United States,US,USA,2012,SL.UEM.TOTL.ZS,8.069
United States,US,USA,2011,SL.UEM.TOTL.ZS,8.949
United States,US,USA,2010,SL.UEM.TOTL.ZS,9.633
Australia,AU,AUS,2023,SL.UEM.TOTL.ZS,3.668
Australia,AU,AUS,2022,SL.UEM.TOTL.ZS,3.728
Australia,AU,AUS,2021,SL.UEM.TOTL.ZS,5.022
Australia,AU,AUS,2020,SL.UEM.TOTL.ZS,6.394
Australia,AU,AUS,2019,SL.UEM.TOTL.ZS,5.143
Australia,AU,AUS,2018,SL.UEM.TOTL.ZS,5.345
Australia,AU,AUS,2017,SL.UEM.TOTL.ZS,5.592
Australia,AU,AUS,2016,SL.UEM.TOTL.ZS,5.711
Australia,AU,AUS,2015,SL.UEM.TOTL.ZS,6.055
Australia,AU,AUS,2014,SL.UEM.TOTL.ZS,6.078
Australia,AU,AUS,2013,SL.UEM.TOTL.ZS,5.663
Australia,AU,AUS,2012,SL.UEM.TOTL.ZS,5.225
Australia,AU,AUS,2011,SL.UEM.TOTL.ZS,5.083
Australia,AU,AUS,2010,SL.UEM.TOTL.ZS,5.214
Chile,CL,CHL,2023,SL.UEM.TOTL.ZS,9.013
Chile,CL,CHL,2022,SL.UEM.TOTL.ZS,8.249
Chile,CL,CHL,2021,SL.UEM.TOTL.ZS,9.281
Chile,CL,CHL,2020,SL.UEM.TOTL.ZS,10.934
Chile,CL,CHL,2019,SL.UEM.TOTL.ZS,7.493
Chile,CL,CHL,2018,SL.UEM.TOTL.ZS,7.623
Chile,CL,CHL,2017,SL.UEM.TOTL.ZS,7.257
Chile,CL,CHL,2016,SL.UEM.TOTL.ZS,6.926
Chile,CL,CHL,2015,SL.UEM.TOTL.ZS,6.605
Chile,CL,CHL,2014,SL.UEM.TOTL.ZS,6.761
Chile,CL,CHL,2013,SL.UEM.TOTL.ZS,6.361
Chile,CL,CHL,2012,SL.UEM.TOTL.ZS,6.79
Chile,CL,CHL,2011,SL.UEM.TOTL.ZS,7.492
Chile,CL,CHL,2010,SL.UEM.TOTL.ZS,8.547
Colombia,CO,COL,2023,SL.UEM.TOTL.ZS,9.591
Colombia,CO,COL,2022,SL.UEM.TOTL.ZS,10.541
Colombia,CO,COL,2021,SL.UEM.TOTL.ZS,13.898
Colombia,CO,COL,2020,SL.UEM.TOTL.ZS,15.983
Colombia,CO,COL,2019,SL.UEM.TOTL.ZS,10.28
Colombia,CO,COL,2018,SL.UEM.TOTL.ZS,9.36
Colombia,CO,COL,2017,SL.UEM.TOTL.ZS,9.086
Colombia,CO,COL,2016,SL.UEM.TOTL.ZS,8.922
Colombia,CO,COL,2015,SL.UEM.TOTL.ZS,8.572
Colombia,CO,COL,2014,SL.UEM.TOTL.ZS,8.799
Colombia,CO,COL,2013,SL.UEM.TOTL.ZS,9.246
Colombia,CO,COL,2012,SL.UEM.TOTL.ZS,9.959
Colombia,CO,COL,2011,SL.UEM.TOTL.ZS,10.288
Colombia,CO,COL,2010,SL.UEM.TOTL.ZS,11.153
"Egypt, Arab Rep.",EG,EGY,2023,SL.UEM.TOTL.ZS,6.753
"Egypt, Arab Rep.",EG,EGY,2022,SL.UEM.TOTL.ZS,6.546
"Egypt, Arab Rep.",EG,EGY,2021,SL.UEM.TOTL.ZS,7.441
"Egypt, Arab Rep.",EG,EGY,2020,SL.UEM.TOTL.ZS,7.974
"Egypt, Arab Rep.",EG,EGY,2019,SL.UEM.TOTL.ZS,7.851
"Egypt, Arab Rep.",EG,EGY,2018,SL.UEM.TOTL.ZS,9.855
"Egypt, Arab Rep.",EG,EGY,2017,SL.UEM.TOTL.ZS,11.767
"Egypt, Arab Rep.",EG,EGY,2016,SL.UEM.TOTL.ZS,12.45
"Egypt, Arab Rep.",EG,EGY,2015,SL.UEM.TOTL.ZS,13.052
"Egypt, Arab Rep.",EG,EGY,2014,SL.UEM.TOTL.ZS,13.105
"Egypt, Arab Rep.",EG,EGY,2013,SL.UEM.TOTL.ZS,13.154
"Egypt, Arab Rep.",EG,EGY,2012,SL.UEM.TOTL.ZS,12.597
"Egypt, Arab Rep.",EG,EGY,2011,SL.UEM.TOTL.ZS,11.849
"Egypt, Arab Rep.",EG,EGY,2010,SL.UEM.TOTL.ZS,8.757
Indonesia,ID,IDN,2023,SL.UEM.TOTL.ZS,3.308
Indonesia,ID,IDN,2022,SL.UEM.TOTL.ZS,3.462
Indonesia,ID,IDN,2021,SL.UEM.TOTL.ZS,3.827
Indonesia,ID,IDN,2020,SL.UEM.TOTL.ZS,4.255
Indonesia,ID,IDN,2019,SL.UEM.TOTL.ZS,3.59
Indonesia,ID,IDN,2018,SL.UEM.TOTL.ZS,4.387
Indonesia,ID,IDN,2017,SL.UEM.TOTL.ZS,3.783
Indonesia,ID,IDN,2016,SL.UEM.TOTL.ZS,4.301
Indonesia,ID,IDN,2015,SL.UEM.TOTL.ZS,4.514
Indonesia,ID,IDN,2014,SL.UEM.TOTL.ZS,4.049
Indonesia,ID,IDN,2013,SL.UEM.TOTL.ZS,4.336
Indonesia,ID,IDN,2012,SL.UEM.TOTL.ZS,4.468
Indonesia,ID,IDN,2011,SL.UEM.TOTL.ZS,5.153
Indonesia,ID,IDN,2010,SL.UEM.TOTL.ZS,5.614
India,IN,IND,2023,SL.UEM.TOTL.ZS,4.172
India,IN,IND,2022,SL.UEM.TOTL.ZS,4.822
India,IN,IND,2021,SL.UEM.TOTL.ZS,6.38
India,IN,IND,2020,SL.UEM.TOTL.ZS,7.859
India,IN,IND,2019,SL.UEM.TOTL.ZS,6.51
India,IN,IND,2018,SL.UEM.TOTL.ZS,7.652
India,IN,IND,2017,SL.UEM.TOTL.ZS,7.626
India,IN,IND,2016,SL.UEM.TOTL.ZS,7.611
India,IN,IND,2015,SL.UEM.TOTL.ZS,7.629
India,IN,IND,2014,SL.UEM.TOTL.ZS,7.656
India,IN,IND,2013,SL.UEM.TOTL.ZS,7.678
India,IN,IND,2012,SL.UEM.TOTL.ZS,7.645
India,IN,IND,2011,SL.UEM.TOTL.ZS,7.609
India,IN,IND,2010,SL.UEM.TOTL.ZS,7.631
"Korea, Rep.",KR,KOR,2023,SL.UEM.TOTL.ZS,2.675
"Korea, Rep.",KR,KOR,2022,SL.UEM.TOTL.ZS,2.857
"Korea, Rep.",KR,KOR,2021,SL.UEM.TOTL.ZS,3.639
"Korea, Rep.",KR,KOR,2020,SL.UEM.TOTL.ZS,3.931
"Korea, Rep.",KR,KOR,2019,SL.UEM.TOTL.ZS,3.746
"Korea, Rep.",KR,KOR,2018,SL.UEM.TOTL.ZS,3.824
"Korea, Rep.",KR,KOR,2017,SL.UEM.TOTL.ZS,3.653
"Korea, Rep.",KR,KOR,2016,SL.UEM.TOTL.ZS,3.65
"Korea, Rep.",KR,KOR,2015,SL.UEM.TOTL.ZS,3.546
"Korea, Rep.",KR,KOR,2014,SL.UEM.TOTL.ZS,3.082
"Korea, Rep.",KR,KOR,2013,SL.UEM.TOTL.ZS,3.067
"Korea, Rep.",KR,KOR,2012,SL.UEM.TOTL.ZS,2.812
"Korea, Rep.",KR,KOR,2011,SL.UEM.TOTL.ZS,2.992
"Korea, Rep.",KR,KOR,2010,SL.UEM.TOTL.ZS,3.324
Nigeria,NG,NGA,2023,SL.UEM.TOTL.ZS,3.074
Nigeria,NG,NGA,2022,SL.UEM.TOTL.ZS,3.827
Nigeria,NG,NGA,2021,SL.UEM.TOTL.ZS,5.404
Nigeria,NG,NGA,2020,SL.UEM.TOTL.ZS,5.714
Nigeria,NG,NGA,2019,SL.UEM.TOTL.ZS,5.206
Nigeria,NG,NGA,2018,SL.UEM.TOTL.ZS,5.069
Nigeria,NG,NGA,2017,SL.UEM.TOTL.ZS,4.83
Nigeria,NG,NGA,2016,SL.UEM.TOTL.ZS,4.499
Nigeria,NG,NGA,2015,SL.UEM.TOTL.ZS,4.134
Nigeria,NG,NGA,2014,SL.UEM.TOTL.ZS,3.9
Nigeria,NG,NGA,2013,SL.UEM.TOTL.ZS,3.711
Nigeria,NG,NGA,2012,SL.UEM.TOTL.ZS,3.761
Nigeria,NG,NGA,2011,SL.UEM.TOTL.ZS,3.77
Nigeria,NG,NGA,2010,SL.UEM.TOTL.ZS,3.744
Russian Federation,RU,RUS,2023,SL.UEM.TOTL.ZS,3.076
Russian Federation,RU,RUS,2022,SL.UEM.TOTL.ZS,3.867
Russian Federation,RU,RUS,2021,SL.UEM.TOTL.ZS,4.749
Russian Federation,RU,RUS,2020,SL.UEM.TOTL.ZS,5.62
Russian Federation,RU,RUS,2019,SL.UEM.TOTL.ZS,4.513
Russian Federation,RU,RUS,2018,SL.UEM.TOTL.ZS,4.871
Russian Federation,RU,RUS,2017,SL.UEM.TOTL.ZS,5.238
Russian Federation,RU,RUS,2016,SL.UEM.TOTL.ZS,5.591
Russian Federation,RU,RUS,2015,SL.UEM.TOTL.ZS,5.615
Russian Federation,RU,RUS,2014,SL.UEM.TOTL.ZS,5.212
Russian Federation,RU,RUS,2013,SL.UEM.TOTL.ZS,5.513
Russian Federation,RU,RUS,2012,SL.UEM.TOTL.ZS,5.484
Russian Federation,RU,RUS,2011,SL.UEM.TOTL.ZS,6.571
Russian Federation,RU,RUS,2010,SL.UEM.TOTL.ZS,7.407
Saudi Arabia,SA,SAU,2023,SL.UEM.TOTL.ZS,4.008
Saudi Arabia,SA,SAU,2022,SL.UEM.TOTL.ZS,5.589
Saudi Arabia,SA,SAU,2021,SL.UEM.TOTL.ZS,6.621
Saudi Arabia,SA,SAU,2020,SL.UEM.TOTL.ZS,7.66
Saudi Arabia,SA,SAU,2019,SL.UEM.TOTL.ZS,5.636
Saudi Arabia,SA,SAU,2018,SL.UEM.TOTL.ZS,6.029
Saudi Arabia,SA,SAU,2017,SL.UEM.TOTL.ZS,5.89
Saudi Arabia,SA,SAU,2016,SL.UEM.TOTL.ZS,5.6
Saudi Arabia,SA,SAU,2015,SL.UEM.TOTL.ZS,5.6
Saudi Arabia,SA,SAU,2014,SL.UEM.TOTL.ZS,5.877
Saudi Arabia,SA,SAU,2013,SL.UEM.TOTL.ZS,5.6
Saudi Arabia,SA,SAU,2012,SL.UEM.TOTL.ZS,5.622
Saudi Arabia,SA,SAU,2011,SL.UEM.TOTL.ZS,5.77
Saudi Arabia,SA,SAU,2010,SL.UEM.TOTL.ZS,5.55
Singapore,SG,SGP,2023,SL.UEM.TOTL.ZS,3.444
Singapore,SG,SGP,2022,SL.UEM.TOTL.ZS,3.591
Singapore,SG,SGP,2021,SL.UEM.TOTL.ZS,4.64
Singapore,SG,SGP,2020,SL.UEM.TOTL.ZS,4.1
Singapore,SG,SGP,2019,SL.UEM.TOTL.ZS,3.1
Singapore,SG,SGP,2018,SL.UEM.TOTL.ZS,3.613
Singapore,SG,SGP,2017,SL.UEM.TOTL.ZS,4.2
Singapore,SG,SGP,2016,SL.UEM.TOTL.ZS,4.08
Singapore,SG,SGP,2015,SL.UEM.TOTL.ZS,3.79
Singapore,SG,SGP,2014,SL.UEM.TOTL.ZS,3.74
Singapore,SG,SGP,2013,SL.UEM.TOTL.ZS,3.86
Singapore,SG,SGP,2012,SL.UEM.TOTL.ZS,3.72
Singapore,SG,SGP,2011,SL.UEM.TOTL.ZS,3.89
Singapore,SG,SGP,2010,SL.UEM.TOTL.ZS,4.12
Turkiye,TR,TUR,2023,SL.UEM.TOTL.ZS,9.388
Turkiye,TR,TUR,2022,SL.UEM.TOTL.ZS,10.465
Turkiye,TR,TUR,2021,SL.UEM.TOTL.ZS,11.969
Turkiye,TR,TUR,2020,SL.UEM.TOTL.ZS,13.148
Turkiye,TR,TUR,2019,SL.UEM.TOTL.ZS,13.73
Turkiye,TR,TUR,2018,SL.UEM.TOTL.ZS,10.956
Turkiye,TR,TUR,2017,SL.UEM.TOTL.ZS,10.919
Turkiye,TR,TUR,2016,SL.UEM.TOTL.ZS,10.899
Turkiye,TR,TUR,2015,SL.UEM.TOTL.ZS,10.304
Turkiye,TR,TUR,2014,SL.UEM.TOTL.ZS,9.901
Turkiye,TR,TUR,2013,SL.UEM.TOTL.ZS,9.713
Turkiye,TR,TUR,2012,SL.UEM.TOTL.ZS,9.21
Turkiye,TR,TUR,2011,SL.UEM.TOTL.ZS,9.789
Turkiye,TR,TUR,2010,SL.UEM.TOTL.ZS,11.879
Viet Nam,VN,VNM,2023,SL.UEM.TOTL.ZS,1.645
Viet Nam,VN,VNM,2022,SL.UEM.TOTL.ZS,1.57
Viet Nam,VN,VNM,2021,SL.UEM.TOTL.ZS,2.383
Viet Nam,VN,VNM,2020,SL.UEM.TOTL.ZS,2.103
Viet Nam,VN,VNM,2019,SL.UEM.TOTL.ZS,1.681
Viet Nam,VN,VNM,2018,SL.UEM.TOTL.ZS,1.161
Viet Nam,VN,VNM,2017,SL.UEM.TOTL.ZS,1.874
Viet Nam,VN,VNM,2016,SL.UEM.TOTL.ZS,1.848
Viet Nam,VN,VNM,2015,SL.UEM.TOTL.ZS,1.848
Viet Nam,VN,VNM,2014,SL.UEM.TOTL.ZS,1.256
Viet Nam,VN,VNM,2013,SL.UEM.TOTL.ZS,1.316
Viet Nam,VN,VNM,2012,SL.UEM.TOTL.ZS,1.027
Viet Nam,VN,VNM,2011,SL.UEM.TOTL.ZS,0.999
Viet Nam,VN,VNM,2010,SL.UEM.TOTL.ZS,1.114
South Africa,ZA,ZAF,2023,SL.UEM.TOTL.ZS,32.098
South Africa,ZA,ZAF,2022,SL.UEM.TOTL.ZS,33.268
South Africa,ZA,ZAF,2021,SL.UEM.TOTL.ZS,34.007
South Africa,ZA,ZAF,2020,SL.UEM.TOTL.ZS,29.217
South Africa,ZA,ZAF,2019,SL.UEM.TOTL.ZS,28.468
South Africa,ZA,ZAF,2018,SL.UEM.TOTL.ZS,26.906
South Africa,ZA,ZAF,2017,SL.UEM.TOTL.ZS,27.035
South Africa,ZA,ZAF,2016,SL.UEM.TOTL.ZS,26.536
South Africa,ZA,ZAF,2015,SL.UEM.TOTL.ZS,25.149
South Africa,ZA,ZAF,2014,SL.UEM.TOTL.ZS,24.89
South Africa,ZA,ZAF,2013,SL.UEM.TOTL.ZS,24.561
South Africa,ZA,ZAF,2012,SL.UEM.TOTL.ZS,24.727
South Africa,ZA,ZAF,2011,SL.UEM.TOTL.ZS,24.639
South Africa,ZA,ZAF,2010,SL.UEM.TOTL.ZS,24.683
Argentina,AR,ARG,2023,SL.TLF.CACT.ZS,62.286
Argentina,AR,ARG,2022,SL.TLF.CACT.ZS,61.484
Argentina,AR,ARG,2021,SL.TLF.CACT.ZS,60.358
Argentina,AR,ARG,2020,SL.TLF.CACT.ZS,56.023
Argentina,AR,ARG,2019,SL.TLF.CACT.ZS,60.289
Argentina,AR,ARG,2018,SL.TLF.CACT.ZS,59.595
Argentina,AR,ARG,2017,SL.TLF.CACT.ZS,58.808
Argentina,AR,ARG,2016,SL.TLF.CACT.ZS,59.02
Argentina,AR,ARG,2015,SL.TLF.CACT.ZS,59.232
Argentina,AR,ARG,2014,SL.TLF.CACT.ZS,59.444
Argentina,AR,ARG,2013,SL.TLF.CACT.ZS,59.962
Argentina,AR,ARG,2012,SL.TLF.CACT.ZS,60.362
Argentina,AR,ARG,2011,SL.TLF.CACT.ZS,60.651
Argentina,AR,ARG,2010,SL.TLF.CACT.ZS,60.187
Brazil,BR,BRA,2023,SL.TLF.CACT.ZS,62.915
Brazil,BR,BRA,2022,SL.TLF.CACT.ZS,63.527
Brazil,BR,BRA,2021,SL.TLF.CACT.ZS,62.456
Brazil,BR,BRA,2020,SL.TLF.CACT.ZS,60.479
Brazil,BR,BRA,2019,SL.TLF.CACT.ZS,64.887
Brazil,BR,BRA,2018,SL.TLF.CACT.ZS,64.501
Brazil,BR,BRA,2017,SL.TLF.CACT.ZS,64.525
Brazil,BR,BRA,2016,SL.TLF.CACT.ZS,64.29
Brazil,BR,BRA,2015,SL.TLF.CACT.ZS,64.275
Brazil,BR,BRA,2014,SL.TLF.CACT.ZS,64.039
Brazil,BR,BRA,2013,SL.TLF.CACT.ZS,64.314
Brazil,BR,BRA,2012,SL.TLF.CACT.ZS,64.409
Brazil,BR,BRA,2011,SL.TLF.CACT.ZS,64.87
Brazil,BR,BRA,2010,SL.TLF.CACT.ZS,66.145
Canada,CA,CAN,2023,SL.TLF.CACT.ZS,65.361
Canada,CA,CAN,2022,SL.TLF.CACT.ZS,65.247
Canada,CA,CAN,2021,SL.TLF.CACT.ZS,65.195
Canada,CA,CAN,2020,SL.TLF.CACT.ZS,64.097
Canada,CA,CAN,2019,SL.TLF.CACT.ZS,65.809
Canada,CA,CAN,2018,SL.TLF.CACT.ZS,65.547
Canada,CA,CAN,2017,SL.TLF.CACT.ZS,65.792
Canada,CA,CAN,2016,SL.TLF.CACT.ZS,65.638
Canada,CA,CAN,2015,SL.TLF.CACT.ZS,65.887
Canada,CA,CAN,2014,SL.TLF.CACT.ZS,66.022
Canada,CA,CAN,2013,SL.TLF.CACT.ZS,66.541
Canada,CA,CAN,2012,SL.TLF.CACT.ZS,66.558
Canada,CA,CAN,2011,SL.TLF.CACT.ZS,66.594
Canada,CA,CAN,2010,SL.TLF.CACT.ZS,66.732
China,CN,CHN,2023,SL.TLF.CACT.ZS,65.83
China,CN,CHN,2022,SL.TLF.CACT.ZS,65.8
China,CN,CHN,2021,SL.TLF.CACT.ZS,67.11
China,CN,CHN,2020,SL.TLF.CACT.ZS,65.721
China,CN,CHN,2019,SL.TLF.CACT.ZS,67.38
China,CN,CHN,2018,SL.TLF.CACT.ZS,67.81
China,CN,CHN,2017,SL.TLF.CACT.ZS,68.35
China,CN,CHN,2016,SL.TLF.CACT.ZS,68.88
China,CN,CHN,2015,SL.TLF.CACT.ZS,69.3
China,CN,CHN,2014,SL.TLF.CACT.ZS,69.65
China,CN,CHN,2013,SL.TLF.CACT.ZS,69.97
China,CN,CHN,2012,SL.TLF.CACT.ZS,70.41
China,CN,CHN,2011,SL.TLF.CACT.ZS,70.86
China,CN,CHN,2010,SL.TLF.CACT.ZS,70.96
Germany,DE,DEU,2023,SL.TLF.CACT.ZS,61.05
Germany,DE,DEU,2022,SL.TLF.CACT.ZS,60.835
Germany,DE,DEU,2021,SL.TLF.CACT.ZS,60.395
Germany,DE,DEU,2020,SL.TLF.CACT.ZS,60.478
Germany,DE,DEU,2019,SL.TLF.CACT.ZS,61.307
Germany,DE,DEU,2018,SL.TLF.CACT.ZS,60.859
Germany,DE,DEU,2017,SL.TLF.CACT.ZS,60.659
Germany,DE,DEU,2016,SL.TLF.CACT.ZS,60.411
Germany,DE,DEU,2015,SL.TLF.CACT.ZS,60.22
Germany,DE,DEU,2014,SL.TLF.CACT.ZS,60.378
Germany,DE,DEU,2013,SL.TLF.CACT.ZS,60.278
Germany,DE,DEU,2012,SL.TLF.CACT.ZS,59.958
Germany,DE,DEU,2011,SL.TLF.CACT.ZS,59.853
Germany,DE,DEU,2010,SL.TLF.CACT.ZS,59.312
Spain,ES,ESP,2023,SL.TLF.CACT.ZS,57.588
Spain,ES,ESP,2022,SL.TLF.CACT.ZS,57.571
Spain,ES,ESP,2021,SL.TLF.CACT.ZS,57.272
Spain,ES,ESP,2020,SL.TLF.CACT.ZS,56.401
Spain,ES,ESP,2019,SL.TLF.CACT.ZS,57.626
Spain,ES,ESP,2018,SL.TLF.CACT.ZS,57.634
Spain,ES,ESP,2017,SL.TLF.CACT.ZS,58.047
Spain,ES,ESP,2016,SL.TLF.CACT.ZS,58.325
Spain,ES,ESP,2015,SL.TLF.CACT.ZS,58.623
Spain,ES,ESP,2014,SL.TLF.CACT.ZS,58.733
Spain,ES,ESP,2013,SL.TLF.CACT.ZS,59.131
Spain,ES,ESP,2012,SL.TLF.CACT.ZS,59.403
Spain,ES,ESP,2011,SL.TLF.CACT.ZS,59.373
Spain,ES,ESP,2010,SL.TLF.CACT.ZS,59.357
France,FR,FRA,2023,SL.TLF.CACT.ZS,55.938
France,FR,FRA,2022,SL.TLF.CACT.ZS,55.835
France,FR,FRA,2021,SL.TLF.CACT.ZS,55.552
France,FR,FRA,2020,SL.TLF.CACT.ZS,54.271
France,FR,FRA,2019,SL.TLF.CACT.ZS,54.939
France,FR,FRA,2018,SL.TLF.CACT.ZS,55.3
France,FR,FRA,2017,SL.TLF.CACT.ZS,55.258
France,FR,FRA,2016,SL.TLF.CACT.ZS,55.399
France,FR,FRA,2015,SL.TLF.CACT.ZS,55.621
France,FR,FRA,2014,SL.TLF.CACT.ZS,55.764
France,FR,FRA,2013,SL.TLF.CACT.ZS,56.27
France,FR,FRA,2012,SL.TLF.CACT.ZS,56.226
France,FR,FRA,2011,SL.TLF.CACT.ZS,56.019
France,FR,FRA,2010,SL.TLF.CACT.ZS,56.216
United Kingdom,GB,GBR,2023,SL.TLF.CACT.ZS,61.811
United Kingdom,GB,GBR,2022,SL.TLF.CACT.ZS,61.905
United Kingdom,GB,GBR,2021,SL.TLF.CACT.ZS,61.973
United Kingdom,GB,GBR,2020,SL.TLF.CACT.ZS,62.573
United Kingdom,GB,GBR,2019,SL.TLF.CACT.ZS,62.625
United Kingdom,GB,GBR,2018,SL.TLF.CACT.ZS,62.619
United Kingdom,GB,GBR,2017,SL.TLF.CACT.ZS,62.412
United Kingdom,GB,GBR,2016,SL.TLF.CACT.ZS,62.408
United Kingdom,GB,GBR,2015,SL.TLF.CACT.ZS,62.25
United Kingdom,GB,GBR,2014,SL.TLF.CACT.ZS,62.131
United Kingdom,GB,GBR,2013,SL.TLF.CACT.ZS,62.009
United Kingdom,GB,GBR,2012,SL.TLF.CACT.ZS,61.99
United Kingdom,GB,GBR,2011,SL.TLF.CACT.ZS,61.778
United Kingdom,GB,GBR,2010,SL.TLF.CACT.ZS,61.801
Italy,IT,ITA,2023,SL.TLF.CACT.ZS,49.8
Italy,IT,ITA,2022,SL.TLF.CACT.ZS,49.034
Italy,IT,ITA,2021,SL.TLF.CACT.ZS,48.443
Italy,IT,ITA,2020,SL.TLF.CACT.ZS,48.218
Italy,IT,ITA,2019,SL.TLF.CACT.ZS,49.589
Italy,IT,ITA,2018,SL.TLF.CACT.ZS,49.621
Italy,IT,ITA,2017,SL.TLF.CACT.ZS,49.501
Italy,IT,ITA,2016,SL.TLF.CACT.ZS,49.164
Italy,IT,ITA,2015,SL.TLF.CACT.ZS,48.621
Italy,IT,ITA,2014,SL.TLF.CACT.ZS,48.731
Italy,IT,ITA,2013,SL.TLF.CACT.ZS,48.494
Italy,IT,ITA,2012,SL.TLF.CACT.ZS,48.809
Italy,IT,ITA,2011,SL.TLF.CACT.ZS,47.882
Italy,IT,ITA,2010,SL.TLF.CACT.ZS,47.994
Japan,JP,JPN,2023,SL.TLF.CACT.ZS,62.9
Japan,JP,JPN,2022,SL.TLF.CACT.ZS,62.502
Japan,JP,JPN,2021,SL.TLF.CACT.ZS,62.053
Japan,JP,JPN,2020,SL.TLF.CACT.ZS,61.947
Japan,JP,JPN,2019,SL.TLF.CACT.ZS,62.008
Japan,JP,JPN,2018,SL.TLF.CACT.ZS,61.446
Japan,JP,JPN,2017,SL.TLF.CACT.ZS,60.444
Japan,JP,JPN,2016,SL.TLF.CACT.ZS,59.986
Japan,JP,JPN,2015,SL.TLF.CACT.ZS,59.499
Japan,JP,JPN,2014,SL.TLF.CACT.ZS,59.443
Japan,JP,JPN,2013,SL.TLF.CACT.ZS,59.245
Japan,JP,JPN,2012,SL.TLF.CACT.ZS,59.012
Japan,JP,JPN,2011,SL.TLF.CACT.ZS,59.249
Japan,JP,JPN,2010,SL.TLF.CACT.ZS,59.579
Mexico,MX,MEX,2023,SL.TLF.CACT.ZS,61.743
Mexico,MX,MEX,2022,SL.TLF.CACT.ZS,60.946
Mexico,MX,MEX,2021,SL.TLF.CACT.ZS,59.925
Mexico,MX,MEX,2020,SL.TLF.CACT.ZS,56.426
Mexico,MX,MEX,2019,SL.TLF.CACT.ZS,61.12
Mexico,MX,MEX,2018,SL.TLF.CACT.ZS,60.429
Mexico,MX,MEX,2017,SL.TLF.CACT.ZS,60.209
Mexico,MX,MEX,2016,SL.TLF.CACT.ZS,60.427
Mexico,MX,MEX,2015,SL.TLF.CACT.ZS,60.552
Mexico,MX,MEX,2014,SL.TLF.CACT.ZS,60.476
Mexico,MX,MEX,2013,SL.TLF.CACT.ZS,61.033
Mexico,MX,MEX,2012,SL.TLF.CACT.ZS,61.221
Mexico,MX,MEX,2011,SL.TLF.CACT.ZS,60.526
Mexico,MX,MEX,2010,SL.TLF.CACT.ZS,60.391
Netherlands,NL,NLD,2023,SL.TLF.CACT.ZS,67.721
Netherlands,NL,NLD,2022,SL.TLF.CACT.ZS,67.229
Netherlands,NL,NLD,2021,SL.TLF.CACT.ZS,66.534
Netherlands,NL,NLD,2020,SL.TLF.CACT.ZS,66.544
Netherlands,NL,NLD,2019,SL.TLF.CACT.ZS,66.707
Netherlands,NL,NLD,2018,SL.TLF.CACT.ZS,66.382
Netherlands,NL,NLD,2017,SL.TLF.CACT.ZS,66.126
Netherlands,NL,NLD,2016,SL.TLF.CACT.ZS,66.281
Netherlands,NL,NLD,2015,SL.TLF.CACT.ZS,66.465
Netherlands,NL,NLD,2014,SL.TLF.CACT.ZS,66.158
Netherlands,NL,NLD,2013,SL.TLF.CACT.ZS,66.735
Netherlands,NL,NLD,2012,SL.TLF.CACT.ZS,66.779
Netherlands,NL,NLD,2011,SL.TLF.CACT.ZS,66.385
Netherlands,NL,NLD,2010,SL.TLF.CACT.ZS,66.501
Poland,PL,POL,2023,SL.TLF.CACT.ZS,59.23
Poland,PL,POL,2022,SL.TLF.CACT.ZS,58.946
Poland,PL,POL,2021,SL.TLF.CACT.ZS,58.698
Poland,PL,POL,2020,SL.TLF.CACT.ZS,57.397
Poland,PL,POL,2019,SL.TLF.CACT.ZS,57.471
Poland,PL,POL,2018,SL.TLF.CACT.ZS,57.534
Poland,PL,POL,2017,SL.TLF.CACT.ZS,57.562
Poland,PL,POL,2016,SL.TLF.CACT.ZS,57.307
Poland,PL,POL,2015,SL.TLF.CACT.ZS,57.076
Poland,PL,POL,2014,SL.TLF.CACT.ZS,57.074
Poland,PL,POL,2013,SL.TLF.CACT.ZS,56.729
Poland,PL,POL,2012,SL.TLF.CACT.ZS,56.765
Poland,PL,POL,2011,SL.TLF.CACT.ZS,56.397
Poland,PL,POL,2010,SL.TLF.CACT.ZS,56.161
Sweden,SE,SWE,2023,SL.TLF.CACT.ZS,64.931
Sweden,SE,SWE,2022,SL.TLF.CACT.ZS,64.558
Sweden,SE,SWE,2021,SL.TLF.CACT.ZS,64.176
Sweden,SE,SWE,2020,SL.TLF.CACT.ZS,64.152
Sweden,SE,SWE,2019,SL.TLF.CACT.ZS,64.583
Sweden,SE,SWE,2018,SL.TLF.CACT.ZS,64.5
Sweden,SE,SWE,2017,SL.TLF.CACT.ZS,64.391
Sweden,SE,SWE,2016,SL.TLF.CACT.ZS,64.078
Sweden,SE,SWE,2015,SL.TLF.CACT.ZS,63.922
Sweden,SE,SWE,2014,SL.TLF.CACT.ZS,63.898
Sweden,SE,SWE,2013,SL.TLF.CACT.ZS,63.854
Sweden,SE,SWE,2012,SL.TLF.CACT.ZS,63.527
Sweden,SE,SWE,2011,SL.TLF.CACT.ZS,63.531
Sweden,SE,SWE,2010,SL.TLF.CACT.ZS,63.196
United States,US,USA,2023,SL.TLF.CACT.ZS,62.08
United States,US,USA,2022,SL.TLF.CACT.ZS,61.794
United States,US,USA,2021,SL.TLF.CACT.ZS,61.501
United States,US,USA,2020,SL.TLF.CACT.ZS,61.556
United States,US,USA,2019,SL.TLF.CACT.ZS,62.848
United States,US,USA,2018,SL.TLF.CACT.ZS,62.592
United States,US,USA,2017,SL.TLF.CACT.ZS,62.548
United States,US,USA,2016,SL.TLF.CACT.ZS,62.431
United States,US,USA,2015,SL.TLF.CACT.ZS,62.267
United States,US,USA,2014,SL.TLF.CACT.ZS,62.447
United States,US,USA,2013,SL.TLF.CACT.ZS,62.735
United States,US,USA,2012,SL.TLF.CACT.ZS,63.11
United States,US,USA,2011,SL.TLF.CACT.ZS,63.232
United States,US,USA,2010,SL.TLF.CACT.ZS,63.732
Australia,AU,AUS,2023,SL.TLF.CACT.ZS,67.023
Australia,AU,AUS,2022,SL.TLF.CACT.ZS,66.89
Australia,AU,AUS,2021,SL.TLF.CACT.ZS,66.147
Australia,AU,AUS,2020,SL.TLF.CACT.ZS,65.028
Australia,AU,AUS,2019,SL.TLF.CACT.ZS,66.088
Australia,AU,AUS,2018,SL.TLF.CACT.ZS,65.804
Australia,AU,AUS,2017,SL.TLF.CACT.ZS,65.248
Australia,AU,AUS,2016,SL.TLF.CACT.ZS,64.952
Australia,AU,AUS,2015,SL.TLF.CACT.ZS,65.076
Australia,AU,AUS,2014,SL.TLF.CACT.ZS,64.787
Australia,AU,AUS,2013,SL.TLF.CACT.ZS,65.025
Australia,AU,AUS,2012,SL.TLF.CACT.ZS,65.245
Australia,AU,AUS,2011,SL.TLF.CACT.ZS,65.514
Australia,AU,AUS,2010,SL.TLF.CACT.ZS,65.48
Chile,CL,CHL,2023,SL.TLF.CACT.ZS,61.521
Chile,CL,CHL,2022,SL.TLF.CACT.ZS,60.138
Chile,CL,CHL,2021,SL.TLF.CACT.ZS,57.552
Chile,CL,CHL,2020,SL.TLF.CACT.ZS,56.358
Chile,CL,CHL,2019,SL.TLF.CACT.ZS,63.072
Chile,CL,CHL,2018,SL.TLF.CACT.ZS,63.207
Chile,CL,CHL,2017,SL.TLF.CACT.ZS,62.951
Chile,CL,CHL,2016,SL.TLF.CACT.ZS,62.324
Chile,CL,CHL,2015,SL.TLF.CACT.ZS,62.262
Chile,CL,CHL,2014,SL.TLF.CACT.ZS,62.118
Chile,CL,CHL,2013,SL.TLF.CACT.ZS,61.811
Chile,CL,CHL,2012,SL.TLF.CACT.ZS,61.688
Chile,CL,CHL,2011,SL.TLF.CACT.ZS,61.715
Chile,CL,CHL,2010,SL.TLF.CACT.ZS,60.369
Colombia,CO,COL,2023,SL.TLF.CACT.ZS,63.736
Colombia,CO,COL,2022,SL.TLF.CACT.ZS,63.155
Colombia,CO,COL,2021,SL.TLF.CACT.ZS,64.33
Colombia,CO,COL,2020,SL.TLF.CACT.ZS,63.415
Colombia,CO,COL,2019,SL.TLF.CACT.ZS,64.322
Colombia,CO,COL,2018,SL.TLF.CACT.ZS,65.237
Colombia,CO,COL,2017,SL.TLF.CACT.ZS,66.013
Colombia,CO,COL,2016,SL.TLF.CACT.ZS,66.418
Colombia,CO,COL,2015,SL.TLF.CACT.ZS,67.019
Colombia,CO,COL,2014,SL.TLF.CACT.ZS,66.991
Colombia,CO,COL,2013,SL.TLF.CACT.ZS,67.273
Colombia,CO,COL,2012,SL.TLF.CACT.ZS,68.072
Colombia,CO,COL,2011,SL.TLF.CACT.ZS,67.514
Colombia,CO,COL,2010,SL.TLF.CACT.ZS,67.079
"Egypt, Arab Rep.",EG,EGY,2023,SL.TLF.CACT.ZS,44.669
"Egypt, Arab Rep.",EG,EGY,2022,SL.TLF.CACT.ZS,42.837
"Egypt, Arab Rep.",EG,EGY,2021,SL.TLF.CACT.ZS,42.987
"Egypt, Arab Rep.",EG,EGY,2020,SL.TLF.CACT.ZS,41.616
"Egypt, Arab Rep.",EG,EGY,2019,SL.TLF.CACT.ZS,42.199
"Egypt, Arab Rep.",EG,EGY,2018,SL.TLF.CACT.ZS,43.299
"Egypt, Arab Rep.",EG,EGY,2017,SL.TLF.CACT.ZS,44.95
"Egypt, Arab Rep.",EG,EGY,2016,SL.TLF.CACT.ZS,46.63
"Egypt, Arab Rep.",EG,EGY,2015,SL.TLF.CACT.ZS,46.978
"Egypt, Arab Rep.",EG,EGY,2014,SL.TLF.CACT.ZS,48.117
"Egypt, Arab Rep.",EG,EGY,2013,SL.TLF.CACT.ZS,48.436
"Egypt, Arab Rep.",EG,EGY,2012,SL.TLF.CACT.ZS,48.494
"Egypt, Arab Rep.",EG,EGY,2011,SL.TLF.CACT.ZS,48.785
"Egypt, Arab Rep.",EG,EGY,2010,SL.TLF.CACT.ZS,49.368
Indonesia,ID,IDN,2023,SL.TLF.CACT.ZS,67.899
Indonesia,ID,IDN,2022,SL.TLF.CACT.ZS,67.018
Indonesia,ID,IDN,2021,SL.TLF.CACT.ZS,65.868
Indonesia,ID,IDN,2020,SL.TLF.CACT.ZS,67.401
Indonesia,ID,IDN,2019,SL.TLF.CACT.ZS,68.238
Indonesia,ID,IDN,2018,SL.TLF.CACT.ZS,67.652
Indonesia,ID,IDN,2017,SL.TLF.CACT.ZS,66.694
Indonesia,ID,IDN,2016,SL.TLF.CACT.ZS,66.314
Indonesia,ID,IDN,2015,SL.TLF.CACT.ZS,66.578
Indonesia,ID,IDN,2014,SL.TLF.CACT.ZS,66.624
Indonesia,ID,IDN,2013,SL.TLF.CACT.ZS,66.757
Indonesia,ID,IDN,2012,SL.TLF.CACT.ZS,67.416
Indonesia,ID,IDN,2011,SL.TLF.CACT.ZS,66.913
Indonesia,ID,IDN,2010,SL.TLF.CACT.ZS,66.583
India,IN,IND,2023,SL.TLF.CACT.ZS,54.697
India,IN,IND,2022,SL.TLF.CACT.ZS,53.587
India,IN,IND,2021,SL.TLF.CACT.ZS,52.522
India,IN,IND,2020,SL.TLF.CACT.ZS,51.547
India,IN,IND,2019,SL.TLF.CACT.ZS,52.284
India,IN,IND,2018,SL.TLF.CACT.ZS,52.482
India,IN,IND,2017,SL.TLF.CACT.ZS,52.671
India,IN,IND,2016,SL.TLF.CACT.ZS,52.852
India,IN,IND,2015,SL.TLF.CACT.ZS,53.031
India,IN,IND,2014,SL.TLF.CACT.ZS,53.206
India,IN,IND,2013,SL.TLF.CACT.ZS,53.364
India,IN,IND,2012,SL.TLF.CACT.ZS,53.509
India,IN,IND,2011,SL.TLF.CACT.ZS,54.131
India,IN,IND,2010,SL.TLF.CACT.ZS,54.766
"Korea, Rep.",KR,KOR,2023,SL.TLF.CACT.ZS,64.266
"Korea, Rep.",KR,KOR,2022,SL.TLF.CACT.ZS,63.794
"Korea, Rep.",KR,KOR,2021,SL.TLF.CACT.ZS,62.55
"Korea, Rep.",KR,KOR,2020,SL.TLF.CACT.ZS,62.274
"Korea, Rep.",KR,KOR,2019,SL.TLF.CACT.ZS,62.994
"Korea, Rep.",KR,KOR,2018,SL.TLF.CACT.ZS,62.757
"Korea, Rep.",KR,KOR,2017,SL.TLF.CACT.ZS,62.91
"Korea, Rep.",KR,KOR,2016,SL.TLF.CACT.ZS,62.626
"Korea, Rep.",KR,KOR,2015,SL.TLF.CACT.ZS,62.58
"Korea, Rep.",KR,KOR,2014,SL.TLF.CACT.ZS,62.277
"Korea, Rep.",KR,KOR,2013,SL.TLF.CACT.ZS,61.4
"Korea, Rep.",KR,KOR,2012,SL.TLF.CACT.ZS,60.928
"Korea, Rep.",KR,KOR,2011,SL.TLF.CACT.ZS,60.636
"Korea, Rep.",KR,KOR,2010,SL.TLF.CACT.ZS,60.334
Nigeria,NG,NGA,2023,SL.TLF.CACT.ZS,82.559
Nigeria,NG,NGA,2022,SL.TLF.CACT.ZS,81.268
Nigeria,NG,NGA,2021,SL.TLF.CACT.ZS,80.143
Nigeria,NG,NGA,2020,SL.TLF.CACT.ZS,79.314
Nigeria,NG,NGA,2019,SL.TLF.CACT.ZS,81.001
Nigeria,NG,NGA,2018,SL.TLF.CACT.ZS,80.955
Nigeria,NG,NGA,2017,SL.TLF.CACT.ZS,80.89
Nigeria,NG,NGA,2016,SL.TLF.CACT.ZS,80.843
Nigeria,NG,NGA,2015,SL.TLF.CACT.ZS,80.793
Nigeria,NG,NGA,2014,SL.TLF.CACT.ZS,80.765
Nigeria,NG,NGA,2013,SL.TLF.CACT.ZS,80.844
Nigeria,NG,NGA,2012,SL.TLF.CACT.ZS,81.055
Nigeria,NG,NGA,2011,SL.TLF.CACT.ZS,81.119
Nigeria,NG,NGA,2010,SL.TLF.CACT.ZS,81.282
Russian Federation,RU,RUS,2023,SL.TLF.CACT.ZS,62.135
Russian Federation,RU,RUS,2022,SL.TLF.CACT.ZS,61.936
Russian Federation,RU,RUS,2021,SL.TLF.CACT.ZS,61.966
Russian Federation,RU,RUS,2020,SL.TLF.CACT.ZS,61.389
Russian Federation,RU,RUS,2019,SL.TLF.CACT.ZS,61.698
Russian Federation,RU,RUS,2018,SL.TLF.CACT.ZS,62.445
Russian Federation,RU,RUS,2017,SL.TLF.CACT.ZS,62.496
Russian Federation,RU,RUS,2016,SL.TLF.CACT.ZS,62.872
Russian Federation,RU,RUS,2015,SL.TLF.CACT.ZS,62.704
Russian Federation,RU,RUS,2014,SL.TLF.CACT.ZS,62.837
Russian Federation,RU,RUS,2013,SL.TLF.CACT.ZS,62.866
Russian Federation,RU,RUS,2012,SL.TLF.CACT.ZS,62.964
Russian Federation,RU,RUS,2011,SL.TLF.CACT.ZS,62.939
Russian Federation,RU,RUS,2010,SL.TLF.CACT.ZS,62.647
Saudi Arabia,SA,SAU,2023,SL.TLF.CACT.ZS,65.336
Saudi Arabia,SA,SAU,2022,SL.TLF.CACT.ZS,63.801
Saudi Arabia,SA,SAU,2021,SL.TLF.CACT.ZS,63.511
Saudi Arabia,SA,SAU,2020,SL.TLF.CACT.ZS,62.414
Saudi Arabia,SA,SAU,2019,SL.TLF.CACT.ZS,61.203
Saudi Arabia,SA,SAU,2018,SL.TLF.CACT.ZS,59.418
Saudi Arabia,SA,SAU,2017,SL.TLF.CACT.ZS,58.99
Saudi Arabia,SA,SAU,2016,SL.TLF.CACT.ZS,60.685
Saudi Arabia,SA,SAU,2015,SL.TLF.CACT.ZS,59.749
Saudi Arabia,SA,SAU,2014,SL.TLF.CACT.ZS,58.409
Saudi Arabia,SA,SAU,2013,SL.TLF.CACT.ZS,57.152
Saudi Arabia,SA,SAU,2012,SL.TLF.CACT.ZS,55.395
Saudi Arabia,SA,SAU,2011,SL.TLF.CACT.ZS,53.37
Saudi Arabia,SA,SAU,2010,SL.TLF.CACT.ZS,51.426
Singapore,SG,SGP,2023,SL.TLF.CACT.ZS,69.394
Singapore,SG,SGP,2022,SL.TLF.CACT.ZS,69.734
Singapore,SG,SGP,2021,SL.TLF.CACT.ZS,70.686
Singapore,SG,SGP,2020,SL.TLF.CACT.ZS,68.712
Singapore,SG,SGP,2019,SL.TLF.CACT.ZS,68.986
Singapore,SG,SGP,2018,SL.TLF.CACT.ZS,68.581
Singapore,SG,SGP,2017,SL.TLF.CACT.ZS,68.943
Singapore,SG,SGP,2016,SL.TLF.CACT.ZS,69.244
Singapore,SG,SGP,2015,SL.TLF.CACT.ZS,69.53
Singapore,SG,SGP,2014,SL.TLF.CACT.ZS,68.556
Singapore,SG,SGP,2013,SL.TLF.CACT.ZS,67.768
Singapore,SG,SGP,2012,SL.TLF.CACT.ZS,67.943
Singapore,SG,SGP,2011,SL.TLF.CACT.ZS,67.376
Singapore,SG,SGP,2010,SL.TLF.CACT.ZS,67.37
Turkiye,TR,TUR,2023,SL.TLF.CACT.ZS,53.313
Turkiye,TR,TUR,2022,SL.TLF.CACT.ZS,53.055
Turkiye,TR,TUR,2021,SL.TLF.CACT.ZS,51.359
Turkiye,TR,TUR,2020,SL.TLF.CACT.ZS,49.334
Turkiye,TR,TUR,2019,SL.TLF.CACT.ZS,52.951
Turkiye,TR,TUR,2018,SL.TLF.CACT.ZS,53.212
Turkiye,TR,TUR,2017,SL.TLF.CACT.ZS,52.832
Turkiye,TR,TUR,2016,SL.TLF.CACT.ZS,52
Turkiye,TR,TUR,2015,SL.TLF.CACT.ZS,51.3
Turkiye,TR,TUR,2014,SL.TLF.CACT.ZS,50.512
Turkiye,TR,TUR,2013,SL.TLF.CACT.ZS,50.84
Turkiye,TR,TUR,2012,SL.TLF.CACT.ZS,49.958
Turkiye,TR,TUR,2011,SL.TLF.CACT.ZS,49.864
Turkiye,TR,TUR,2010,SL.TLF.CACT.ZS,48.804
Viet Nam,VN,VNM,2023,SL.TLF.CACT.ZS,73.545
Viet Nam,VN,VNM,2022,SL.TLF.CACT.ZS,74.484
Viet Nam,VN,VNM,2021,SL.TLF.CACT.ZS,73.738
Viet Nam,VN,VNM,2020,SL.TLF.CACT.ZS,74.367
Viet Nam,VN,VNM,2019,SL.TLF.CACT.ZS,76.615
Viet Nam,VN,VNM,2018,SL.TLF.CACT.ZS,77.482
Viet Nam,VN,VNM,2017,SL.TLF.CACT.ZS,77.2
Viet Nam,VN,VNM,2016,SL.TLF.CACT.ZS,76.965
Viet Nam,VN,VNM,2015,SL.TLF.CACT.ZS,77.43
Viet Nam,VN,VNM,2014,SL.TLF.CACT.ZS,77.306
Viet Nam,VN,VNM,2013,SL.TLF.CACT.ZS,77.234
Viet Nam,VN,VNM,2012,SL.TLF.CACT.ZS,76.323
Viet Nam,VN,VNM,2011,SL.TLF.CACT.ZS,76.372
Viet Nam,VN,VNM,2010,SL.TLF.CACT.ZS,76.268
South Africa,ZA,ZAF,2023,SL.TLF.CACT.ZS,55.02
South Africa,ZA,ZAF,2022,SL.TLF.CACT.ZS,53.499
South Africa,ZA,ZAF,2021,SL.TLF.CACT.ZS,52.024
South Africa,ZA,ZAF,2020,SL.TLF.CACT.ZS,50.548
South Africa,ZA,ZAF,2019,SL.TLF.CACT.ZS,55.267
South Africa,ZA,ZAF,2018,SL.TLF.CACT.ZS,55.161
South Africa,ZA,ZAF,2017,SL.TLF.CACT.ZS,55.359
South Africa,ZA,ZAF,2016,SL.TLF.CACT.ZS,54.714
South Africa,ZA,ZAF,2015,SL.TLF.CACT.ZS,54.591
South Africa,ZA,ZAF,2014,SL.TLF.CACT.ZS,53.314
South Africa,ZA,ZAF,2013,SL.TLF.CACT.ZS,53.078
South Africa,ZA,ZAF,2012,SL.TLF.CACT.ZS,52.507
South Africa,ZA,ZAF,2011,SL.TLF.CACT.ZS,52.171
South Africa,ZA,ZAF,2010,SL.TLF.CACT.ZS,52.265
Argentina,AR,ARG,2023,SL.TLF.TOTL.IN,22069879
Argentina,AR,ARG,2022,SL.TLF.TOTL.IN,21566906
Argentina,AR,ARG,2021,SL.TLF.TOTL.IN,20993886
Argentina,AR,ARG,2020,SL.TLF.TOTL.IN,19317784
Argentina,AR,ARG,2019,SL.TLF.TOTL.IN,20580300
Argentina,AR,ARG,2018,SL.TLF.TOTL.IN,20125838
Argentina,AR,ARG,2017,SL.TLF.TOTL.IN,19643677
Argentina,AR,ARG,2016,SL.TLF.TOTL.IN,19497873
Argentina,AR,ARG,2015,SL.TLF.TOTL.IN,19343227
Argentina,AR,ARG,2014,SL.TLF.TOTL.IN,19177885
Argentina,AR,ARG,2013,SL.TLF.TOTL.IN,19111596
Argentina,AR,ARG,2012,SL.TLF.TOTL.IN,19006986
Argentina,AR,ARG,2011,SL.TLF.TOTL.IN,18857586
Argentina,AR,ARG,2010,SL.TLF.TOTL.IN,18468692
Brazil,BR,BRA,2023,SL.TLF.TOTL.IN,106356432
Brazil,BR,BRA,2022,SL.TLF.TOTL.IN,106610573
Brazil,BR,BRA,2021,SL.TLF.TOTL.IN,104085430
Brazil,BR,BRA,2020,SL.TLF.TOTL.IN,100001874
Brazil,BR,BRA,2019,SL.TLF.TOTL.IN,106262669
Brazil,BR,BRA,2018,SL.TLF.TOTL.IN,104554923
Brazil,BR,BRA,2017,SL.TLF.TOTL.IN,103476109
Brazil,BR,BRA,2016,SL.TLF.TOTL.IN,101885554
Brazil,BR,BRA,2015,SL.TLF.TOTL.IN,100587656
Brazil,BR,BRA,2014,SL.TLF.TOTL.IN,98900006
Brazil,BR,BRA,2013,SL.TLF.TOTL.IN,97945820
Brazil,BR,BRA,2012,SL.TLF.TOTL.IN,96690220
Brazil,BR,BRA,2011,SL.TLF.TOTL.IN,95987652
Brazil,BR,BRA,2010,SL.TLF.TOTL.IN,96467543
Canada,CA,CAN,2023,SL.TLF.TOTL.IN,22170293
Canada,CA,CAN,2022,SL.TLF.TOTL.IN,21462479
Canada,CA,CAN,2021,SL.TLF.TOTL.IN,21005652
Canada,CA,CAN,2020,SL.TLF.TOTL.IN,20505333
Canada,CA,CAN,2019,SL.TLF.TOTL.IN,20799435
Canada,CA,CAN,2018,SL.TLF.TOTL.IN,20391340
Canada,CA,CAN,2017,SL.TLF.TOTL.IN,20155417
Canada,CA,CAN,2016,SL.TLF.TOTL.IN,19857477
Canada,CA,CAN,2015,SL.TLF.TOTL.IN,19705946
Canada,CA,CAN,2014,SL.TLF.TOTL.IN,19594831
Canada,CA,CAN,2013,SL.TLF.TOTL.IN,19544962
Canada,CA,CAN,2012,SL.TLF.TOTL.IN,19332146
Canada,CA,CAN,2011,SL.TLF.TOTL.IN,19112505
Canada,CA,CAN,2010,SL.TLF.TOTL.IN,18934218
China,CN,CHN,2023,SL.TLF.TOTL.IN,774607590
China,CN,CHN,2022,SL.TLF.TOTL.IN,770113477
China,CN,CHN,2021,SL.TLF.TOTL.IN,781187865
China,CN,CHN,2020,SL.TLF.TOTL.IN,760877838
China,CN,CHN,2019,SL.TLF.TOTL.IN,775928449
China,CN,CHN,2018,SL.TLF.TOTL.IN,776868988
China,CN,CHN,2017,SL.TLF.TOTL.IN,779166682
China,CN,CHN,2016,SL.TLF.TOTL.IN,780932880
China,CN,CHN,2015,SL.TLF.TOTL.IN,781077009
China,CN,CHN,2014,SL.TLF.TOTL.IN,780370287
China,CN,CHN,2013,SL.TLF.TOTL.IN,779251311
China,CN,CHN,2012,SL.TLF.TOTL.IN,779022561
China,CN,CHN,2011,SL.TLF.TOTL.IN,778275581
China,CN,CHN,2010,SL.TLF.TOTL.IN,773873234
Germany,DE,DEU,2023,SL.TLF.TOTL.IN,43771247
Germany,DE,DEU,2022,SL.TLF.TOTL.IN,43561312
Germany,DE,DEU,2021,SL.TLF.TOTL.IN,43283278
Germany,DE,DEU,2020,SL.TLF.TOTL.IN,43372704
Germany,DE,DEU,2019,SL.TLF.TOTL.IN,43981829
Germany,DE,DEU,2018,SL.TLF.TOTL.IN,43612526
Germany,DE,DEU,2017,SL.TLF.TOTL.IN,43391708
Germany,DE,DEU,2016,SL.TLF.TOTL.IN,43118037
Germany,DE,DEU,2015,SL.TLF.TOTL.IN,42693402
Germany,DE,DEU,2014,SL.TLF.TOTL.IN,42451594
Germany,DE,DEU,2013,SL.TLF.TOTL.IN,42179007
Germany,DE,DEU,2012,SL.TLF.TOTL.IN,41764438
Germany,DE,DEU,2011,SL.TLF.TOTL.IN,41522681
Germany,DE,DEU,2010,SL.TLF.TOTL.IN,41860532
Spain,ES,ESP,2023,SL.TLF.TOTL.IN,24153349
Spain,ES,ESP,2022,SL.TLF.TOTL.IN,23770575
Spain,ES,ESP,2021,SL.TLF.TOTL.IN,23392854
Spain,ES,ESP,2020,SL.TLF.TOTL.IN,22918332
Spain,ES,ESP,2019,SL.TLF.TOTL.IN,23229297
Spain,ES,ESP,2018,SL.TLF.TOTL.IN,23008131
Spain,ES,ESP,2017,SL.TLF.TOTL.IN,23026725
Spain,ES,ESP,2016,SL.TLF.TOTL.IN,23054343
Spain,ES,ESP,2015,SL.TLF.TOTL.IN,23132898
Spain,ES,ESP,2014,SL.TLF.TOTL.IN,23180626
Spain,ES,ESP,2013,SL.TLF.TOTL.IN,23404018
Spain,ES,ESP,2012,SL.TLF.TOTL.IN,23600235
Spain,ES,ESP,2011,SL.TLF.TOTL.IN,23587175
Spain,ES,ESP,2010,SL.TLF.TOTL.IN,23521339
France,FR,FRA,2023,SL.TLF.TOTL.IN,31826568
France,FR,FRA,2022,SL.TLF.TOTL.IN,31586796
France,FR,FRA,2021,SL.TLF.TOTL.IN,31188658
France,FR,FRA,2020,SL.TLF.TOTL.IN,30289755
France,FR,FRA,2019,SL.TLF.TOTL.IN,30500444
France,FR,FRA,2018,SL.TLF.TOTL.IN,30534890
France,FR,FRA,2017,SL.TLF.TOTL.IN,30347085
France,FR,FRA,2016,SL.TLF.TOTL.IN,30280138
France,FR,FRA,2015,SL.TLF.TOTL.IN,30261476
France,FR,FRA,2014,SL.TLF.TOTL.IN,30194204
France,FR,FRA,2013,SL.TLF.TOTL.IN,30287405
France,FR,FRA,2012,SL.TLF.TOTL.IN,30074280
France,FR,FRA,2011,SL.TLF.TOTL.IN,29815844
France,FR,FRA,2010,SL.TLF.TOTL.IN,29781056
United Kingdom,GB,GBR,2023,SL.TLF.TOTL.IN,34982684
United Kingdom,GB,GBR,2022,SL.TLF.TOTL.IN,34488684
United Kingdom,GB,GBR,2021,SL.TLF.TOTL.IN,34105361
United Kingdom,GB,GBR,2020,SL.TLF.TOTL.IN,34258263
United Kingdom,GB,GBR,2019,SL.TLF.TOTL.IN,34205897
United Kingdom,GB,GBR,2018,SL.TLF.TOTL.IN,34015275
United Kingdom,GB,GBR,2017,SL.TLF.TOTL.IN,33750454
United Kingdom,GB,GBR,2016,SL.TLF.TOTL.IN,33593959
United Kingdom,GB,GBR,2015,SL.TLF.TOTL.IN,33272035
United Kingdom,GB,GBR,2014,SL.TLF.TOTL.IN,32988066
United Kingdom,GB,GBR,2013,SL.TLF.TOTL.IN,32691144
United Kingdom,GB,GBR,2012,SL.TLF.TOTL.IN,32478183
United Kingdom,GB,GBR,2011,SL.TLF.TOTL.IN,32145413
United Kingdom,GB,GBR,2010,SL.TLF.TOTL.IN,31901655
Italy,IT,ITA,2023,SL.TLF.TOTL.IN,25806816
Italy,IT,ITA,2022,SL.TLF.TOTL.IN,25351560
Italy,IT,ITA,2021,SL.TLF.TOTL.IN,25032297
Italy,IT,ITA,2020,SL.TLF.TOTL.IN,24984272
Italy,IT,ITA,2019,SL.TLF.TOTL.IN,25761500
Italy,IT,ITA,2018,SL.TLF.TOTL.IN,25784537
Italy,IT,ITA,2017,SL.TLF.TOTL.IN,25724021
Italy,IT,ITA,2016,SL.TLF.TOTL.IN,25548902
Italy,IT,ITA,2015,SL.TLF.TOTL.IN,25270285
Italy,IT,ITA,2014,SL.TLF.TOTL.IN,25330291
Italy,IT,ITA,2013,SL.TLF.TOTL.IN,25176920
Italy,IT,ITA,2012,SL.TLF.TOTL.IN,25274094
Italy,IT,ITA,2011,SL.TLF.TOTL.IN,24716194
Italy,IT,ITA,2010,SL.TLF.TOTL.IN,24680015
Japan,JP,JPN,2023,SL.TLF.TOTL.IN,69197135
Japan,JP,JPN,2022,SL.TLF.TOTL.IN,68931266
Japan,JP,JPN,2021,SL.TLF.TOTL.IN,68592854
Japan,JP,JPN,2020,SL.TLF.TOTL.IN,68656452
Japan,JP,JPN,2019,SL.TLF.TOTL.IN,68812048
Japan,JP,JPN,2018,SL.TLF.TOTL.IN,68187091
Japan,JP,JPN,2017,SL.TLF.TOTL.IN,67070828
Japan,JP,JPN,2016,SL.TLF.TOTL.IN,66529155
Japan,JP,JPN,2015,SL.TLF.TOTL.IN,65931158
Japan,JP,JPN,2014,SL.TLF.TOTL.IN,65843453
Japan,JP,JPN,2013,SL.TLF.TOTL.IN,65621150
Japan,JP,JPN,2012,SL.TLF.TOTL.IN,65377600
Japan,JP,JPN,2011,SL.TLF.TOTL.IN,65674339
Japan,JP,JPN,2010,SL.TLF.TOTL.IN,66100429
Mexico,MX,MEX,2023,SL.TLF.TOTL.IN,60144623
Mexico,MX,MEX,2022,SL.TLF.TOTL.IN,58544385
Mexico,MX,MEX,2021,SL.TLF.TOTL.IN,56864048
Mexico,MX,MEX,2020,SL.TLF.TOTL.IN,52956486
Mexico,MX,MEX,2019,SL.TLF.TOTL.IN,56614536
Mexico,MX,MEX,2018,SL.TLF.TOTL.IN,55142830
Mexico,MX,MEX,2017,SL.TLF.TOTL.IN,54114274
Mexico,MX,MEX,2016,SL.TLF.TOTL.IN,53498509
Mexico,MX,MEX,2015,SL.TLF.TOTL.IN,52800736
Mexico,MX,MEX,2014,SL.TLF.TOTL.IN,51907743
Mexico,MX,MEX,2013,SL.TLF.TOTL.IN,51511392
Mexico,MX,MEX,2012,SL.TLF.TOTL.IN,50764169
Mexico,MX,MEX,2011,SL.TLF.TOTL.IN,49262430
Mexico,MX,MEX,2010,SL.TLF.TOTL.IN,48189452
Netherlands,NL,NLD,2023,SL.TLF.TOTL.IN,10269843
Netherlands,NL,NLD,2022,SL.TLF.TOTL.IN,10073395
Netherlands,NL,NLD,2021,SL.TLF.TOTL.IN,9858813
Netherlands,NL,NLD,2020,SL.TLF.TOTL.IN,9793423
Netherlands,NL,NLD,2019,SL.TLF.TOTL.IN,9742856
Netherlands,NL,NLD,2018,SL.TLF.TOTL.IN,9608481
Netherlands,NL,NLD,2017,SL.TLF.TOTL.IN,9491538
Netherlands,NL,NLD,2016,SL.TLF.TOTL.IN,9434786
Netherlands,NL,NLD,2015,SL.TLF.TOTL.IN,9385800
Netherlands,NL,NLD,2014,SL.TLF.TOTL.IN,9275880
Netherlands,NL,NLD,2013,SL.TLF.TOTL.IN,9298757
Netherlands,NL,NLD,2012,SL.TLF.TOTL.IN,9255457
Netherlands,NL,NLD,2011,SL.TLF.TOTL.IN,9149140
Netherlands,NL,NLD,2010,SL.TLF.TOTL.IN,9106986
Poland,PL,POL,2023,SL.TLF.TOTL.IN,18449404
Poland,PL,POL,2022,SL.TLF.TOTL.IN,18378935
Poland,PL,POL,2021,SL.TLF.TOTL.IN,18351011
Poland,PL,POL,2020,SL.TLF.TOTL.IN,18197725
Poland,PL,POL,2019,SL.TLF.TOTL.IN,18454120
Poland,PL,POL,2018,SL.TLF.TOTL.IN,18503688
Poland,PL,POL,2017,SL.TLF.TOTL.IN,18534927
Poland,PL,POL,2016,SL.TLF.TOTL.IN,18466235
Poland,PL,POL,2015,SL.TLF.TOTL.IN,18407499
Poland,PL,POL,2014,SL.TLF.TOTL.IN,18420604
Poland,PL,POL,2013,SL.TLF.TOTL.IN,18319899
Poland,PL,POL,2012,SL.TLF.TOTL.IN,18334357
Poland,PL,POL,2011,SL.TLF.TOTL.IN,18210344
Poland,PL,POL,2010,SL.TLF.TOTL.IN,18144753
Sweden,SE,SWE,2023,SL.TLF.TOTL.IN,5661389
Sweden,SE,SWE,2022,SL.TLF.TOTL.IN,5586140
Sweden,SE,SWE,2021,SL.TLF.TOTL.IN,5504637
Sweden,SE,SWE,2020,SL.TLF.TOTL.IN,5463932
Sweden,SE,SWE,2019,SL.TLF.TOTL.IN,5458324
Sweden,SE,SWE,2018,SL.TLF.TOTL.IN,5397382
Sweden,SE,SWE,2017,SL.TLF.TOTL.IN,5331498
Sweden,SE,SWE,2016,SL.TLF.TOTL.IN,5244169
Sweden,SE,SWE,2015,SL.TLF.TOTL.IN,5177451
Sweden,SE,SWE,2014,SL.TLF.TOTL.IN,5132346
Sweden,SE,SWE,2013,SL.TLF.TOTL.IN,5090081
Sweden,SE,SWE,2012,SL.TLF.TOTL.IN,5032178
Sweden,SE,SWE,2011,SL.TLF.TOTL.IN,5002813
Sweden,SE,SWE,2010,SL.TLF.TOTL.IN,4942519
United States,US,USA,2023,SL.TLF.TOTL.IN,172274620
United States,US,USA,2022,SL.TLF.TOTL.IN,169483435
United States,US,USA,2021,SL.TLF.TOTL.IN,167182400
United States,US,USA,2020,SL.TLF.TOTL.IN,166565253
United States,US,USA,2019,SL.TLF.TOTL.IN,168920514
United States,US,USA,2018,SL.TLF.TOTL.IN,167002008
United States,US,USA,2017,SL.TLF.TOTL.IN,165597316
United States,US,USA,2016,SL.TLF.TOTL.IN,163886456
United States,US,USA,2015,SL.TLF.TOTL.IN,161927418
United States,US,USA,2014,SL.TLF.TOTL.IN,160876331
United States,US,USA,2013,SL.TLF.TOTL.IN,160132463
United States,US,USA,2012,SL.TLF.TOTL.IN,159682753
United States,US,USA,2011,SL.TLF.TOTL.IN,158537150
United States,US,USA,2010,SL.TLF.TOTL.IN,158330168
Australia,AU,AUS,2023,SL.TLF.TOTL.IN,14646578
Australia,AU,AUS,2022,SL.TLF.TOTL.IN,14230223
Australia,AU,AUS,2021,SL.TLF.TOTL.IN,13859964
Australia,AU,AUS,2020,SL.TLF.TOTL.IN,13583584
Australia,AU,AUS,2019,SL.TLF.TOTL.IN,13618789
Australia,AU,AUS,2018,SL.TLF.TOTL.IN,13344850
Australia,AU,AUS,2017,SL.TLF.TOTL.IN,13022869
Australia,AU,AUS,2016,SL.TLF.TOTL.IN,12744765
Australia,AU,AUS,2015,SL.TLF.TOTL.IN,12568796
Australia,AU,AUS,2014,SL.TLF.TOTL.IN,12332149
Australia,AU,AUS,2013,SL.TLF.TOTL.IN,12191663
Australia,AU,AUS,2012,SL.TLF.TOTL.IN,12022336
Australia,AU,AUS,2011,SL.TLF.TOTL.IN,11857590
Australia,AU,AUS,2010,SL.TLF.TOTL.IN,11675443
Chile,CL,CHL,2023,SL.TLF.TOTL.IN,9991796
Chile,CL,CHL,2022,SL.TLF.TOTL.IN,9670728
Chile,CL,CHL,2021,SL.TLF.TOTL.IN,9171143
Chile,CL,CHL,2020,SL.TLF.TOTL.IN,8906788
Chile,CL,CHL,2019,SL.TLF.TOTL.IN,9843775
Chile,CL,CHL,2018,SL.TLF.TOTL.IN,9671888
Chile,CL,CHL,2017,SL.TLF.TOTL.IN,9423968
Chile,CL,CHL,2016,SL.TLF.TOTL.IN,9146668
Chile,CL,CHL,2015,SL.TLF.TOTL.IN,8996276
Chile,CL,CHL,2014,SL.TLF.TOTL.IN,8855370
Chile,CL,CHL,2013,SL.TLF.TOTL.IN,8693613
Chile,CL,CHL,2012,SL.TLF.TOTL.IN,8560000
Chile,CL,CHL,2011,SL.TLF.TOTL.IN,8444195
Chile,CL,CHL,2010,SL.TLF.TOTL.IN,8137781
Colombia,CO,COL,2023,SL.TLF.TOTL.IN,26478562
Colombia,CO,COL,2022,SL.TLF.TOTL.IN,25828593
Colombia,CO,COL,2021,SL.TLF.TOTL.IN,25915910
Colombia,CO,COL,2020,SL.TLF.TOTL.IN,25151123
Colombia,CO,COL,2019,SL.TLF.TOTL.IN,25000012
Colombia,CO,COL,2018,SL.TLF.TOTL.IN,24727292
Colombia,CO,COL,2017,SL.TLF.TOTL.IN,24367946
Colombia,CO,COL,2016,SL.TLF.TOTL.IN,23971867
Colombia,CO,COL,2015,SL.TLF.TOTL.IN,23769792
Colombia,CO,COL,2014,SL.TLF.TOTL.IN,23376219
Colombia,CO,COL,2013,SL.TLF.TOTL.IN,23081167
Colombia,CO,COL,2012,SL.TLF.TOTL.IN,22946523
Colombia,CO,COL,2011,SL.TLF.TOTL.IN,22348779
Colombia,CO,COL,2010,SL.TLF.TOTL.IN,21788403
"Egypt, Arab Rep.",EG,EGY,2023,SL.TLF.TOTL.IN,34567534
"Egypt, Arab Rep.",EG,EGY,2022,SL.TLF.TOTL.IN,32394044
"Egypt, Arab Rep.",EG,EGY,2021,SL.TLF.TOTL.IN,31865548
"Egypt, Arab Rep.",EG,EGY,2020,SL.TLF.TOTL.IN,30264331
"Egypt, Arab Rep.",EG,EGY,2019,SL.TLF.TOTL.IN,30072045
"Egypt, Arab Rep.",EG,EGY,2018,SL.TLF.TOTL.IN,30208878
"Egypt, Arab Rep.",EG,EGY,2017,SL.TLF.TOTL.IN,30714881
"Egypt, Arab Rep.",EG,EGY,2016,SL.TLF.TOTL.IN,31224055
"Egypt, Arab Rep.",EG,EGY,2015,SL.TLF.TOTL.IN,30851683
"Egypt, Arab Rep.",EG,EGY,2014,SL.TLF.TOTL.IN,30992087
"Egypt, Arab Rep.",EG,EGY,2013,SL.TLF.TOTL.IN,30519334
"Egypt, Arab Rep.",EG,EGY,2012,SL.TLF.TOTL.IN,29870854
"Egypt, Arab Rep.",EG,EGY,2011,SL.TLF.TOTL.IN,29381900
"Egypt, Arab Rep.",EG,EGY,2010,SL.TLF.TOTL.IN,29112224
Indonesia,ID,IDN,2023,SL.TLF.TOTL.IN,143318723
Indonesia,ID,IDN,2022,SL.TLF.TOTL.IN,139637843
Indonesia,ID,IDN,2021,SL.TLF.TOTL.IN,135672770
Indonesia,ID,IDN,2020,SL.TLF.TOTL.IN,137375390
Indonesia,ID,IDN,2019,SL.TLF.TOTL.IN,137425585
Indonesia,ID,IDN,2018,SL.TLF.TOTL.IN,134532894
Indonesia,ID,IDN,2017,SL.TLF.TOTL.IN,130940742
Indonesia,ID,IDN,2016,SL.TLF.TOTL.IN,128501300
Indonesia,ID,IDN,2015,SL.TLF.TOTL.IN,127299364
Indonesia,ID,IDN,2014,SL.TLF.TOTL.IN,125645513
Indonesia,ID,IDN,2013,SL.TLF.TOTL.IN,124097473
Indonesia,ID,IDN,2012,SL.TLF.TOTL.IN,123448397
Indonesia,ID,IDN,2011,SL.TLF.TOTL.IN,120648289
Indonesia,ID,IDN,2010,SL.TLF.TOTL.IN,118205102
India,IN,IND,2023,SL.TLF.TOTL.IN,589486854
India,IN,IND,2022,SL.TLF.TOTL.IN,569155867
India,IN,IND,2021,SL.TLF.TOTL.IN,550352877
India,IN,IND,2020,SL.TLF.TOTL.IN,532528354
India,IN,IND,2019,SL.TLF.TOTL.IN,531373378
India,IN,IND,2018,SL.TLF.TOTL.IN,524292869
India,IN,IND,2017,SL.TLF.TOTL.IN,516713963
India,IN,IND,2016,SL.TLF.TOTL.IN,508681288
India,IN,IND,2015,SL.TLF.TOTL.IN,500640619
India,IN,IND,2014,SL.TLF.TOTL.IN,492680645
India,IN,IND,2013,SL.TLF.TOTL.IN,484466830
India,IN,IND,2012,SL.TLF.TOTL.IN,476101422
India,IN,IND,2011,SL.TLF.TOTL.IN,471891929
India,IN,IND,2010,SL.TLF.TOTL.IN,467561989
"Korea, Rep.",KR,KOR,2023,SL.TLF.TOTL.IN,29587631
"Korea, Rep.",KR,KOR,2022,SL.TLF.TOTL.IN,29201402
"Korea, Rep.",KR,KOR,2021,SL.TLF.TOTL.IN,28560792
"Korea, Rep.",KR,KOR,2020,SL.TLF.TOTL.IN,28369827
"Korea, Rep.",KR,KOR,2019,SL.TLF.TOTL.IN,28561856
"Korea, Rep.",KR,KOR,2018,SL.TLF.TOTL.IN,28257879
"Korea, Rep.",KR,KOR,2017,SL.TLF.TOTL.IN,28106147
"Korea, Rep.",KR,KOR,2016,SL.TLF.TOTL.IN,27791833
"Korea, Rep.",KR,KOR,2015,SL.TLF.TOTL.IN,27531028
"Korea, Rep.",KR,KOR,2014,SL.TLF.TOTL.IN,27115956
"Korea, Rep.",KR,KOR,2013,SL.TLF.TOTL.IN,26423747
"Korea, Rep.",KR,KOR,2012,SL.TLF.TOTL.IN,25940388
"Korea, Rep.",KR,KOR,2011,SL.TLF.TOTL.IN,25497708
"Korea, Rep.",KR,KOR,2010,SL.TLF.TOTL.IN,24998081
Nigeria,NG,NGA,2023,SL.TLF.TOTL.IN,110075281
Nigeria,NG,NGA,2022,SL.TLF.TOTL.IN,105269418
Nigeria,NG,NGA,2021,SL.TLF.TOTL.IN,100887576
Nigeria,NG,NGA,2020,SL.TLF.TOTL.IN,97041268
Nigeria,NG,NGA,2019,SL.TLF.TOTL.IN,96335866
Nigeria,NG,NGA,2018,SL.TLF.TOTL.IN,93615892
Nigeria,NG,NGA,2017,SL.TLF.TOTL.IN,90905566
Nigeria,NG,NGA,2016,SL.TLF.TOTL.IN,88256929
Nigeria,NG,NGA,2015,SL.TLF.TOTL.IN,85773802
Nigeria,NG,NGA,2014,SL.TLF.TOTL.IN,83458627
Nigeria,NG,NGA,2013,SL.TLF.TOTL.IN,81303065
Nigeria,NG,NGA,2012,SL.TLF.TOTL.IN,79317244
Nigeria,NG,NGA,2011,SL.TLF.TOTL.IN,77225150
Nigeria,NG,NGA,2010,SL.TLF.TOTL.IN,75284751
Russian Federation,RU,RUS,2023,SL.TLF.TOTL.IN,73713863
Russian Federation,RU,RUS,2022,SL.TLF.TOTL.IN,73531906
Russian Federation,RU,RUS,2021,SL.TLF.TOTL.IN,73799608
Russian Federation,RU,RUS,2020,SL.TLF.TOTL.IN,73410465
Russian Federation,RU,RUS,2019,SL.TLF.TOTL.IN,73911859
Russian Federation,RU,RUS,2018,SL.TLF.TOTL.IN,74826387
Russian Federation,RU,RUS,2017,SL.TLF.TOTL.IN,74950044
Russian Federation,RU,RUS,2016,SL.TLF.TOTL.IN,75488447
Russian Federation,RU,RUS,2015,SL.TLF.TOTL.IN,75408951
Russian Federation,RU,RUS,2014,SL.TLF.TOTL.IN,75706539
Russian Federation,RU,RUS,2013,SL.TLF.TOTL.IN,75862836
Russian Federation,RU,RUS,2012,SL.TLF.TOTL.IN,76093148
Russian Federation,RU,RUS,2011,SL.TLF.TOTL.IN,76175102
Russian Federation,RU,RUS,2010,SL.TLF.TOTL.IN,75913844
Saudi Arabia,SA,SAU,2023,SL.TLF.TOTL.IN,16713756
Saudi Arabia,SA,SAU,2022,SL.TLF.TOTL.IN,15469059
Saudi Arabia,SA,SAU,2021,SL.TLF.TOTL.IN,14623231
Saudi Arabia,SA,SAU,2020,SL.TLF.TOTL.IN,14673206
Saudi Arabia,SA,SAU,2019,SL.TLF.TOTL.IN,13661774
Saudi Arabia,SA,SAU,2018,SL.TLF.TOTL.IN,13337661
Saudi Arabia,SA,SAU,2017,SL.TLF.TOTL.IN,13674850
Saudi Arabia,SA,SAU,2016,SL.TLF.TOTL.IN,14104287
Saudi Arabia,SA,SAU,2015,SL.TLF.TOTL.IN,13349016
Saudi Arabia,SA,SAU,2014,SL.TLF.TOTL.IN,12334605
Saudi Arabia,SA,SAU,2013,SL.TLF.TOTL.IN,11714121
Saudi Arabia,SA,SAU,2012,SL.TLF.TOTL.IN,10684948
Saudi Arabia,SA,SAU,2011,SL.TLF.TOTL.IN,9790087
Saudi Arabia,SA,SAU,2010,SL.TLF.TOTL.IN,8924741
Singapore,SG,SGP,2023,SL.TLF.TOTL.IN,3622441
Singapore,SG,SGP,2022,SL.TLF.TOTL.IN,3459003
Singapore,SG,SGP,2021,SL.TLF.TOTL.IN,3385810
Singapore,SG,SGP,2020,SL.TLF.TOTL.IN,3431193
Singapore,SG,SGP,2019,SL.TLF.TOTL.IN,3454121
Singapore,SG,SGP,2018,SL.TLF.TOTL.IN,3390276
Singapore,SG,SGP,2017,SL.TLF.TOTL.IN,3388507
Singapore,SG,SGP,2016,SL.TLF.TOTL.IN,3396546
Singapore,SG,SGP,2015,SL.TLF.TOTL.IN,3360400
Singapore,SG,SGP,2014,SL.TLF.TOTL.IN,3266959
Singapore,SG,SGP,2013,SL.TLF.TOTL.IN,3179345
Singapore,SG,SGP,2012,SL.TLF.TOTL.IN,3125729
Singapore,SG,SGP,2011,SL.TLF.TOTL.IN,3012462
Singapore,SG,SGP,2010,SL.TLF.TOTL.IN,2936802
Turkiye,TR,TUR,2023,SL.TLF.TOTL.IN,35554975
Turkiye,TR,TUR,2022,SL.TLF.TOTL.IN,35081594
Turkiye,TR,TUR,2021,SL.TLF.TOTL.IN,33490693
Turkiye,TR,TUR,2020,SL.TLF.TOTL.IN,31770146
Turkiye,TR,TUR,2019,SL.TLF.TOTL.IN,33686201
Turkiye,TR,TUR,2018,SL.TLF.TOTL.IN,33302540
Turkiye,TR,TUR,2017,SL.TLF.TOTL.IN,32535361
Turkiye,TR,TUR,2016,SL.TLF.TOTL.IN,31514194
Turkiye,TR,TUR,2015,SL.TLF.TOTL.IN,30550902
Turkiye,TR,TUR,2014,SL.TLF.TOTL.IN,29521920
Turkiye,TR,TUR,2013,SL.TLF.TOTL.IN,29149709
Turkiye,TR,TUR,2012,SL.TLF.TOTL.IN,28126488
Turkiye,TR,TUR,2011,SL.TLF.TOTL.IN,27575358
Turkiye,TR,TUR,2010,SL.TLF.TOTL.IN,26452690
Viet Nam,VN,VNM,2023,SL.TLF.TOTL.IN,56381956
Viet Nam,VN,VNM,2022,SL.TLF.TOTL.IN,56475416
Viet Nam,VN,VNM,2021,SL.TLF.TOTL.IN,55299911
Viet Nam,VN,VNM,2020,SL.TLF.TOTL.IN,55149609
Viet Nam,VN,VNM,2019,SL.TLF.TOTL.IN,56180127
Viet Nam,VN,VNM,2018,SL.TLF.TOTL.IN,56235855
Viet Nam,VN,VNM,2017,SL.TLF.TOTL.IN,55533898
Viet Nam,VN,VNM,2016,SL.TLF.TOTL.IN,54888312
Viet Nam,VN,VNM,2015,SL.TLF.TOTL.IN,54628714
Viet Nam,VN,VNM,2014,SL.TLF.TOTL.IN,53885546
Viet Nam,VN,VNM,2013,SL.TLF.TOTL.IN,53209344
Viet Nam,VN,VNM,2012,SL.TLF.TOTL.IN,51916391
Viet Nam,VN,VNM,2011,SL.TLF.TOTL.IN,51197726
Viet Nam,VN,VNM,2010,SL.TLF.TOTL.IN,50303014
South Africa,ZA,ZAF,2023,SL.TLF.TOTL.IN,25707269
South Africa,ZA,ZAF,2022,SL.TLF.TOTL.IN,24587967
South Africa,ZA,ZAF,2021,SL.TLF.TOTL.IN,23480812
South Africa,ZA,ZAF,2020,SL.TLF.TOTL.IN,22347803
South Africa,ZA,ZAF,2019,SL.TLF.TOTL.IN,23899064
South Africa,ZA,ZAF,2018,SL.TLF.TOTL.IN,23325105
South Africa,ZA,ZAF,2017,SL.TLF.TOTL.IN,22888401
South Africa,ZA,ZAF,2016,SL.TLF.TOTL.IN,22454382
South Africa,ZA,ZAF,2015,SL.TLF.TOTL.IN,22199948
South Africa,ZA,ZAF,2014,SL.TLF.TOTL.IN,21191119
South Africa,ZA,ZAF,2013,SL.TLF.TOTL.IN,20696420
South Africa,ZA,ZAF,2012,SL.TLF.TOTL.IN,20077789
South Africa,ZA,ZAF,2011,SL.TLF.TOTL.IN,19595642
South Africa,ZA,ZAF,2010,SL.TLF.TOTL.IN,19313604
Argentina,AR,ARG,2023,SE.ADT.1524.LT.ZS,
Argentina,AR,ARG,2022,SE.ADT.1524.LT.ZS,
Argentina,AR,ARG,2021,SE.ADT.1524.LT.ZS,
Argentina,AR,ARG,2020,SE.ADT.1524.LT.ZS,99.6800003051758
Argentina,AR,ARG,2019,SE.ADT.1524.LT.ZS,
Argentina,AR,ARG,2018,SE.ADT.1524.LT.ZS,
Argentina,AR,ARG,2017,SE.ADT.1524.LT.ZS,
Argentina,AR,ARG,2016,SE.ADT.1524.LT.ZS,
Argentina,AR,ARG,2015,SE.ADT.1524.LT.ZS,
Argentina,AR,ARG,2014,SE.ADT.1524.LT.ZS,
Argentina,AR,ARG,2013,SE.ADT.1524.LT.ZS,
Argentina,AR,ARG,2012,SE.ADT.1524.LT.ZS,
Argentina,AR,ARG,2011,SE.ADT.1524.LT.ZS,
Argentina,AR,ARG,2010,SE.ADT.1524.LT.ZS,
Brazil,BR,BRA,2023,SE.ADT.1524.LT.ZS,99.3
Brazil,BR,BRA,2022,SE.ADT.1524.LT.ZS,99.3
Brazil,BR,BRA,2021,SE.ADT.1524.LT.ZS,99.3
Brazil,BR,BRA,2020,SE.ADT.1524.LT.ZS,99.2
Brazil,BR,BRA,2019,SE.ADT.1524.LT.ZS,99.1
Brazil,BR,BRA,2018,SE.ADT.1524.LT.ZS,99.1999969482422
Brazil,BR,BRA,2017,SE.ADT.1524.LT.ZS,99.1600036621094
Brazil,BR,BRA,2016,SE.ADT.1524.LT.ZS,99.1100006103516
Brazil,BR,BRA,2015,SE.ADT.1524.LT.ZS,98.9599990844727
Brazil,BR,BRA,2014,SE.ADT.1524.LT.ZS,98.8499984741211
Brazil,BR,BRA,2013,SE.ADT.1524.LT.ZS,98.7399978637695
Brazil,BR,BRA,2012,SE.ADT.1524.LT.ZS,98.620002746582
Brazil,BR,BRA,2011,SE.ADT.1524.LT.ZS,98.4899978637695
Brazil,BR,BRA,2010,SE.ADT.1524.LT.ZS,97.5100021362305
Canada,CA,CAN,2023,SE.ADT.1524.LT.ZS,
Canada,CA,CAN,2022,SE.ADT.1524.LT.ZS,
Canada,CA,CAN,2021,SE.ADT.1524.LT.ZS,
Canada,CA,CAN,2020,SE.ADT.1524.LT.ZS,
Canada,CA,CAN,2019,SE.ADT.1524.LT.ZS,
Canada,CA,CAN,2018,SE.ADT.1524.LT.ZS,
Canada,CA,CAN,2017,SE.ADT.1524.LT.ZS,
Canada,CA,CAN,2016,SE.ADT.1524.LT.ZS,
Canada,CA,CAN,2015,SE.ADT.1524.LT.ZS,
Canada,CA,CAN,2014,SE.ADT.1524.LT.ZS,
Canada,CA,CAN,2013,SE.ADT.1524.LT.ZS,
Canada,CA,CAN,2012,SE.ADT.1524.LT.ZS,
Canada,CA,CAN,2011,SE.ADT.1524.LT.ZS,
Canada,CA,CAN,2010,SE.ADT.1524.LT.ZS,
China,CN,CHN,2023,SE.ADT.1524.LT.ZS,
China,CN,CHN,2022,SE.ADT.1524.LT.ZS,
China,CN,CHN,2021,SE.ADT.1524.LT.ZS,
China,CN,CHN,2020,SE.ADT.1524.LT.ZS,99.7600021362305
China,CN,CHN,2019,SE.ADT.1524.LT.ZS,
China,CN,CHN,2018,SE.ADT.1524.LT.ZS,
China,CN,CHN,2017,SE.ADT.1524.LT.ZS,
China,CN,CHN,2016,SE.ADT.1524.LT.ZS,
China,CN,CHN,2015,SE.ADT.1524.LT.ZS,
China,CN,CHN,2014,SE.ADT.1524.LT.ZS,
China,CN,CHN,2013,SE.ADT.1524.LT.ZS,
China,CN,CHN,2012,SE.ADT.1524.LT.ZS,
China,CN,CHN,2011,SE.ADT.1524.LT.ZS,
China,CN,CHN,2010,SE.ADT.1524.LT.ZS,99.6399993896484
Germany,DE,DEU,2023,SE.ADT.1524.LT.ZS,
Germany,DE,DEU,2022,SE.ADT.1524.LT.ZS,
Germany,DE,DEU,2021,SE.ADT.1524.LT.ZS,
Germany,DE,DEU,2020,SE.ADT.1524.LT.ZS,
Germany,DE,DEU,2019,SE.ADT.1524.LT.ZS,
Germany,DE,DEU,2018,SE.ADT.1524.LT.ZS,
Germany,DE,DEU,2017,SE.ADT.1524.LT.ZS,
Germany,DE,DEU,2016,SE.ADT.1524.LT.ZS,
Germany,DE,DEU,2015,SE.ADT.1524.LT.ZS,
Germany,DE,DEU,2014,SE.ADT.1524.LT.ZS,
Germany,DE,DEU,2013,SE.ADT.1524.LT.ZS,
Germany,DE,DEU,2012,SE.ADT.1524.LT.ZS,
Germany,DE,DEU,2011,SE.ADT.1524.LT.ZS,
Germany,DE,DEU,2010,SE.ADT.1524.LT.ZS,
Spain,ES,ESP,2023,SE.ADT.1524.LT.ZS,
Spain,ES,ESP,2022,SE.ADT.1524.LT.ZS,
Spain,ES,ESP,2021,SE.ADT.1524.LT.ZS,99.7300033569336
Spain,ES,ESP,2020,SE.ADT.1524.LT.ZS,99.620002746582
Spain,ES,ESP,2019,SE.ADT.1524.LT.ZS,
Spain,ES,ESP,2018,SE.ADT.1524.LT.ZS,99.7200012207031
Spain,ES,ESP,2017,SE.ADT.1524.LT.ZS,
Spain,ES,ESP,2016,SE.ADT.1524.LT.ZS,99.620002746582
Spain,ES,ESP,2015,SE.ADT.1524.LT.ZS,99.6600036621094
Spain,ES,ESP,2014,SE.ADT.1524.LT.ZS,99.7200012207031
Spain,ES,ESP,2013,SE.ADT.1524.LT.ZS,99.6699981689453
Spain,ES,ESP,2012,SE.ADT.1524.LT.ZS,99.6699981689453
Spain,ES,ESP,2011,SE.ADT.1524.LT.ZS,99.6999969482422
Spain,ES,ESP,2010,SE.ADT.1524.LT.ZS,99.5899963378906
France,FR,FRA,2023,SE.ADT.1524.LT.ZS,
France,FR,FRA,2022,SE.ADT.1524.LT.ZS,
France,FR,FRA,2021,SE.ADT.1524.LT.ZS,
France,FR,FRA,2020,SE.ADT.1524.LT.ZS,
France,FR,FRA,2019,SE.ADT.1524.LT.ZS,
France,FR,FRA,2018,SE.ADT.1524.LT.ZS,
France,FR,FRA,2017,SE.ADT.1524.LT.ZS,
France,FR,FRA,2016,SE.ADT.1524.LT.ZS,
France,FR,FRA,2015,SE.ADT.1524.LT.ZS,
France,FR,FRA,2014,SE.ADT.1524.LT.ZS,
France,FR,FRA,2013,SE.ADT.1524.LT.ZS,
France,FR,FRA,2012,SE.ADT.1524.LT.ZS,
France,FR,FRA,2011,SE.ADT.1524.LT.ZS,
France,FR,FRA,2010,SE.ADT.1524.LT.ZS,
United Kingdom,GB,GBR,2023,SE.ADT.1524.LT.ZS,
United Kingdom,GB,GBR,2022,SE.ADT.1524.LT.ZS,
United Kingdom,GB,GBR,2021,SE.ADT.1524.LT.ZS,
United Kingdom,GB,GBR,2020,SE.ADT.1524.LT.ZS,
United Kingdom,GB,GBR,2019,SE.ADT.1524.LT.ZS,
United Kingdom,GB,GBR,2018,SE.ADT.1524.LT.ZS,
United Kingdom,GB,GBR,2017,SE.ADT.1524.LT.ZS,
United Kingdom,GB,GBR,2016,SE.ADT.1524.LT.ZS,
United Kingdom,GB,GBR,2015,SE.ADT.1524.LT.ZS,
United Kingdom,GB,GBR,2014,SE.ADT.1524.LT.ZS,
United Kingdom,GB,GBR,2013,SE.ADT.1524.LT.ZS,
United Kingdom,GB,GBR,2012,SE.ADT.1524.LT.ZS,
United Kingdom,GB,GBR,2011,SE.ADT.1524.LT.ZS,
United Kingdom,GB,GBR,2010,SE.ADT.1524.LT.ZS,
Italy,IT,ITA,2023,SE.ADT.1524.LT.ZS,
Italy,IT,ITA,2022,SE.ADT.1524.LT.ZS,
Italy,IT,ITA,2021,SE.ADT.1524.LT.ZS,
Italy,IT,ITA,2020,SE.ADT.1524.LT.ZS,
Italy,IT,ITA,2019,SE.ADT.1524.LT.ZS,99.870002746582
Italy,IT,ITA,2018,SE.ADT.1524.LT.ZS,
Italy,IT,ITA,2017,SE.ADT.1524.LT.ZS,
Italy,IT,ITA,2016,SE.ADT.1524.LT.ZS,
Italy,IT,ITA,2015,SE.ADT.1524.LT.ZS,
Italy,IT,ITA,2014,SE.ADT.1524.LT.ZS,
Italy,IT,ITA,2013,SE.ADT.1524.LT.ZS,
Italy,IT,ITA,2012,SE.ADT.1524.LT.ZS,
Italy,IT,ITA,2011,SE.ADT.1524.LT.ZS,99.8600006103516
Italy,IT,ITA,2010,SE.ADT.1524.LT.ZS,
Japan,JP,JPN,2023,SE.ADT.1524.LT.ZS,
Japan,JP,JPN,2022,SE.ADT.1524.LT.ZS,
Japan,JP,JPN,2021,SE.ADT.1524.LT.ZS,
Japan,JP,JPN,2020,SE.ADT.1524.LT.ZS,
Japan,JP,JPN,2019,SE.ADT.1524.LT.ZS,
Japan,JP,JPN,2018,SE.ADT.1524.LT.ZS,
Japan,JP,JPN,2017,SE.ADT.1524.LT.ZS,
Japan,JP,JPN,2016,SE.ADT.1524.LT.ZS,
Japan,JP,JPN,2015,SE.ADT.1524.LT.ZS,
Japan,JP,JPN,2014,SE.ADT.1524.LT.ZS,
Japan,JP,JPN,2013,SE.ADT.1524.LT.ZS,
Japan,JP,JPN,2012,SE.ADT.1524.LT.ZS,
Japan,JP,JPN,2011,SE.ADT.1524.LT.ZS,
Japan,JP,JPN,2010,SE.ADT.1524.LT.ZS,
Mexico,MX,MEX,2023,SE.ADT.1524.LT.ZS,99.1639802251459
Mexico,MX,MEX,2022,SE.ADT.1524.LT.ZS,98.9499969482422
Mexico,MX,MEX,2021,SE.ADT.1524.LT.ZS,99.254077553763
Mexico,MX,MEX,2020,SE.ADT.1524.LT.ZS,99.0800018310547
Mexico,MX,MEX,2019,SE.ADT.1524.LT.ZS,99.1938120034309
Mexico,MX,MEX,2018,SE.ADT.1524.LT.ZS,99.3199996948242
Mexico,MX,MEX,2017,SE.ADT.1524.LT.ZS,99.120002746582
Mexico,MX,MEX,2016,SE.ADT.1524.LT.ZS,99.120002746582
Mexico,MX,MEX,2015,SE.ADT.1524.LT.ZS,98.9400024414062
Mexico,MX,MEX,2014,SE.ADT.1524.LT.ZS,99
Mexico,MX,MEX,2013,SE.ADT.1524.LT.ZS,98.5599975585938
Mexico,MX,MEX,2012,SE.ADT.1524.LT.ZS,98.879997253418
Mexico,MX,MEX,2011,SE.ADT.1524.LT.ZS,98.4599990844727
Mexico,MX,MEX,2010,SE.ADT.1524.LT.ZS,98.4300003051758
Netherlands,NL,NLD,2023,SE.ADT.1524.LT.ZS,
Netherlands,NL,NLD,2022,SE.ADT.1524.LT.ZS,
Netherlands,NL,NLD,2021,SE.ADT.1524.LT.ZS,
Netherlands,NL,NLD,2020,SE.ADT.1524.LT.ZS,
Netherlands,NL,NLD,2019,SE.ADT.1524.LT.ZS,
Netherlands,NL,NLD,2018,SE.ADT.1524.LT.ZS,
Netherlands,NL,NLD,2017,SE.ADT.1524.LT.ZS,
Netherlands,NL,NLD,2016,SE.ADT.1524.LT.ZS,
Netherlands,NL,NLD,2015,SE.ADT.1524.LT.ZS,
Netherlands,NL,NLD,2014,SE.ADT.1524.LT.ZS,
Netherlands,NL,NLD,2013,SE.ADT.1524.LT.ZS,
Netherlands,NL,NLD,2012,SE.ADT.1524.LT.ZS,
Netherlands,NL,NLD,2011,SE.ADT.1524.LT.ZS,
Netherlands,NL,NLD,2010,SE.ADT.1524.LT.ZS,
Poland,PL,POL,2023,SE.ADT.1524.LT.ZS,
Poland,PL,POL,2022,SE.ADT.1524.LT.ZS,
Poland,PL,POL,2021,SE.ADT.1524.LT.ZS,
Poland,PL,POL,2020,SE.ADT.1524.LT.ZS,
Poland,PL,POL,2019,SE.ADT.1524.LT.ZS,
Poland,PL,POL,2018,SE.ADT.1524.LT.ZS,
Poland,PL,POL,2017,SE.ADT.1524.LT.ZS,
Poland,PL,POL,2016,SE.ADT.1524.LT.ZS,
Poland,PL,POL,2015,SE.ADT.1524.LT.ZS,
Poland,PL,POL,2014,SE.ADT.1524.LT.ZS,
Poland,PL,POL,2013,SE.ADT.1524.LT.ZS,
Poland,PL,POL,2012,SE.ADT.1524.LT.ZS,
Poland,PL,POL,2011,SE.ADT.1524.LT.ZS,
Poland,PL,POL,2010,SE.ADT.1524.LT.ZS,
Sweden,SE,SWE,2023,SE.ADT.1524.LT.ZS,
Sweden,SE,SWE,2022,SE.ADT.1524.LT.ZS,
Sweden,SE,SWE,2021,SE.ADT.1524.LT.ZS,
Sweden,SE,SWE,2020,SE.ADT.1524.LT.ZS,
Sweden,SE,SWE,2019,SE.ADT.1524.LT.ZS,
Sweden,SE,SWE,2018,SE.ADT.1524.LT.ZS,
Sweden,SE,SWE,2017,SE.ADT.1524.LT.ZS,
Sweden,SE,SWE,2016,SE.ADT.1524.LT.ZS,
Sweden,SE,SWE,2015,SE.ADT.1524.LT.ZS,
Sweden,SE,SWE,2014,SE.ADT.1524.LT.ZS,
Sweden,SE,SWE,2013,SE.ADT.1524.LT.ZS,
Sweden,SE,SWE,2012,SE.ADT.1524.LT.ZS,
Sweden,SE,SWE,2011,SE.ADT.1524.LT.ZS,
Sweden,SE,SWE,2010,SE.ADT.1524.LT.ZS,
United States,US,USA,2023,SE.ADT.1524.LT.ZS,
United States,US,USA,2022,SE.ADT.1524.LT.ZS,
United States,US,USA,2021,SE.ADT.1524.LT.ZS,
United States,US,USA,2020,SE.ADT.1524.LT.ZS,
United States,US,USA,2019,SE.ADT.1524.LT.ZS,
United States,US,USA,2018,SE.ADT.1524.LT.ZS,
United States,US,USA,2017,SE.ADT.1524.LT.ZS,
United States,US,USA,2016,SE.ADT.1524.LT.ZS,
United States,US,USA,2015,SE.ADT.1524.LT.ZS,
United States,US,USA,2014,SE.ADT.1524.LT.ZS,
United States,US,USA,2013,SE.ADT.1524.LT.ZS,
United States,US,USA,2012,SE.ADT.1524.LT.ZS,
United States,US,USA,2011,SE.ADT.1524.LT.ZS,
United States,US,USA,2010,SE.ADT.1524.LT.ZS,
Australia,AU,AUS,2023,SE.ADT.1524.LT.ZS,
Australia,AU,AUS,2022,SE.ADT.1524.LT.ZS,
Australia,AU,AUS,2021,SE.ADT.1524.LT.ZS,
Australia,AU,AUS,2020,SE.ADT.1524.LT.ZS,
Australia,AU,AUS,2019,SE.ADT.1524.LT.ZS,
Australia,AU,AUS,2018,SE.ADT.1524.LT.ZS,
Australia,AU,AUS,2017,SE.ADT.1524.LT.ZS,
Australia,AU,AUS,2016,SE.ADT.1524.LT.ZS,
Australia,AU,AUS,2015,SE.ADT.1524.LT.ZS,
Australia,AU,AUS,2014,SE.ADT.1524.LT.ZS,
Australia,AU,AUS,2013,SE.ADT.1524.LT.ZS,
Australia,AU,AUS,2012,SE.ADT.1524.LT.ZS,
Australia,AU,AUS,2011,SE.ADT.1524.LT.ZS,
Australia,AU,AUS,2010,SE.ADT.1524.LT.ZS,
Chile,CL,CHL,2023,SE.ADT.1524.LT.ZS,
Chile,CL,CHL,2022,SE.ADT.1524.LT.ZS,99.3
Chile,CL,CHL,2021,SE.ADT.1524.LT.ZS,
Chile,CL,CHL,2020,SE.ADT.1524.LT.ZS,
Chile,CL,CHL,2019,SE.ADT.1524.LT.ZS,
Chile,CL,CHL,2018,SE.ADT.1524.LT.ZS,
Chile,CL,CHL,2017,SE.ADT.1524.LT.ZS,99.0100021362305
Chile,CL,CHL,2016,SE.ADT.1524.LT.ZS,
Chile,CL,CHL,2015,SE.ADT.1524.LT.ZS,99.3499984741211
Chile,CL,CHL,2014,SE.ADT.1524.LT.ZS,
Chile,CL,CHL,2013,SE.ADT.1524.LT.ZS,99.0500030517578
Chile,CL,CHL,2012,SE.ADT.1524.LT.ZS,
Chile,CL,CHL,2011,SE.ADT.1524.LT.ZS,99.4100036621094
Chile,CL,CHL,2010,SE.ADT.1524.LT.ZS,
Colombia,CO,COL,2023,SE.ADT.1524.LT.ZS,99
Colombia,CO,COL,2022,SE.ADT.1524.LT.ZS,98.9
Colombia,CO,COL,2021,SE.ADT.1524.LT.ZS,99.1
Colombia,CO,COL,2020,SE.ADT.1524.LT.ZS,99.0100021362305
Colombia,CO,COL,2019,SE.ADT.1524.LT.ZS,98.8300018310547
Colombia,CO,COL,2018,SE.ADT.1524.LT.ZS,98.8499984741211
Colombia,CO,COL,2017,SE.ADT.1524.LT.ZS,98.6
Colombia,CO,COL,2016,SE.ADT.1524.LT.ZS,98.6699981689453
Colombia,CO,COL,2015,SE.ADT.1524.LT.ZS,98.5299987792969
Colombia,CO,COL,2014,SE.ADT.1524.LT.ZS,98.5400009155273
Colombia,CO,COL,2013,SE.ADT.1524.LT.ZS,98.3
Colombia,CO,COL,2012,SE.ADT.1524.LT.ZS,98.2
Colombia,CO,COL,2011,SE.ADT.1524.LT.ZS,98.2399978637695
Colombia,CO,COL,2010,SE.ADT.1524.LT.ZS,98.0999984741211
"Egypt, Arab Rep.",EG,EGY,2023,SE.ADT.1524.LT.ZS,
"Egypt, Arab Rep.",EG,EGY,2022,SE.ADT.1524.LT.ZS,95.190867622614
"Egypt, Arab Rep.",EG,EGY,2021,SE.ADT.1524.LT.ZS,96.6145122385941
"Egypt, Arab Rep.",EG,EGY,2020,SE.ADT.1524.LT.ZS,
"Egypt, Arab Rep.",EG,EGY,2019,SE.ADT.1524.LT.ZS,
"Egypt, Arab Rep.",EG,EGY,2018,SE.ADT.1524.LT.ZS,
"Egypt, Arab Rep.",EG,EGY,2017,SE.ADT.1524.LT.ZS,88.1900024414062
"Egypt, Arab Rep.",EG,EGY,2016,SE.ADT.1524.LT.ZS,
"Egypt, Arab Rep.",EG,EGY,2015,SE.ADT.1524.LT.ZS,
"Egypt, Arab Rep.",EG,EGY,2014,SE.ADT.1524.LT.ZS,94.08
"Egypt, Arab Rep.",EG,EGY,2013,SE.ADT.1524.LT.ZS,92.0199966430664
"Egypt, Arab Rep.",EG,EGY,2012,SE.ADT.1524.LT.ZS,89.2799987792969
"Egypt, Arab Rep.",EG,EGY,2011,SE.ADT.1524.LT.ZS,
"Egypt, Arab Rep.",EG,EGY,2010,SE.ADT.1524.LT.ZS,87.5100021362305
Indonesia,ID,IDN,2023,SE.ADT.1524.LT.ZS,
Indonesia,ID,IDN,2022,SE.ADT.1524.LT.ZS,93.79
Indonesia,ID,IDN,2021,SE.ADT.1524.LT.ZS,
Indonesia,ID,IDN,2020,SE.ADT.1524.LT.ZS,99.7799987792969
Indonesia,ID,IDN,2019,SE.ADT.1524.LT.ZS,
Indonesia,ID,IDN,2018,SE.ADT.1524.LT.ZS,99.7099990844727
Indonesia,ID,IDN,2017,SE.ADT.1524.LT.ZS,99.58
Indonesia,ID,IDN,2016,SE.ADT.1524.LT.ZS,99.6699981689453
Indonesia,ID,IDN,2015,SE.ADT.1524.LT.ZS,99.6699981689453
Indonesia,ID,IDN,2014,SE.ADT.1524.LT.ZS,99.6800003051758
Indonesia,ID,IDN,2013,SE.ADT.1524.LT.ZS,
Indonesia,ID,IDN,2012,SE.ADT.1524.LT.ZS,
Indonesia,ID,IDN,2011,SE.ADT.1524.LT.ZS,98.7799987792969
Indonesia,ID,IDN,2010,SE.ADT.1524.LT.ZS,98.5599975585938
India,IN,IND,2023,SE.ADT.1524.LT.ZS,97.0400009155273
India,IN,IND,2022,SE.ADT.1524.LT.ZS,96.5400009155273
India,IN,IND,2021,SE.ADT.1524.LT.ZS,95.8899228556846
India,IN,IND,2020,SE.ADT.1524.LT.ZS,95.675096052413
India,IN,IND,2019,SE.ADT.1524.LT.ZS,94.7674702180886
India,IN,IND,2018,SE.ADT.1524.LT.ZS,94.6062793409244
India,IN,IND,2017,SE.ADT.1524.LT.ZS,
India,IN,IND,2016,SE.ADT.1524.LT.ZS,90.2900009155273
India,IN,IND,2015,SE.ADT.1524.LT.ZS,
India,IN,IND,2014,SE.ADT.1524.LT.ZS,
India,IN,IND,2013,SE.ADT.1524.LT.ZS,
India,IN,IND,2012,SE.ADT.1524.LT.ZS,89.965757814331
India,IN,IND,2011,SE.ADT.1524.LT.ZS,86.1399993896484
India,IN,IND,2010,SE.ADT.1524.LT.ZS,87.9337411825546
"Korea, Rep.",KR,KOR,2023,SE.ADT.1524.LT.ZS,
"Korea, Rep.",KR,KOR,2022,SE.ADT.1524.LT.ZS,
"Korea, Rep.",KR,KOR,2021,SE.ADT.1524.LT.ZS,
"Korea, Rep.",KR,KOR,2020,SE.ADT.1524.LT.ZS,
"Korea, Rep.",KR,KOR,2019,SE.ADT.1524.LT.ZS,
"Korea, Rep.",KR,KOR,2018,SE.ADT.1524.LT.ZS,
"Korea, Rep.",KR,KOR,2017,SE.ADT.1524.LT.ZS,
"Korea, Rep.",KR,KOR,2016,SE.ADT.1524.LT.ZS,
"Korea, Rep.",KR,KOR,2015,SE.ADT.1524.LT.ZS,
"Korea, Rep.",KR,KOR,2014,SE.ADT.1524.LT.ZS,
"Korea, Rep.",KR,KOR,2013,SE.ADT.1524.LT.ZS,
"Korea, Rep.",KR,KOR,2012,SE.ADT.1524.LT.ZS,
"Korea, Rep.",KR,KOR,2011,SE.ADT.1524.LT.ZS,
"Korea, Rep.",KR,KOR,2010,SE.ADT.1524.LT.ZS,
Nigeria,NG,NGA,2023,SE.ADT.1524.LT.ZS,
Nigeria,NG,NGA,2022,SE.ADT.1524.LT.ZS,
Nigeria,NG,NGA,2021,SE.ADT.1524.LT.ZS,73.6699981689453
Nigeria,NG,NGA,2020,SE.ADT.1524.LT.ZS,
Nigeria,NG,NGA,2019,SE.ADT.1524.LT.ZS,
Nigeria,NG,NGA,2018,SE.ADT.1524.LT.ZS,
Nigeria,NG,NGA,2017,SE.ADT.1524.LT.ZS,
Nigeria,NG,NGA,2016,SE.ADT.1524.LT.ZS,72.9599990844727
Nigeria,NG,NGA,2015,SE.ADT.1524.LT.ZS,
Nigeria,NG,NGA,2014,SE.ADT.1524.LT.ZS,
Nigeria,NG,NGA,2013,SE.ADT.1524.LT.ZS,79.16
Nigeria,NG,NGA,2012,SE.ADT.1524.LT.ZS,
Nigeria,NG,NGA,2011,SE.ADT.1524.LT.ZS,
Nigeria,NG,NGA,2010,SE.ADT.1524.LT.ZS,
Russian Federation,RU,RUS,2023,SE.ADT.1524.LT.ZS,
Russian Federation,RU,RUS,2022,SE.ADT.1524.LT.ZS,
Russian Federation,RU,RUS,2021,SE.ADT.1524.LT.ZS,99.9199981689453
Russian Federation,RU,RUS,2020,SE.ADT.1524.LT.ZS,
Russian Federation,RU,RUS,2019,SE.ADT.1524.LT.ZS,
Russian Federation,RU,RUS,2018,SE.ADT.1524.LT.ZS,
Russian Federation,RU,RUS,2017,SE.ADT.1524.LT.ZS,
Russian Federation,RU,RUS,2016,SE.ADT.1524.LT.ZS,
Russian Federation,RU,RUS,2015,SE.ADT.1524.LT.ZS,
Russian Federation,RU,RUS,2014,SE.ADT.1524.LT.ZS,
Russian Federation,RU,RUS,2013,SE.ADT.1524.LT.ZS,
Russian Federation,RU,RUS,2012,SE.ADT.1524.LT.ZS,
Russian Federation,RU,RUS,2011,SE.ADT.1524.LT.ZS,
Russian Federation,RU,RUS,2010,SE.ADT.1524.LT.ZS,99.7099990844727
Saudi Arabia,SA,SAU,2023,SE.ADT.1524.LT.ZS,
Saudi Arabia,SA,SAU,2022,SE.ADT.1524.LT.ZS,
Saudi Arabia,SA,SAU,2021,SE.ADT.1524.LT.ZS,
Saudi Arabia,SA,SAU,2020,SE.ADT.1524.LT.ZS,99.5
Saudi Arabia,SA,SAU,2019,SE.ADT.1524.LT.ZS,
Saudi Arabia,SA,SAU,2018,SE.ADT.1524.LT.ZS,
Saudi Arabia,SA,SAU,2017,SE.ADT.1524.LT.ZS,99.3000030517578
Saudi Arabia,SA,SAU,2016,SE.ADT.1524.LT.ZS,
Saudi Arabia,SA,SAU,2015,SE.ADT.1524.LT.ZS,
Saudi Arabia,SA,SAU,2014,SE.ADT.1524.LT.ZS,
Saudi Arabia,SA,SAU,2013,SE.ADT.1524.LT.ZS,99.2200012207031
Saudi Arabia,SA,SAU,2012,SE.ADT.1524.LT.ZS,
Saudi Arabia,SA,SAU,2011,SE.ADT.1524.LT.ZS,
Saudi Arabia,SA,SAU,2010,SE.ADT.1524.LT.ZS,
Singapore,SG,SGP,2023,SE.ADT.1524.LT.ZS,
Singapore,SG,SGP,2022,SE.ADT.1524.LT.ZS,
Singapore,SG,SGP,2021,SE.ADT.1524.LT.ZS,99.8899993896484
Singapore,SG,SGP,2020,SE.ADT.1524.LT.ZS,99.7300033569336
Singapore,SG,SGP,2019,SE.ADT.1524.LT.ZS,99.9300003051758
Singapore,SG,SGP,2018,SE.ADT.1524.LT.ZS,99.9300003051758
Singapore,SG,SGP,2017,SE.ADT.1524.LT.ZS,99.9300003051758
Singapore,SG,SGP,2016,SE.ADT.1524.LT.ZS,99.9300003051758
Singapore,SG,SGP,2015,SE.ADT.1524.LT.ZS,99.7799987792969
Singapore,SG,SGP,2014,SE.ADT.1524.LT.ZS,99.9000015258789
Singapore,SG,SGP,2013,SE.ADT.1524.LT.ZS,99.9000015258789
Singapore,SG,SGP,2012,SE.ADT.1524.LT.ZS,99.8899993896484
Singapore,SG,SGP,2011,SE.ADT.1524.LT.ZS,99.8899993896484
Singapore,SG,SGP,2010,SE.ADT.1524.LT.ZS,99.75
Turkiye,TR,TUR,2023,SE.ADT.1524.LT.ZS,
Turkiye,TR,TUR,2022,SE.ADT.1524.LT.ZS,92.23
Turkiye,TR,TUR,2021,SE.ADT.1524.LT.ZS,99.9599990844727
Turkiye,TR,TUR,2020,SE.ADT.1524.LT.ZS,
Turkiye,TR,TUR,2019,SE.ADT.1524.LT.ZS,99.9100036621094
Turkiye,TR,TUR,2018,SE.ADT.1524.LT.ZS,99.39
Turkiye,TR,TUR,2017,SE.ADT.1524.LT.ZS,99.75
Turkiye,TR,TUR,2016,SE.ADT.1524.LT.ZS,99.620002746582
Turkiye,TR,TUR,2015,SE.ADT.1524.LT.ZS,99.4899978637695
Turkiye,TR,TUR,2014,SE.ADT.1524.LT.ZS,99.3600006103516
Turkiye,TR,TUR,2013,SE.ADT.1524.LT.ZS,99.2300033569336
Turkiye,TR,TUR,2012,SE.ADT.1524.LT.ZS,99.0199966430664
Turkiye,TR,TUR,2011,SE.ADT.1524.LT.ZS,98.7099990844727
Turkiye,TR,TUR,2010,SE.ADT.1524.LT.ZS,98.2200012207031
Viet Nam,VN,VNM,2023,SE.ADT.1524.LT.ZS,
Viet Nam,VN,VNM,2022,SE.ADT.1524.LT.ZS,99.0500030517578
Viet Nam,VN,VNM,2021,SE.ADT.1524.LT.ZS,
Viet Nam,VN,VNM,2020,SE.ADT.1524.LT.ZS,98.1999969482422
Viet Nam,VN,VNM,2019,SE.ADT.1524.LT.ZS,98.629997253418
Viet Nam,VN,VNM,2018,SE.ADT.1524.LT.ZS,
Viet Nam,VN,VNM,2017,SE.ADT.1524.LT.ZS,
Viet Nam,VN,VNM,2016,SE.ADT.1524.LT.ZS,
Viet Nam,VN,VNM,2015,SE.ADT.1524.LT.ZS,
Viet Nam,VN,VNM,2014,SE.ADT.1524.LT.ZS,
Viet Nam,VN,VNM,2013,SE.ADT.1524.LT.ZS,
Viet Nam,VN,VNM,2012,SE.ADT.1524.LT.ZS,
Viet Nam,VN,VNM,2011,SE.ADT.1524.LT.ZS,
Viet Nam,VN,VNM,2010,SE.ADT.1524.LT.ZS,
South Africa,ZA,ZAF,2023,SE.ADT.1524.LT.ZS,
South Africa,ZA,ZAF,2022,SE.ADT.1524.LT.ZS,
South Africa,ZA,ZAF,2021,SE.ADT.1524.LT.ZS,96.6999969482422
South Africa,ZA,ZAF,2020,SE.ADT.1524.LT.ZS,
South Africa,ZA,ZAF,2019,SE.ADT.1524.LT.ZS,98.4100036621094
South Africa,ZA,ZAF,2018,SE.ADT.1524.LT.ZS,
South Africa,ZA,ZAF,2017,SE.ADT.1524.LT.ZS,
South Africa,ZA,ZAF,2016,SE.ADT.1524.LT.ZS,96.7099990844727
South Africa,ZA,ZAF,2015,SE.ADT.1524.LT.ZS,98.9599990844727
South Africa,ZA,ZAF,2014,SE.ADT.1524.LT.ZS,98.879997253418
South Africa,ZA,ZAF,2013,SE.ADT.1524.LT.ZS,
South Africa,ZA,ZAF,2012,SE.ADT.1524.LT.ZS,98.879997253418
South Africa,ZA,ZAF,2011,SE.ADT.1524.LT.ZS,98.7900009155273
South Africa,ZA,ZAF,2010,SE.ADT.1524.LT.ZS,98.6399993896484
Argentina,AR,ARG,2023,SE.SEC.ENRR,105.574584297051
Argentina,AR,ARG,2022,SE.SEC.ENRR,114.14811706543
Argentina,AR,ARG,2021,SE.SEC.ENRR,115.735778808594
Argentina,AR,ARG,2020,SE.SEC.ENRR,112.376731872559
Argentina,AR,ARG,2019,SE.SEC.ENRR,110.460151672363
Argentina,AR,ARG,2018,SE.SEC.ENRR,109.671241760254
Argentina,AR,ARG,2017,SE.SEC.ENRR,110.377799987793
Argentina,AR,ARG,2016,SE.SEC.ENRR,109.598327636719
Argentina,AR,ARG,2015,SE.SEC.ENRR,107.504867553711
Argentina,AR,ARG,2014,SE.SEC.ENRR,106.038902282715
Argentina,AR,ARG,2013,SE.SEC.ENRR,104.540863037109
Argentina,AR,ARG,2012,SE.SEC.ENRR,102.709991455078
Argentina,AR,ARG,2011,SE.SEC.ENRR,100.884559631348
Argentina,AR,ARG,2010,SE.SEC.ENRR,99.0709991455078
Brazil,BR,BRA,2023,SE.SEC.ENRR,
Brazil,BR,BRA,2022,SE.SEC.ENRR,105.702369689941
Brazil,BR,BRA,2021,SE.SEC.ENRR,106.298461914062
Brazil,BR,BRA,2020,SE.SEC.ENRR,103.882659912109
Brazil,BR,BRA,2019,SE.SEC.ENRR,103.667556762695
Brazil,BR,BRA,2018,SE.SEC.ENRR,104.818481445312
Brazil,BR,BRA,2017,SE.SEC.ENRR,102.989486694336
Brazil,BR,BRA,2016,SE.SEC.ENRR,102.692901611328
Brazil,BR,BRA,2015,SE.SEC.ENRR,101.086227416992
Brazil,BR,BRA,2014,SE.SEC.ENRR,102.780311584473
Brazil,BR,BRA,2013,SE.SEC.ENRR,104.086219787598
Brazil,BR,BRA,2012,SE.SEC.ENRR,94.5829467773438
Brazil,BR,BRA,2011,SE.SEC.ENRR,
Brazil,BR,BRA,2010,SE.SEC.ENRR,
Canada,CA,CAN,2023,SE.SEC.ENRR,104.320877075195
Canada,CA,CAN,2022,SE.SEC.ENRR,107.467987060547
Canada,CA,CAN,2021,SE.SEC.ENRR,108.337341308594
Canada,CA,CAN,2020,SE.SEC.ENRR,109.628059387207
Canada,CA,CAN,2019,SE.SEC.ENRR,110.980072021484
Canada,CA,CAN,2018,SE.SEC.ENRR,111.833679199219
Canada,CA,CAN,2017,SE.SEC.ENRR,111.974517822266
Canada,CA,CAN,2016,SE.SEC.ENRR,111.607330322266
Canada,CA,CAN,2015,SE.SEC.ENRR,111.737281799316
Canada,CA,CAN,2014,SE.SEC.ENRR,111.68155670166
Canada,CA,CAN,2013,SE.SEC.ENRR,111.407608032227
Canada,CA,CAN,2012,SE.SEC.ENRR,110.873832702637
Canada,CA,CAN,2011,SE.SEC.ENRR,102.823951721191
Canada,CA,CAN,2010,SE.SEC.ENRR,102.510261535645
China,CN,CHN,2023,SE.SEC.ENRR,
China,CN,CHN,2022,SE.SEC.ENRR,
China,CN,CHN,2021,SE.SEC.ENRR,
China,CN,CHN,2020,SE.SEC.ENRR,
China,CN,CHN,2019,SE.SEC.ENRR,
China,CN,CHN,2018,SE.SEC.ENRR,
China,CN,CHN,2017,SE.SEC.ENRR,
China,CN,CHN,2016,SE.SEC.ENRR,
China,CN,CHN,2015,SE.SEC.ENRR,
China,CN,CHN,2014,SE.SEC.ENRR,
China,CN,CHN,2013,SE.SEC.ENRR,
China,CN,CHN,2012,SE.SEC.ENRR,92.2603063015232
China,CN,CHN,2011,SE.SEC.ENRR,92.0329425203903
China,CN,CHN,2010,SE.SEC.ENRR,90.7829173331445
Germany,DE,DEU,2023,SE.SEC.ENRR,100.603057861328
Germany,DE,DEU,2022,SE.SEC.ENRR,100.81729888916
Germany,DE,DEU,2021,SE.SEC.ENRR,101.203536987305
Germany,DE,DEU,2020,SE.SEC.ENRR,101.307800292969
Germany,DE,DEU,2019,SE.SEC.ENRR,101.152557373047
Germany,DE,DEU,2018,SE.SEC.ENRR,100.837303161621
Germany,DE,DEU,2017,SE.SEC.ENRR,101.095642089844
Germany,DE,DEU,2016,SE.SEC.ENRR,100.852310180664
Germany,DE,DEU,2015,SE.SEC.ENRR,102.192413330078
Germany,DE,DEU,2014,SE.SEC.ENRR,103.303871154785
Germany,DE,DEU,2013,SE.SEC.ENRR,103.935333251953
Germany,DE,DEU,2012,SE.SEC.ENRR,104.442237854004
Germany,DE,DEU,2011,SE.SEC.ENRR,105.34651184082
Germany,DE,DEU,2010,SE.SEC.ENRR,104.891357421875
Spain,ES,ESP,2023,SE.SEC.ENRR,118.361709594727
Spain,ES,ESP,2022,SE.SEC.ENRR,119.646171569824
Spain,ES,ESP,2021,SE.SEC.ENRR,120.135841369629
Spain,ES,ESP,2020,SE.SEC.ENRR,118.338188171387
Spain,ES,ESP,2019,SE.SEC.ENRR,119.379127502441
Spain,ES,ESP,2018,SE.SEC.ENRR,120.109077453613
Spain,ES,ESP,2017,SE.SEC.ENRR,121.1416015625
Spain,ES,ESP,2016,SE.SEC.ENRR,123.736541748047
Spain,ES,ESP,2015,SE.SEC.ENRR,125.170799255371
Spain,ES,ESP,2014,SE.SEC.ENRR,125.537757873535
Spain,ES,ESP,2013,SE.SEC.ENRR,126.814498901367
Spain,ES,ESP,2012,SE.SEC.ENRR,127.786712646484
Spain,ES,ESP,2011,SE.SEC.ENRR,126.152786254883
Spain,ES,ESP,2010,SE.SEC.ENRR,122.622512817383
France,FR,FRA,2023,SE.SEC.ENRR,103.962417602539
France,FR,FRA,2022,SE.SEC.ENRR,104.316436767578
France,FR,FRA,2021,SE.SEC.ENRR,104.522842407227
France,FR,FRA,2020,SE.SEC.ENRR,104.566566467285
France,FR,FRA,2019,SE.SEC.ENRR,104.07689666748
France,FR,FRA,2018,SE.SEC.ENRR,103.773330688477
France,FR,FRA,2017,SE.SEC.ENRR,103.756080627441
France,FR,FRA,2016,SE.SEC.ENRR,103.308097839355
France,FR,FRA,2015,SE.SEC.ENRR,103.396041870117
France,FR,FRA,2014,SE.SEC.ENRR,103.425827026367
France,FR,FRA,2013,SE.SEC.ENRR,104.376602172852
France,FR,FRA,2012,SE.SEC.ENRR,105.813583374023
France,FR,FRA,2011,SE.SEC.ENRR,106.610641479492
France,FR,FRA,2010,SE.SEC.ENRR,106.424942016602
United Kingdom,GB,GBR,2023,SE.SEC.ENRR,112.120048522949
United Kingdom,GB,GBR,2022,SE.SEC.ENRR,113.202857971191
United Kingdom,GB,GBR,2021,SE.SEC.ENRR,113.719017028809
United Kingdom,GB,GBR,2020,SE.SEC.ENRR,114.617248535156
United Kingdom,GB,GBR,2019,SE.SEC.ENRR,117.156600952148
United Kingdom,GB,GBR,2018,SE.SEC.ENRR,120.088279724121
United Kingdom,GB,GBR,2017,SE.SEC.ENRR,125.62979888916
United Kingdom,GB,GBR,2016,SE.SEC.ENRR,
United Kingdom,GB,GBR,2015,SE.SEC.ENRR,126.110870361328
United Kingdom,GB,GBR,2014,SE.SEC.ENRR,128.822494506836
United Kingdom,GB,GBR,2013,SE.SEC.ENRR,126.064338684082
United Kingdom,GB,GBR,2012,SE.SEC.ENRR,92.5272903442383
United Kingdom,GB,GBR,2011,SE.SEC.ENRR,94.1645202636719
United Kingdom,GB,GBR,2010,SE.SEC.ENRR,103.461151123047
Italy,IT,ITA,2023,SE.SEC.ENRR,100.678756713867
Italy,IT,ITA,2022,SE.SEC.ENRR,101.353858947754
Italy,IT,ITA,2021,SE.SEC.ENRR,101.834869384766
Italy,IT,ITA,2020,SE.SEC.ENRR,101.836128234863
Italy,IT,ITA,2019,SE.SEC.ENRR,101.74178314209
Italy,IT,ITA,2018,SE.SEC.ENRR,101.526412963867
Italy,IT,ITA,2017,SE.SEC.ENRR,101.01001739502
Italy,IT,ITA,2016,SE.SEC.ENRR,100.742958068848
Italy,IT,ITA,2015,SE.SEC.ENRR,101.228088378906
Italy,IT,ITA,2014,SE.SEC.ENRR,101.121726989746
Italy,IT,ITA,2013,SE.SEC.ENRR,100.973121643066
Italy,IT,ITA,2012,SE.SEC.ENRR,100.449836730957
Italy,IT,ITA,2011,SE.SEC.ENRR,101.59642791748
Italy,IT,ITA,2010,SE.SEC.ENRR,101.401161193848
Japan,JP,JPN,2023,SE.SEC.ENRR,101.537071228027
Japan,JP,JPN,2022,SE.SEC.ENRR,101.38200378418
Japan,JP,JPN,2021,SE.SEC.ENRR,101.744400024414
Japan,JP,JPN,2020,SE.SEC.ENRR,101.34056854248
Japan,JP,JPN,2019,SE.SEC.ENRR,100.660270690918
Japan,JP,JPN,2018,SE.SEC.ENRR,100.482200622559
Japan,JP,JPN,2017,SE.SEC.ENRR,100.260749816895
Japan,JP,JPN,2016,SE.SEC.ENRR,101.296928405762
Japan,JP,JPN,2015,SE.SEC.ENRR,101.724517822266
Japan,JP,JPN,2014,SE.SEC.ENRR,101.036422729492
Japan,JP,JPN,2013,SE.SEC.ENRR,101.049438476562
Japan,JP,JPN,2012,SE.SEC.ENRR,
Japan,JP,JPN,2011,SE.SEC.ENRR,
Japan,JP,JPN,2010,SE.SEC.ENRR,
Mexico,MX,MEX,2023,SE.SEC.ENRR,102.055458068848
Mexico,MX,MEX,2022,SE.SEC.ENRR,98.3576583862305
Mexico,MX,MEX,2021,SE.SEC.ENRR,98.3202514648438
Mexico,MX,MEX,2020,SE.SEC.ENRR,102.58154296875
Mexico,MX,MEX,2019,SE.SEC.ENRR,105.515609741211
Mexico,MX,MEX,2018,SE.SEC.ENRR,105.964653015137
Mexico,MX,MEX,2017,SE.SEC.ENRR,105.11018371582
Mexico,MX,MEX,2016,SE.SEC.ENRR,102.871368408203
Mexico,MX,MEX,2015,SE.SEC.ENRR,100.982269287109
Mexico,MX,MEX,2014,SE.SEC.ENRR,97.3196868896484
Mexico,MX,MEX,2013,SE.SEC.ENRR,93.2623062133789
Mexico,MX,MEX,2012,SE.SEC.ENRR,90.6936187744141
Mexico,MX,MEX,2011,SE.SEC.ENRR,88.3800888061523
Mexico,MX,MEX,2010,SE.SEC.ENRR,87.2729263305664
Netherlands,NL,NLD,2023,SE.SEC.ENRR,137.514724731445
Netherlands,NL,NLD,2022,SE.SEC.ENRR,138.767501831055
Netherlands,NL,NLD,2021,SE.SEC.ENRR,135.962173461914
Netherlands,NL,NLD,2020,SE.SEC.ENRR,136.284164428711
Netherlands,NL,NLD,2019,SE.SEC.ENRR,114.804168701172
Netherlands,NL,NLD,2018,SE.SEC.ENRR,114.50032043457
Netherlands,NL,NLD,2017,SE.SEC.ENRR,115.225227355957
Netherlands,NL,NLD,2016,SE.SEC.ENRR,112.994277954102
Netherlands,NL,NLD,2015,SE.SEC.ENRR,114.137916564941
Netherlands,NL,NLD,2014,SE.SEC.ENRR,
Netherlands,NL,NLD,2013,SE.SEC.ENRR,
Netherlands,NL,NLD,2012,SE.SEC.ENRR,111.448249816895
Netherlands,NL,NLD,2011,SE.SEC.ENRR,129.868103027344
Netherlands,NL,NLD,2010,SE.SEC.ENRR,124.569526672363
Poland,PL,POL,2023,SE.SEC.ENRR,108.386131286621
Poland,PL,POL,2022,SE.SEC.ENRR,108.48217010498
Poland,PL,POL,2021,SE.SEC.ENRR,110.52970123291
Poland,PL,POL,2020,SE.SEC.ENRR,112.576263427734
Poland,PL,POL,2019,SE.SEC.ENRR,109.753303527832
Poland,PL,POL,2018,SE.SEC.ENRR,110.541938781738
Poland,PL,POL,2017,SE.SEC.ENRR,109.45922088623
Poland,PL,POL,2016,SE.SEC.ENRR,109.117248535156
Poland,PL,POL,2015,SE.SEC.ENRR,109.41478729248
Poland,PL,POL,2014,SE.SEC.ENRR,110.031021118164
Poland,PL,POL,2013,SE.SEC.ENRR,111.516960144043
Poland,PL,POL,2012,SE.SEC.ENRR,100.56485748291
Poland,PL,POL,2011,SE.SEC.ENRR,100.617851257324
Poland,PL,POL,2010,SE.SEC.ENRR,100.207778930664
Sweden,SE,SWE,2023,SE.SEC.ENRR,134.244293212891
Sweden,SE,SWE,2022,SE.SEC.ENRR,139.406524658203
Sweden,SE,SWE,2021,SE.SEC.ENRR,138.688186645508
Sweden,SE,SWE,2020,SE.SEC.ENRR,136.426132202148
Sweden,SE,SWE,2019,SE.SEC.ENRR,136.641006469727
Sweden,SE,SWE,2018,SE.SEC.ENRR,140.821746826172
Sweden,SE,SWE,2017,SE.SEC.ENRR,142.641586303711
Sweden,SE,SWE,2016,SE.SEC.ENRR,137.561157226562
Sweden,SE,SWE,2015,SE.SEC.ENRR,137.462966918945
Sweden,SE,SWE,2014,SE.SEC.ENRR,133.660247802734
Sweden,SE,SWE,2013,SE.SEC.ENRR,132.713500976562
Sweden,SE,SWE,2012,SE.SEC.ENRR,103.106872558594
Sweden,SE,SWE,2011,SE.SEC.ENRR,102.14037322998
Sweden,SE,SWE,2010,SE.SEC.ENRR,102.25106048584
United States,US,USA,2023,SE.SEC.ENRR,
United States,US,USA,2022,SE.SEC.ENRR,97.4734878540039
United States,US,USA,2021,SE.SEC.ENRR,101.192489624023
United States,US,USA,2020,SE.SEC.ENRR,100.509819030762
United States,US,USA,2019,SE.SEC.ENRR,100.063430786133
United States,US,USA,2018,SE.SEC.ENRR,99.2755813598633
United States,US,USA,2017,SE.SEC.ENRR,98.9523391723633
United States,US,USA,2016,SE.SEC.ENRR,98.7699279785156
United States,US,USA,2015,SE.SEC.ENRR,97.6525497436523
United States,US,USA,2014,SE.SEC.ENRR,96.9245376586914
United States,US,USA,2013,SE.SEC.ENRR,96.1864929199219
United States,US,USA,2012,SE.SEC.ENRR,
United States,US,USA,2011,SE.SEC.ENRR,
United States,US,USA,2010,SE.SEC.ENRR,
Australia,AU,AUS,2023,SE.SEC.ENRR,134.099243164062
Australia,AU,AUS,2022,SE.SEC.ENRR,133.277267456055
Australia,AU,AUS,2021,SE.SEC.ENRR,135.526565551758
Australia,AU,AUS,2020,SE.SEC.ENRR,137.490737915039
Australia,AU,AUS,2019,SE.SEC.ENRR,144.056564331055
Australia,AU,AUS,2018,SE.SEC.ENRR,136.105545043945
Australia,AU,AUS,2017,SE.SEC.ENRR,153.576126098633
Australia,AU,AUS,2016,SE.SEC.ENRR,155.594390869141
Australia,AU,AUS,2015,SE.SEC.ENRR,159.110763549805
Australia,AU,AUS,2014,SE.SEC.ENRR,
Australia,AU,AUS,2013,SE.SEC.ENRR,
Australia,AU,AUS,2012,SE.SEC.ENRR,
Australia,AU,AUS,2011,SE.SEC.ENRR,
Australia,AU,AUS,2010,SE.SEC.ENRR,
Chile,CL,CHL,2023,SE.SEC.ENRR,105.83097076416
Chile,CL,CHL,2022,SE.SEC.ENRR,106.068328857422
Chile,CL,CHL,2021,SE.SEC.ENRR,106.673522949219
Chile,CL,CHL,2020,SE.SEC.ENRR,103.691688537598
Chile,CL,CHL,2019,SE.SEC.ENRR,104.405769348145
Chile,CL,CHL,2018,SE.SEC.ENRR,103.173049926758
Chile,CL,CHL,2017,SE.SEC.ENRR,102.294822692871
Chile,CL,CHL,2016,SE.SEC.ENRR,101.488136291504
Chile,CL,CHL,2015,SE.SEC.ENRR,100.921676635742
Chile,CL,CHL,2014,SE.SEC.ENRR,99.8654403686523
Chile,CL,CHL,2013,SE.SEC.ENRR,99.1520767211914
Chile,CL,CHL,2012,SE.SEC.ENRR,89.5031433105469
Chile,CL,CHL,2011,SE.SEC.ENRR,90.9826202392578
Chile,CL,CHL,2010,SE.SEC.ENRR,90.99951171875
Colombia,CO,COL,2023,SE.SEC.ENRR,
Colombia,CO,COL,2022,SE.SEC.ENRR,101.573776245117
Colombia,CO,COL,2021,SE.SEC.ENRR,102.987998962402
Colombia,CO,COL,2020,SE.SEC.ENRR,101.499450683594
Colombia,CO,COL,2019,SE.SEC.ENRR,101.989349365234
Colombia,CO,COL,2018,SE.SEC.ENRR,100.373336791992
Colombia,CO,COL,2017,SE.SEC.ENRR,99.2193298339844
Colombia,CO,COL,2016,SE.SEC.ENRR,98.4156265258789
Colombia,CO,COL,2015,SE.SEC.ENRR,97.6741180419922
Colombia,CO,COL,2014,SE.SEC.ENRR,97.3632888793945
Colombia,CO,COL,2013,SE.SEC.ENRR,98.1015014648438
Colombia,CO,COL,2012,SE.SEC.ENRR,97.2326889038086
Colombia,CO,COL,2011,SE.SEC.ENRR,101.20581817627
Colombia,CO,COL,2010,SE.SEC.ENRR,99.9543685913086
"Egypt, Arab Rep.",EG,EGY,2023,SE.SEC.ENRR,84.474862198776
"Egypt, Arab Rep.",EG,EGY,2022,SE.SEC.ENRR,
"Egypt, Arab Rep.",EG,EGY,2021,SE.SEC.ENRR,81.8833487066739
"Egypt, Arab Rep.",EG,EGY,2020,SE.SEC.ENRR,79.6544750074231
"Egypt, Arab Rep.",EG,EGY,2019,SE.SEC.ENRR,77.9093978841525
"Egypt, Arab Rep.",EG,EGY,2018,SE.SEC.ENRR,76.9816189396849
"Egypt, Arab Rep.",EG,EGY,2017,SE.SEC.ENRR,76.4337653082262
"Egypt, Arab Rep.",EG,EGY,2016,SE.SEC.ENRR,75.7524086692863
"Egypt, Arab Rep.",EG,EGY,2015,SE.SEC.ENRR,
"Egypt, Arab Rep.",EG,EGY,2014,SE.SEC.ENRR,73.3723421134374
"Egypt, Arab Rep.",EG,EGY,2013,SE.SEC.ENRR,73.8954466194364
"Egypt, Arab Rep.",EG,EGY,2012,SE.SEC.ENRR,73.0182495117188
"Egypt, Arab Rep.",EG,EGY,2011,SE.SEC.ENRR,72.5487594604492
"Egypt, Arab Rep.",EG,EGY,2010,SE.SEC.ENRR,64.7296371459961
Indonesia,ID,IDN,2023,SE.SEC.ENRR,96.0002120295081
Indonesia,ID,IDN,2022,SE.SEC.ENRR,97.8167602714893
Indonesia,ID,IDN,2021,SE.SEC.ENRR,97.8441479813619
Indonesia,ID,IDN,2020,SE.SEC.ENRR,96.9345779132931
Indonesia,ID,IDN,2019,SE.SEC.ENRR,94.9467044891028
Indonesia,ID,IDN,2018,SE.SEC.ENRR,92.8120739600443
Indonesia,ID,IDN,2017,SE.SEC.ENRR,90.9455391241064
Indonesia,ID,IDN,2016,SE.SEC.ENRR,87.8191791728036
Indonesia,ID,IDN,2015,SE.SEC.ENRR,87.8423207929976
Indonesia,ID,IDN,2014,SE.SEC.ENRR,83.5559949258569
Indonesia,ID,IDN,2013,SE.SEC.ENRR,81.8896974781343
Indonesia,ID,IDN,2012,SE.SEC.ENRR,80.0926818847656
Indonesia,ID,IDN,2011,SE.SEC.ENRR,78.1330718994141
Indonesia,ID,IDN,2010,SE.SEC.ENRR,75.6519088745117
India,IN,IND,2023,SE.SEC.ENRR,78.8639591218839
India,IN,IND,2022,SE.SEC.ENRR,81.1778608399708
India,IN,IND,2021,SE.SEC.ENRR,80.6246396728944
India,IN,IND,2020,SE.SEC.ENRR,77.6271548412386
India,IN,IND,2019,SE.SEC.ENRR,75.8716506958008
India,IN,IND,2018,SE.SEC.ENRR,76.0025787353516
India,IN,IND,2017,SE.SEC.ENRR,74.6743774414062
India,IN,IND,2016,SE.SEC.ENRR,75.9372863769531
India,IN,IND,2015,SE.SEC.ENRR,74.6113662719727
India,IN,IND,2014,SE.SEC.ENRR,74.8887023925781
India,IN,IND,2013,SE.SEC.ENRR,69.4771270751953
India,IN,IND,2012,SE.SEC.ENRR,69.8089599609375
India,IN,IND,2011,SE.SEC.ENRR,67.1251678466797
India,IN,IND,2010,SE.SEC.ENRR,64.9475936889648
"Korea, Rep.",KR,KOR,2023,SE.SEC.ENRR,96.2983932495117
"Korea, Rep.",KR,KOR,2022,SE.SEC.ENRR,97.8181304931641
"Korea, Rep.",KR,KOR,2021,SE.SEC.ENRR,98.0692291259766
"Korea, Rep.",KR,KOR,2020,SE.SEC.ENRR,97.0888214111328
"Korea, Rep.",KR,KOR,2019,SE.SEC.ENRR,98.3813018798828
"Korea, Rep.",KR,KOR,2018,SE.SEC.ENRR,99.3186569213867
"Korea, Rep.",KR,KOR,2017,SE.SEC.ENRR,99.105583190918
"Korea, Rep.",KR,KOR,2016,SE.SEC.ENRR,98.7179565429688
"Korea, Rep.",KR,KOR,2015,SE.SEC.ENRR,98.5931930541992
"Korea, Rep.",KR,KOR,2014,SE.SEC.ENRR,98.5806732177734
"Korea, Rep.",KR,KOR,2013,SE.SEC.ENRR,97.8287506103516
"Korea, Rep.",KR,KOR,2012,SE.SEC.ENRR,97.3674163818359
"Korea, Rep.",KR,KOR,2011,SE.SEC.ENRR,97.5294189453125
"Korea, Rep.",KR,KOR,2010,SE.SEC.ENRR,97.2930603027344
Nigeria,NG,NGA,2023,SE.SEC.ENRR,46.8931503295898
Nigeria,NG,NGA,2022,SE.SEC.ENRR,
Nigeria,NG,NGA,2021,SE.SEC.ENRR,45.444938659668
Nigeria,NG,NGA,2020,SE.SEC.ENRR,44.1220893859863
Nigeria,NG,NGA,2019,SE.SEC.ENRR,
Nigeria,NG,NGA,2018,SE.SEC.ENRR,40.4885292053223
Nigeria,NG,NGA,2017,SE.SEC.ENRR,
Nigeria,NG,NGA,2016,SE.SEC.ENRR,39.3068084716797
Nigeria,NG,NGA,2015,SE.SEC.ENRR,43.8246917724609
Nigeria,NG,NGA,2014,SE.SEC.ENRR,42.7821502685547
Nigeria,NG,NGA,2013,SE.SEC.ENRR,52.7967300415039
Nigeria,NG,NGA,2012,SE.SEC.ENRR,44.4557914733887
Nigeria,NG,NGA,2011,SE.SEC.ENRR,43.0239906311035
Nigeria,NG,NGA,2010,SE.SEC.ENRR,41.7837982177734
Russian Federation,RU,RUS,2023,SE.SEC.ENRR,92.4840470838527
Russian Federation,RU,RUS,2022,SE.SEC.ENRR,92.7729443625069
Russian Federation,RU,RUS,2021,SE.SEC.ENRR,92.171155276901
Russian Federation,RU,RUS,2020,SE.SEC.ENRR,91.5812884026933
Russian Federation,RU,RUS,2019,SE.SEC.ENRR,100.471744682473
Russian Federation,RU,RUS,2018,SE.SEC.ENRR,99.1831046517789
Russian Federation,RU,RUS,2017,SE.SEC.ENRR,97.5206298303399
Russian Federation,RU,RUS,2016,SE.SEC.ENRR,95.8434944997854
Russian Federation,RU,RUS,2015,SE.SEC.ENRR,96.3292563031308
Russian Federation,RU,RUS,2014,SE.SEC.ENRR,95.6056322692131
Russian Federation,RU,RUS,2013,SE.SEC.ENRR,95.9993761959632
Russian Federation,RU,RUS,2012,SE.SEC.ENRR,95.5384826756866
Russian Federation,RU,RUS,2011,SE.SEC.ENRR,94.5758904929741
Russian Federation,RU,RUS,2010,SE.SEC.ENRR,
Saudi Arabia,SA,SAU,2023,SE.SEC.ENRR,
Saudi Arabia,SA,SAU,2022,SE.SEC.ENRR,122.158039993668
Saudi Arabia,SA,SAU,2021,SE.SEC.ENRR,104.280975297041
Saudi Arabia,SA,SAU,2020,SE.SEC.ENRR,104.411027399625
Saudi Arabia,SA,SAU,2019,SE.SEC.ENRR,104.048257824894
Saudi Arabia,SA,SAU,2018,SE.SEC.ENRR,106.376211565111
Saudi Arabia,SA,SAU,2017,SE.SEC.ENRR,106.244903966787
Saudi Arabia,SA,SAU,2016,SE.SEC.ENRR,105.491550199825
Saudi Arabia,SA,SAU,2015,SE.SEC.ENRR,102.979200639837
Saudi Arabia,SA,SAU,2014,SE.SEC.ENRR,98.8496091524944
Saudi Arabia,SA,SAU,2013,SE.SEC.ENRR,93.0168905157466
Saudi Arabia,SA,SAU,2012,SE.SEC.ENRR,
Saudi Arabia,SA,SAU,2011,SE.SEC.ENRR,
Saudi Arabia,SA,SAU,2010,SE.SEC.ENRR,
Singapore,SG,SGP,2023,SE.SEC.ENRR,103.082801906213
Singapore,SG,SGP,2022,SE.SEC.ENRR,103.009804103267
Singapore,SG,SGP,2021,SE.SEC.ENRR,102.951274385922
Singapore,SG,SGP,2020,SE.SEC.ENRR,103.115839213946
Singapore,SG,SGP,2019,SE.SEC.ENRR,104.621987875083
Singapore,SG,SGP,2018,SE.SEC.ENRR,105.745250914262
Singapore,SG,SGP,2017,SE.SEC.ENRR,107.472873863465
Singapore,SG,SGP,2016,SE.SEC.ENRR,107.745868589242
Singapore,SG,SGP,2015,SE.SEC.ENRR,
Singapore,SG,SGP,2014,SE.SEC.ENRR,
Singapore,SG,SGP,2013,SE.SEC.ENRR,
Singapore,SG,SGP,2012,SE.SEC.ENRR,
Singapore,SG,SGP,2011,SE.SEC.ENRR,
Singapore,SG,SGP,2010,SE.SEC.ENRR,
Turkiye,TR,TUR,2023,SE.SEC.ENRR,118.411979675293
Turkiye,TR,TUR,2022,SE.SEC.ENRR,116.040176391602
Turkiye,TR,TUR,2021,SE.SEC.ENRR,114.147331237793
Turkiye,TR,TUR,2020,SE.SEC.ENRR,112.527458190918
Turkiye,TR,TUR,2019,SE.SEC.ENRR,111.910400390625
Turkiye,TR,TUR,2018,SE.SEC.ENRR,112.115409851074
Turkiye,TR,TUR,2017,SE.SEC.ENRR,112.977333068848
Turkiye,TR,TUR,2016,SE.SEC.ENRR,108.547561645508
Turkiye,TR,TUR,2015,SE.SEC.ENRR,107.243186950684
Turkiye,TR,TUR,2014,SE.SEC.ENRR,105.97550201416
Turkiye,TR,TUR,2013,SE.SEC.ENRR,102.209701538086
Turkiye,TR,TUR,2012,SE.SEC.ENRR,85.0204315185547
Turkiye,TR,TUR,2011,SE.SEC.ENRR,87.80322265625
Turkiye,TR,TUR,2010,SE.SEC.ENRR,84.2024002075195
Viet Nam,VN,VNM,2023,SE.SEC.ENRR,
Viet Nam,VN,VNM,2022,SE.SEC.ENRR,93.4123434096522
Viet Nam,VN,VNM,2021,SE.SEC.ENRR,92.7690209240401
Viet Nam,VN,VNM,2020,SE.SEC.ENRR,93.1921389514105
Viet Nam,VN,VNM,2019,SE.SEC.ENRR,94.654621676317
Viet Nam,VN,VNM,2018,SE.SEC.ENRR,92.8377710790826
Viet Nam,VN,VNM,2017,SE.SEC.ENRR,91.0725198149335
Viet Nam,VN,VNM,2016,SE.SEC.ENRR,90.1583347107672
Viet Nam,VN,VNM,2015,SE.SEC.ENRR,89.4548341262217
Viet Nam,VN,VNM,2014,SE.SEC.ENRR,
Viet Nam,VN,VNM,2013,SE.SEC.ENRR,
Viet Nam,VN,VNM,2012,SE.SEC.ENRR,
Viet Nam,VN,VNM,2011,SE.SEC.ENRR,
Viet Nam,VN,VNM,2010,SE.SEC.ENRR,
South Africa,ZA,ZAF,2023,SE.SEC.ENRR,104.133480684239
South Africa,ZA,ZAF,2022,SE.SEC.ENRR,104.535066506498
South Africa,ZA,ZAF,2021,SE.SEC.ENRR,106.443303990911
South Africa,ZA,ZAF,2020,SE.SEC.ENRR,103.501178102472
South Africa,ZA,ZAF,2019,SE.SEC.ENRR,103.78912033531
South Africa,ZA,ZAF,2018,SE.SEC.ENRR,101.399612936693
South Africa,ZA,ZAF,2017,SE.SEC.ENRR,105.623168945312
South Africa,ZA,ZAF,2016,SE.SEC.ENRR,103.855987548828
South Africa,ZA,ZAF,2015,SE.SEC.ENRR,104.622812990742
South Africa,ZA,ZAF,2014,SE.SEC.ENRR,101.163200378418
South Africa,ZA,ZAF,2013,SE.SEC.ENRR,
South Africa,ZA,ZAF,2012,SE.SEC.ENRR,92.1625137329102
South Africa,ZA,ZAF,2011,SE.SEC.ENRR,88.9442291259766
South Africa,ZA,ZAF,2010,SE.SEC.ENRR,86.5922045596808
Argentina,AR,ARG,2023,NY.GDP.PCAP.CD,14261.8465667948
Argentina,AR,ARG,2022,NY.GDP.PCAP.CD,13962.1894087223
Argentina,AR,ARG,2021,NY.GDP.PCAP.CD,10738.0179223384
Argentina,AR,ARG,2020,NY.GDP.PCAP.CD,8535.59938004389
Argentina,AR,ARG,2019,NY.GDP.PCAP.CD,9955.97478680428
Argentina,AR,ARG,2018,NY.GDP.PCAP.CD,11752.7998922979
Argentina,AR,ARG,2017,NY.GDP.PCAP.CD,14532.5009308511
Argentina,AR,ARG,2016,NY.GDP.PCAP.CD,12699.9623137756
Argentina,AR,ARG,2015,NY.GDP.PCAP.CD,13679.6264980954
Argentina,AR,ARG,2014,NY.GDP.PCAP.CD,12233.1444119186
Argentina,AR,ARG,2013,NY.GDP.PCAP.CD,12963.675773326
Argentina,AR,ARG,2012,NY.GDP.PCAP.CD,12949.717486654
Argentina,AR,ARG,2011,NY.GDP.PCAP.CD,12704.2831819684
Argentina,AR,ARG,2010,NY.GDP.PCAP.CD,10260.1313108254
Brazil,BR,BRA,2023,NY.GDP.PCAP.CD,10377.5892792557
Brazil,BR,BRA,2022,NY.GDP.PCAP.CD,9281.33334441234
Brazil,BR,BRA,2021,NY.GDP.PCAP.CD,7972.5366498646
Brazil,BR,BRA,2020,NY.GDP.PCAP.CD,7074.19378337644
Brazil,BR,BRA,2019,NY.GDP.PCAP.CD,9029.83326681073
Brazil,BR,BRA,2018,NY.GDP.PCAP.CD,9300.66164923219
Brazil,BR,BRA,2017,NY.GDP.PCAP.CD,10080.5092819305
Brazil,BR,BRA,2016,NY.GDP.PCAP.CD,8836.28652735657
Brazil,BR,BRA,2015,NY.GDP.PCAP.CD,8936.19661712113
Brazil,BR,BRA,2014,NY.GDP.PCAP.CD,12274.9939689363
Brazil,BR,BRA,2013,NY.GDP.PCAP.CD,12458.8912138813
Brazil,BR,BRA,2012,NY.GDP.PCAP.CD,12521.7213519966
Brazil,BR,BRA,2011,NY.GDP.PCAP.CD,13396.6243562986
Brazil,BR,BRA,2010,NY.GDP.PCAP.CD,11403.2821278747
Canada,CA,CAN,2023,NY.GDP.PCAP.CD,54847.5370112652
Canada,CA,CAN,2022,NY.GDP.PCAP.CD,56496.9275340663
Canada,CA,CAN,2021,NY.GDP.PCAP.CD,52886.6407813788
Canada,CA,CAN,2020,NY.GDP.PCAP.CD,43537.8981198851
Canada,CA,CAN,2019,NY.GDP.PCAP.CD,46352.9695208927
Canada,CA,CAN,2018,NY.GDP.PCAP.CD,46539.2177903178
Canada,CA,CAN,2017,NY.GDP.PCAP.CD,45129.7335281051
Canada,CA,CAN,2016,NY.GDP.PCAP.CD,42314.1033623905
Canada,CA,CAN,2015,NY.GDP.PCAP.CD,43594.2379080706
Canada,CA,CAN,2014,NY.GDP.PCAP.CD,50960.8942086685
Canada,CA,CAN,2013,NY.GDP.PCAP.CD,52637.7313222622
Canada,CA,CAN,2012,NY.GDP.PCAP.CD,52670.1429540952
Canada,CA,CAN,2011,NY.GDP.PCAP.CD,52224.1237767406
Canada,CA,CAN,2010,NY.GDP.PCAP.CD,47560.8378831258
China,CN,CHN,2023,NY.GDP.PCAP.CD,12951.1782397043
China,CN,CHN,2022,NY.GDP.PCAP.CD,12970.6056414327
China,CN,CHN,2021,NY.GDP.PCAP.CD,12887.4357242941
China,CN,CHN,2020,NY.GDP.PCAP.CD,10627.4637989619
China,CN,CHN,2019,NY.GDP.PCAP.CD,10342.9009524335
China,CN,CHN,2018,NY.GDP.PCAP.CD,10085.6638148819
China,CN,CHN,2017,NY.GDP.PCAP.CD,8979.67652709856
China,CN,CHN,2016,NY.GDP.PCAP.CD,8254.86859320357
China,CN,CHN,2015,NY.GDP.PCAP.CD,8175.33285077393
China,CN,CHN,2014,NY.GDP.PCAP.CD,7781.06597484974
China,CN,CHN,2013,NY.GDP.PCAP.CD,7147.03518622344
China,CN,CHN,2012,NY.GDP.PCAP.CD,6405.0574241349
China,CN,CHN,2011,NY.GDP.PCAP.CD,5703.76027973346
China,CN,CHN,2010,NY.GDP.PCAP.CD,4629.24551710077
Germany,DE,DEU,2023,NY.GDP.PCAP.CD,54776.7668235491
Germany,DE,DEU,2022,NY.GDP.PCAP.CD,50506.5179638543
Germany,DE,DEU,2021,NY.GDP.PCAP.CD,52349.2459994422
Germany,DE,DEU,2020,NY.GDP.PCAP.CD,47394.8734504469
Germany,DE,DEU,2019,NY.GDP.PCAP.CD,47656.199739747
Germany,DE,DEU,2018,NY.GDP.PCAP.CD,48916.1686612154
Germany,DE,DEU,2017,NY.GDP.PCAP.CD,45553.9341495339
Germany,DE,DEU,2016,NY.GDP.PCAP.CD,42948.9381932694
Germany,DE,DEU,2015,NY.GDP.PCAP.CD,41929.7549110722
Germany,DE,DEU,2014,NY.GDP.PCAP.CD,48959.5991203133
Germany,DE,DEU,2013,NY.GDP.PCAP.CD,47206.8353514242
Germany,DE,DEU,2012,NY.GDP.PCAP.CD,44718.0159214069
Germany,DE,DEU,2011,NY.GDP.PCAP.CD,47630.9761883572
Germany,DE,DEU,2010,NY.GDP.PCAP.CD,42396.9665976293
Spain,ES,ESP,2023,NY.GDP.PCAP.CD,33493.2225409111
Spain,ES,ESP,2022,NY.GDP.PCAP.CD,30319.4987196616
Spain,ES,ESP,2021,NY.GDP.PCAP.CD,30799.4775937775
Spain,ES,ESP,2020,NY.GDP.PCAP.CD,27233.9426461608
Spain,ES,ESP,2019,NY.GDP.PCAP.CD,29786.5245689007
Spain,ES,ESP,2018,NY.GDP.PCAP.CD,30602.4212881113
Spain,ES,ESP,2017,NY.GDP.PCAP.CD,28381.3425596906
Spain,ES,ESP,2016,NY.GDP.PCAP.CD,26755.6061149398
Spain,ES,ESP,2015,NY.GDP.PCAP.CD,25982.4416197775
Spain,ES,ESP,2014,NY.GDP.PCAP.CD,29707.765509467
Spain,ES,ESP,2013,NY.GDP.PCAP.CD,29228.846559842
Spain,ES,ESP,2012,NY.GDP.PCAP.CD,28456.4438151477
Spain,ES,ESP,2011,NY.GDP.PCAP.CD,31824.6219134777
Spain,ES,ESP,2010,NY.GDP.PCAP.CD,30658.7422282912
France,FR,FRA,2023,NY.GDP.PCAP.CD,44700.1384177544
France,FR,FRA,2022,NY.GDP.PCAP.CD,40988.6396406579
France,FR,FRA,2021,NY.GDP.PCAP.CD,43725.0999521245
France,FR,FRA,2020,NY.GDP.PCAP.CD,39169.8606000707
France,FR,FRA,2019,NY.GDP.PCAP.CD,40408.2848574751
France,FR,FRA,2018,NY.GDP.PCAP.CD,41418.1766484844
France,FR,FRA,2017,NY.GDP.PCAP.CD,38687.1626407164
France,FR,FRA,2016,NY.GDP.PCAP.CD,37024.2157133669
France,FR,FRA,2015,NY.GDP.PCAP.CD,36702.4323733379
France,FR,FRA,2014,NY.GDP.PCAP.CD,43148.0459288416
France,FR,FRA,2013,NY.GDP.PCAP.CD,42669.1795111893
France,FR,FRA,2012,NY.GDP.PCAP.CD,40863.5814412333
France,FR,FRA,2011,NY.GDP.PCAP.CD,43929.7840873812
France,FR,FRA,2010,NY.GDP.PCAP.CD,40694.8211697025
United Kingdom,GB,GBR,2023,NY.GDP.PCAP.CD,49919.6896621586
United Kingdom,GB,GBR,2022,NY.GDP.PCAP.CD,47034.7795621476
United Kingdom,GB,GBR,2021,NY.GDP.PCAP.CD,47695.6491523474
United Kingdom,GB,GBR,2020,NY.GDP.PCAP.CD,40815.1255364787
United Kingdom,GB,GBR,2019,NY.GDP.PCAP.CD,43160.6843971799
United Kingdom,GB,GBR,2018,NY.GDP.PCAP.CD,43704.3162296687
United Kingdom,GB,GBR,2017,NY.GDP.PCAP.CD,40918.0520870944
United Kingdom,GB,GBR,2016,NY.GDP.PCAP.CD,41258.5374285695
United Kingdom,GB,GBR,2015,NY.GDP.PCAP.CD,45256.040227057
United Kingdom,GB,GBR,2014,NY.GDP.PCAP.CD,47746.9810645521
United Kingdom,GB,GBR,2013,NY.GDP.PCAP.CD,43607.6636827371
United Kingdom,GB,GBR,2012,NY.GDP.PCAP.CD,42688.3263728372
United Kingdom,GB,GBR,2011,NY.GDP.PCAP.CD,42295.9273835322
United Kingdom,GB,GBR,2010,NY.GDP.PCAP.CD,39778.3220528565
Italy,IT,ITA,2023,NY.GDP.PCAP.CD,39279.699782164
Italy,IT,ITA,2022,NY.GDP.PCAP.CD,35653.9042103495
Italy,IT,ITA,2021,NY.GDP.PCAP.CD,36852.5425414951
Italy,IT,ITA,2020,NY.GDP.PCAP.CD,32091.4866621366
Italy,IT,ITA,2019,NY.GDP.PCAP.CD,33812.788724868
Italy,IT,ITA,2018,NY.GDP.PCAP.CD,35062.3364176949
Italy,IT,ITA,2017,NY.GDP.PCAP.CD,32844.115660604
Italy,IT,ITA,2016,NY.GDP.PCAP.CD,31391.5692898108
Italy,IT,ITA,2015,NY.GDP.PCAP.CD,30639.8829751432
Italy,IT,ITA,2014,NY.GDP.PCAP.CD,36028.3494022349
Italy,IT,ITA,2013,NY.GDP.PCAP.CD,35701.6746002376
Italy,IT,ITA,2012,NY.GDP.PCAP.CD,34854.3949441965
Italy,IT,ITA,2011,NY.GDP.PCAP.CD,38432.3742820019
Italy,IT,ITA,2010,NY.GDP.PCAP.CD,35856.8625485539
Japan,JP,JPN,2023,NY.GDP.PCAP.CD,35215.003535366
Japan,JP,JPN,2022,NY.GDP.PCAP.CD,35548.2645222433
Japan,JP,JPN,2021,NY.GDP.PCAP.CD,41580.739040705
Japan,JP,JPN,2020,NY.GDP.PCAP.CD,41098.9739004553
Japan,JP,JPN,2019,NY.GDP.PCAP.CD,41424.8655601543
Japan,JP,JPN,2018,NY.GDP.PCAP.CD,40645.478086519
Japan,JP,JPN,2017,NY.GDP.PCAP.CD,39679.8635262948
Japan,JP,JPN,2016,NY.GDP.PCAP.CD,40214.9688631562
Japan,JP,JPN,2015,NY.GDP.PCAP.CD,35664.6446110613
Japan,JP,JPN,2014,NY.GDP.PCAP.CD,39172.8471161948
Japan,JP,JPN,2013,NY.GDP.PCAP.CD,41369.1948479498
Japan,JP,JPN,2012,NY.GDP.PCAP.CD,49626.6830327571
Japan,JP,JPN,2011,NY.GDP.PCAP.CD,49122.077634247
Japan,JP,JPN,2010,NY.GDP.PCAP.CD,45378.1378109399
Mexico,MX,MEX,2023,NY.GDP.PCAP.CD,13830.843848864
Mexico,MX,MEX,2022,NY.GDP.PCAP.CD,11405.7940469896
Mexico,MX,MEX,2021,NY.GDP.PCAP.CD,10314.0506733708
Mexico,MX,MEX,2020,NY.GDP.PCAP.CD,8841.27074929751
Mexico,MX,MEX,2019,NY.GDP.PCAP.CD,10369.5553593527
Mexico,MX,MEX,2018,NY.GDP.PCAP.CD,10084.7937570364
Mexico,MX,MEX,2017,NY.GDP.PCAP.CD,9649.27816729586
Mexico,MX,MEX,2016,NY.GDP.PCAP.CD,9097.92397674769
Mexico,MX,MEX,2015,NY.GDP.PCAP.CD,10021.2386113616
Mexico,MX,MEX,2014,NY.GDP.PCAP.CD,11391.3773503964
Mexico,MX,MEX,2013,NY.GDP.PCAP.CD,11216.800851866
Mexico,MX,MEX,2012,NY.GDP.PCAP.CD,10744.1335236186
Mexico,MX,MEX,2011,NY.GDP.PCAP.CD,10664.4944032313
Mexico,MX,MEX,2010,NY.GDP.PCAP.CD,9728.80078307432
Netherlands,NL,NLD,2023,NY.GDP.PCAP.CD,63515.6030780019
Netherlands,NL,NLD,2022,NY.GDP.PCAP.CD,59123.318556487
Netherlands,NL,NLD,2021,NY.GDP.PCAP.CD,60141.9880911492
Netherlands,NL,NLD,2020,NY.GDP.PCAP.CD,53467.9277413737
Netherlands,NL,NLD,2019,NY.GDP.PCAP.CD,53554.9007491475
Netherlands,NL,NLD,2018,NY.GDP.PCAP.CD,53955.0770024266
Netherlands,NL,NLD,2017,NY.GDP.PCAP.CD,49513.6817346384
Netherlands,NL,NLD,2016,NY.GDP.PCAP.CD,46808.5291492503
Netherlands,NL,NLD,2015,NY.GDP.PCAP.CD,45793.8135434697
Netherlands,NL,NLD,2014,NY.GDP.PCAP.CD,53457.2234864322
Netherlands,NL,NLD,2013,NY.GDP.PCAP.CD,52602.2860520766
Netherlands,NL,NLD,2012,NY.GDP.PCAP.CD,50473.9442002689
Netherlands,NL,NLD,2011,NY.GDP.PCAP.CD,54701.7728030611
Netherlands,NL,NLD,2010,NY.GDP.PCAP.CD,51305.7338533973
Poland,PL,POL,2023,NY.GDP.PCAP.CD,22145.2660647429
Poland,PL,POL,2022,NY.GDP.PCAP.CD,18891.2121169279
Poland,PL,POL,2021,NY.GDP.PCAP.CD,18635.5104895754
Poland,PL,POL,2020,NY.GDP.PCAP.CD,16150.9304813473
Poland,PL,POL,2019,NY.GDP.PCAP.CD,15874.5220531254
Poland,PL,POL,2018,NY.GDP.PCAP.CD,15658.210586693
Poland,PL,POL,2017,NY.GDP.PCAP.CD,13913.3415190124
Poland,PL,POL,2016,NY.GDP.PCAP.CD,12464.0121044827
Poland,PL,POL,2015,NY.GDP.PCAP.CD,12637.5220324406
Poland,PL,POL,2014,NY.GDP.PCAP.CD,14262.2841914116
Poland,PL,POL,2013,NY.GDP.PCAP.CD,13621.9023794031
Poland,PL,POL,2012,NY.GDP.PCAP.CD,13087.420943321
Poland,PL,POL,2011,NY.GDP.PCAP.CD,13867.6669408192
Poland,PL,POL,2010,NY.GDP.PCAP.CD,12567.7317676382
Sweden,SE,SWE,2023,NY.GDP.PCAP.CD,54950.2834725622
Sweden,SE,SWE,2022,NY.GDP.PCAP.CD,54836.8907235124
Sweden,SE,SWE,2021,NY.GDP.PCAP.CD,60647.5416365347
Sweden,SE,SWE,2020,NY.GDP.PCAP.CD,52568.5726980146
Sweden,SE,SWE,2019,NY.GDP.PCAP.CD,51648.9892820514
Sweden,SE,SWE,2018,NY.GDP.PCAP.CD,54018.4554391861
Sweden,SE,SWE,2017,NY.GDP.PCAP.CD,53210.2233318965
Sweden,SE,SWE,2016,NY.GDP.PCAP.CD,51703.5088332851
Sweden,SE,SWE,2015,NY.GDP.PCAP.CD,51188.1652120493
Sweden,SE,SWE,2014,NY.GDP.PCAP.CD,59583.4584491714
Sweden,SE,SWE,2013,NY.GDP.PCAP.CD,60843.9888799369
Sweden,SE,SWE,2012,NY.GDP.PCAP.CD,57749.5615420853
Sweden,SE,SWE,2011,NY.GDP.PCAP.CD,60379.4814599322
Sweden,SE,SWE,2010,NY.GDP.PCAP.CD,52542.5759090299
United States,US,USA,2023,NY.GDP.PCAP.CD,82586.7847707894
United States,US,USA,2022,NY.GDP.PCAP.CD,78008.6895811877
United States,US,USA,2021,NY.GDP.PCAP.CD,71441.2319805947
United States,US,USA,2020,NY.GDP.PCAP.CD,64465.2971415748
United States,US,USA,2019,NY.GDP.PCAP.CD,65227.9565911038
United States,US,USA,2018,NY.GDP.PCAP.CD,62875.6661382728
United States,US,USA,2017,NY.GDP.PCAP.CD,60047.7190728307
United States,US,USA,2016,NY.GDP.PCAP.CD,57976.628204291
United States,US,USA,2015,NY.GDP.PCAP.CD,56849.4697923159
United States,US,USA,2014,NY.GDP.PCAP.CD,55153.3940182967
United States,US,USA,2013,NY.GDP.PCAP.CD,53297.3862901595
United States,US,USA,2012,NY.GDP.PCAP.CD,51708.3940614082
United States,US,USA,2011,NY.GDP.PCAP.CD,50024.8812320773
United States,US,USA,2010,NY.GDP.PCAP.CD,48642.6312088213
Australia,AU,AUS,2023,NY.GDP.PCAP.CD,65058.3773146674
Australia,AU,AUS,2022,NY.GDP.PCAP.CD,65169.5191118657
Australia,AU,AUS,2021,NY.GDP.PCAP.CD,60758.9044397144
Australia,AU,AUS,2020,NY.GDP.PCAP.CD,51983.4523666382
Australia,AU,AUS,2019,NY.GDP.PCAP.CD,55194.7585097428
Australia,AU,AUS,2018,NY.GDP.PCAP.CD,57410.1737346009
Australia,AU,AUS,2017,NY.GDP.PCAP.CD,54117.547718609
Australia,AU,AUS,2016,NY.GDP.PCAP.CD,50084.4440606385
Australia,AU,AUS,2015,NY.GDP.PCAP.CD,56970.3613028094
Australia,AU,AUS,2014,NY.GDP.PCAP.CD,62817.2061751737
Australia,AU,AUS,2013,NY.GDP.PCAP.CD,68476.6788496118
Australia,AU,AUS,2012,NY.GDP.PCAP.CD,68301.4402512587
Australia,AU,AUS,2011,NY.GDP.PCAP.CD,62799.3895017032
Australia,AU,AUS,2010,NY.GDP.PCAP.CD,52313.8939041213
Chile,CL,CHL,2023,NY.GDP.PCAP.CD,17081.5180740049
Chile,CL,CHL,2022,NY.GDP.PCAP.CD,15399.1044717559
Chile,CL,CHL,2021,NY.GDP.PCAP.CD,16216.1840860289
Chile,CL,CHL,2020,NY.GDP.PCAP.CD,13117.9930230086
Chile,CL,CHL,2019,NY.GDP.PCAP.CD,14496.9345640362
Chile,CL,CHL,2018,NY.GDP.PCAP.CD,15659.4808675628
Chile,CL,CHL,2017,NY.GDP.PCAP.CD,14879.9086227187
Chile,CL,CHL,2016,NY.GDP.PCAP.CD,13649.8520452803
Chile,CL,CHL,2015,NY.GDP.PCAP.CD,13433.9202987032
Chile,CL,CHL,2014,NY.GDP.PCAP.CD,14529.6767206336
Chile,CL,CHL,2013,NY.GDP.PCAP.CD,15683.5486369155
Chile,CL,CHL,2012,NY.GDP.PCAP.CD,15241.9069981119
Chile,CL,CHL,2011,NY.GDP.PCAP.CD,14487.3927832032
Chile,CL,CHL,2010,NY.GDP.PCAP.CD,12632.8704724192
Colombia,CO,COL,2023,NY.GDP.PCAP.CD,7012.49169137756
Colombia,CO,COL,2022,NY.GDP.PCAP.CD,6680.44506854481
Colombia,CO,COL,2021,NY.GDP.PCAP.CD,6222.62164397614
Colombia,CO,COL,2020,NY.GDP.PCAP.CD,5339.68711357943
Colombia,CO,COL,2019,NY.GDP.PCAP.CD,6472.54544924705
Colombia,CO,COL,2018,NY.GDP.PCAP.CD,6816.96818309544
Colombia,CO,COL,2017,NY.GDP.PCAP.CD,6479.53231292429
Colombia,CO,COL,2016,NY.GDP.PCAP.CD,5959.84250367574
Colombia,CO,COL,2015,NY.GDP.PCAP.CD,6248.51490534512
Colombia,CO,COL,2014,NY.GDP.PCAP.CD,8187.20824890084
Colombia,CO,COL,2013,NY.GDP.PCAP.CD,8279.10255642981
Colombia,CO,COL,2012,NY.GDP.PCAP.CD,8108.59838244229
Colombia,CO,COL,2011,NY.GDP.PCAP.CD,7400.9940695669
Colombia,CO,COL,2010,NY.GDP.PCAP.CD,6398.2958447102
"Egypt, Arab Rep.",EG,EGY,2023,NY.GDP.PCAP.CD,3456.78965212363
"Egypt, Arab Rep.",EG,EGY,2022,NY.GDP.PCAP.CD,4233.30783744856
"Egypt, Arab Rep.",EG,EGY,2021,NY.GDP.PCAP.CD,3827.35415374308
"Egypt, Arab Rep.",EG,EGY,2020,NY.GDP.PCAP.CD,3511.11381026379
"Egypt, Arab Rep.",EG,EGY,2019,NY.GDP.PCAP.CD,2962.98892023003
"Egypt, Arab Rep.",EG,EGY,2018,NY.GDP.PCAP.CD,2484.70315630508
"Egypt, Arab Rep.",EG,EGY,2017,NY.GDP.PCAP.CD,2395.10333299491
"Egypt, Arab Rep.",EG,EGY,2016,NY.GDP.PCAP.CD,3270.6287768197
"Egypt, Arab Rep.",EG,EGY,2015,NY.GDP.PCAP.CD,3306.98159414141
"Egypt, Arab Rep.",EG,EGY,2014,NY.GDP.PCAP.CD,3133.39102265541
"Egypt, Arab Rep.",EG,EGY,2013,NY.GDP.PCAP.CD,3025.52563552448
"Egypt, Arab Rep.",EG,EGY,2012,NY.GDP.PCAP.CD,2996.0677072015
"Egypt, Arab Rep.",EG,EGY,2011,NY.GDP.PCAP.CD,2590.64384891965
"Egypt, Arab Rep.",EG,EGY,2010,NY.GDP.PCAP.CD,2455.08194645282
Indonesia,ID,IDN,2023,NY.GDP.PCAP.CD,4876.2992959843
Indonesia,ID,IDN,2022,NY.GDP.PCAP.CD,4730.83484836107
Indonesia,ID,IDN,2021,NY.GDP.PCAP.CD,4287.17313995098
Indonesia,ID,IDN,2020,NY.GDP.PCAP.CD,3853.70288774146
Indonesia,ID,IDN,2019,NY.GDP.PCAP.CD,4106.94856160358
Indonesia,ID,IDN,2018,NY.GDP.PCAP.CD,3860.95353090726
Indonesia,ID,IDN,2017,NY.GDP.PCAP.CD,3798.88326174526
Indonesia,ID,IDN,2016,NY.GDP.PCAP.CD,3521.46943457574
Indonesia,ID,IDN,2015,NY.GDP.PCAP.CD,3288.22269725538
Indonesia,ID,IDN,2014,NY.GDP.PCAP.CD,3441.06808464008
Indonesia,ID,IDN,2013,NY.GDP.PCAP.CD,3566.60284506078
Indonesia,ID,IDN,2012,NY.GDP.PCAP.CD,3632.27254030331
Indonesia,ID,IDN,2011,NY.GDP.PCAP.CD,3579.46442466152
Indonesia,ID,IDN,2010,NY.GDP.PCAP.CD,3065.68348377765
India,IN,IND,2023,NY.GDP.PCAP.CD,2434.44826340989
India,IN,IND,2022,NY.GDP.PCAP.CD,2279.98145719369
India,IN,IND,2021,NY.GDP.PCAP.CD,2239.61384367482
India,IN,IND,2020,NY.GDP.PCAP.CD,1907.04251637669
India,IN,IND,2019,NY.GDP.PCAP.CD,2041.42863698585
India,IN,IND,2018,NY.GDP.PCAP.CD,1966.25455171679
India,IN,IND,2017,NY.GDP.PCAP.CD,1950.10468280866
India,IN,IND,2016,NY.GDP.PCAP.CD,1707.50892912243
India,IN,IND,2015,NY.GDP.PCAP.CD,1583.99815907985
India,IN,IND,2014,NY.GDP.PCAP.CD,1553.88396075118
India,IN,IND,2013,NY.GDP.PCAP.CD,1432.84397512195
India,IN,IND,2012,NY.GDP.PCAP.CD,1429.32199520032
India,IN,IND,2011,NY.GDP.PCAP.CD,1445.46127486037
India,IN,IND,2010,NY.GDP.PCAP.CD,1347.51939071367
"Korea, Rep.",KR,KOR,2023,NY.GDP.PCAP.CD,35674.095995632
"Korea, Rep.",KR,KOR,2022,NY.GDP.PCAP.CD,34822.4048404971
"Korea, Rep.",KR,KOR,2021,NY.GDP.PCAP.CD,37518.4635305697
"Korea, Rep.",KR,KOR,2020,NY.GDP.PCAP.CD,33645.7719545073
"Korea, Rep.",KR,KOR,2019,NY.GDP.PCAP.CD,33826.9443301597
"Korea, Rep.",KR,KOR,2018,NY.GDP.PCAP.CD,35363.9508228687
"Korea, Rep.",KR,KOR,2017,NY.GDP.PCAP.CD,33296.9845439195
"Korea, Rep.",KR,KOR,2016,NY.GDP.PCAP.CD,30832.0628072516
"Korea, Rep.",KR,KOR,2015,NY.GDP.PCAP.CD,30171.7906545222
"Korea, Rep.",KR,KOR,2014,NY.GDP.PCAP.CD,30667.0912467447
"Korea, Rep.",KR,KOR,2013,NY.GDP.PCAP.CD,28449.3591104972
"Korea, Rep.",KR,KOR,2012,NY.GDP.PCAP.CD,26600.5477433903
"Korea, Rep.",KR,KOR,2011,NY.GDP.PCAP.CD,26175.2398553363
"Korea, Rep.",KR,KOR,2010,NY.GDP.PCAP.CD,24071.2620526362
Nigeria,NG,NGA,2023,NY.GDP.PCAP.CD,2138.76383718757
Nigeria,NG,NGA,2022,NY.GDP.PCAP.CD,2899.16047469267
Nigeria,NG,NGA,2021,NY.GDP.PCAP.CD,2787.48779220991
Nigeria,NG,NGA,2020,NY.GDP.PCAP.CD,2797.184580679
Nigeria,NG,NGA,2019,NY.GDP.PCAP.CD,3189.81286496183
Nigeria,NG,NGA,2018,NY.GDP.PCAP.CD,2057.87944554011
Nigeria,NG,NGA,2017,NY.GDP.PCAP.CD,1876.34027111773
Nigeria,NG,NGA,2016,NY.GDP.PCAP.CD,2070.4127339595
Nigeria,NG,NGA,2015,NY.GDP.PCAP.CD,2585.73360671797
Nigeria,NG,NGA,2014,NY.GDP.PCAP.CD,3088.72131316169
Nigeria,NG,NGA,2013,NY.GDP.PCAP.CD,2872.79083379398
Nigeria,NG,NGA,2012,NY.GDP.PCAP.CD,2633.19734671361
Nigeria,NG,NGA,2011,NY.GDP.PCAP.CD,2418.41316975875
Nigeria,NG,NGA,2010,NY.GDP.PCAP.CD,2202.25672957344
Russian Federation,RU,RUS,2023,NY.GDP.PCAP.CD,13986.9951171875
Russian Federation,RU,RUS,2022,NY.GDP.PCAP.CD,15625.6328125
Russian Federation,RU,RUS,2021,NY.GDP.PCAP.CD,12425.029296875
Russian Federation,RU,RUS,2020,NY.GDP.PCAP.CD,10108.3271484375
Russian Federation,RU,RUS,2019,NY.GDP.PCAP.CD,11447.701171875
Russian Federation,RU,RUS,2018,NY.GDP.PCAP.CD,11211.8876953125
Russian Federation,RU,RUS,2017,NY.GDP.PCAP.CD,10658.9130859375
Russian Federation,RU,RUS,2016,NY.GDP.PCAP.CD,8663.158203125
Russian Federation,RU,RUS,2015,NY.GDP.PCAP.CD,9277.7138671875
Russian Federation,RU,RUS,2014,NY.GDP.PCAP.CD,14055.47265625
Russian Federation,RU,RUS,2013,NY.GDP.PCAP.CD,15941.4482421875
Russian Federation,RU,RUS,2012,NY.GDP.PCAP.CD,15401.8515625
Russian Federation,RU,RUS,2011,NY.GDP.PCAP.CD,14305.33203125
Russian Federation,RU,RUS,2010,NY.GDP.PCAP.CD,10674.990234375
Saudi Arabia,SA,SAU,2023,NY.GDP.PCAP.CD,36156.8562500172
Saudi Arabia,SA,SAU,2022,NY.GDP.PCAP.CD,38510.2276211037
Saudi Arabia,SA,SAU,2021,NY.GDP.PCAP.CD,31920.7653655643
Saudi Arabia,SA,SAU,2020,NY.GDP.PCAP.CD,24338.8307301067
Saudi Arabia,SA,SAU,2019,NY.GDP.PCAP.CD,29566.7933827436
Saudi Arabia,SA,SAU,2018,NY.GDP.PCAP.CD,29360.0658968566
Saudi Arabia,SA,SAU,2017,NY.GDP.PCAP.CD,23929.2907135982
Saudi Arabia,SA,SAU,2016,NY.GDP.PCAP.CD,22267.7217050387
Saudi Arabia,SA,SAU,2015,NY.GDP.PCAP.CD,23256.1549553531
Saudi Arabia,SA,SAU,2014,NY.GDP.PCAP.CD,27805.4850319422
Saudi Arabia,SA,SAU,2013,NY.GDP.PCAP.CD,27865.465604962
Saudi Arabia,SA,SAU,2012,NY.GDP.PCAP.CD,28733.4375513452
Saudi Arabia,SA,SAU,2011,NY.GDP.PCAP.CD,27126.7498747702
Saudi Arabia,SA,SAU,2010,NY.GDP.PCAP.CD,22028.3901426586
Singapore,SG,SGP,2023,NY.GDP.PCAP.CD,86382.5900499252
Singapore,SG,SGP,2022,NY.GDP.PCAP.CD,91227.6970426492
Singapore,SG,SGP,2021,NY.GDP.PCAP.CD,80884.8565369236
Singapore,SG,SGP,2020,NY.GDP.PCAP.CD,61772.5036492256
Singapore,SG,SGP,2019,NY.GDP.PCAP.CD,66068.7003106378
Singapore,SG,SGP,2018,NY.GDP.PCAP.CD,67032.8225769734
Singapore,SG,SGP,2017,NY.GDP.PCAP.CD,61436.1325502558
Singapore,SG,SGP,2016,NY.GDP.PCAP.CD,57204.0340105222
Singapore,SG,SGP,2015,NY.GDP.PCAP.CD,55645.6068614606
Singapore,SG,SGP,2014,NY.GDP.PCAP.CD,57564.8023114977
Singapore,SG,SGP,2013,NY.GDP.PCAP.CD,56967.4257940383
Singapore,SG,SGP,2012,NY.GDP.PCAP.CD,55547.5553077786
Singapore,SG,SGP,2011,NY.GDP.PCAP.CD,53891.4570264372
Singapore,SG,SGP,2010,NY.GDP.PCAP.CD,47236.683084953
Turkiye,TR,TUR,2023,NY.GDP.PCAP.CD,13375.0947282864
Turkiye,TR,TUR,2022,NY.GDP.PCAP.CD,10897.8397861365
Turkiye,TR,TUR,2021,NY.GDP.PCAP.CD,9981.76398411336
Turkiye,TR,TUR,2020,NY.GDP.PCAP.CD,8798.11791709313
Turkiye,TR,TUR,2019,NY.GDP.PCAP.CD,9395.23378001368
Turkiye,TR,TUR,2018,NY.GDP.PCAP.CD,9684.11819884721
Turkiye,TR,TUR,2017,NY.GDP.PCAP.CD,10756.3877677883
Turkiye,TR,TUR,2016,NY.GDP.PCAP.CD,10984.3643169061
Turkiye,TR,TUR,2015,NY.GDP.PCAP.CD,11064.6494504662
Turkiye,TR,TUR,2014,NY.GDP.PCAP.CD,12209.3862327674
Turkiye,TR,TUR,2013,NY.GDP.PCAP.CD,12635.5570016068
Turkiye,TR,TUR,2012,NY.GDP.PCAP.CD,11776.7593362033
Turkiye,TR,TUR,2011,NY.GDP.PCAP.CD,11373.6355760885
Turkiye,TR,TUR,2010,NY.GDP.PCAP.CD,10698.9699409757
Viet Nam,VN,VNM,2023,NY.GDP.PCAP.CD,4322.82572261566
Viet Nam,VN,VNM,2022,NY.GDP.PCAP.CD,4147.69777213621
Viet Nam,VN,VNM,2021,NY.GDP.PCAP.CD,3704.1935590038
Viet Nam,VN,VNM,2020,NY.GDP.PCAP.CD,3534.03953482647
Viet Nam,VN,VNM,2019,NY.GDP.PCAP.CD,3440.90025375434
Viet Nam,VN,VNM,2018,NY.GDP.PCAP.CD,3222.31003125366
Viet Nam,VN,VNM,2017,NY.GDP.PCAP.CD,2956.10992127753
Viet Nam,VN,VNM,2016,NY.GDP.PCAP.CD,2735.0604380416
Viet Nam,VN,VNM,2015,NY.GDP.PCAP.CD,2577.56885340113
Viet Nam,VN,VNM,2014,NY.GDP.PCAP.CD,2546.38464459903
Viet Nam,VN,VNM,2013,NY.GDP.PCAP.CD,2359.51736472828
Viet Nam,VN,VNM,2012,NY.GDP.PCAP.CD,2185.11767654291
Viet Nam,VN,VNM,2011,NY.GDP.PCAP.CD,1950.92504174913
Viet Nam,VN,VNM,2010,NY.GDP.PCAP.CD,1683.16182443979
South Africa,ZA,ZAF,2023,NY.GDP.PCAP.CD,6034.27208964673
South Africa,ZA,ZAF,2022,NY.GDP.PCAP.CD,6534.24867783397
South Africa,ZA,ZAF,2021,NY.GDP.PCAP.CD,6828.75624590017
South Africa,ZA,ZAF,2020,NY.GDP.PCAP.CD,5580.60383075189
South Africa,ZA,ZAF,2019,NY.GDP.PCAP.CD,6533.71121032856
South Africa,ZA,ZAF,2018,NY.GDP.PCAP.CD,6914.1780318076
South Africa,ZA,ZAF,2017,NY.GDP.PCAP.CD,6618.33508255701
South Africa,ZA,ZAF,2016,NY.GDP.PCAP.CD,5651.20585165749
South Africa,ZA,ZAF,2015,NY.GDP.PCAP.CD,6112.27382485974
South Africa,ZA,ZAF,2014,NY.GDP.PCAP.CD,6856.73137092522
South Africa,ZA,ZAF,2013,NY.GDP.PCAP.CD,7331.65467384919
South Africa,ZA,ZAF,2012,NY.GDP.PCAP.CD,8076.97678479741
South Africa,ZA,ZAF,2011,NY.GDP.PCAP.CD,8646.05571071635
South Africa,ZA,ZAF,2010,NY.GDP.PCAP.CD,7973.47195771517
